rectangle_id,anchor_id,page_number,x0,y0,x1,y1,x0_normalized,y0_normalized,x1_normalized,y1_normalized,page_width_points,page_height_points,coordinate_origin,coordinate_unit
ANC-CAM-001-01-R01,ANC-CAM-001-01,6,243.0,152.53,538.772,166.716,0.397059,0.192588,0.880346,0.2105,612.0,792.0,top-left,PDF points
ANC-CAM-002-01-R01,ANC-CAM-002-01,6,243.0,179.295,526.901,193.481,0.397059,0.226382,0.86095,0.244295,612.0,792.0,top-left,PDF points
ANC-CAM-003-01-R01,ANC-CAM-003-01,6,243.044,219.602,495.497,233.788,0.397131,0.277275,0.809636,0.295187,612.0,792.0,top-left,PDF points
ANC-CAM-004-01-R01,ANC-CAM-004-01,6,243.044,259.909,528.739,274.095,0.397131,0.328168,0.863953,0.34608,612.0,792.0,top-left,PDF points
ANC-CAM-005-01-R01,ANC-CAM-005-01,6,243.066,313.541,488.042,327.728,0.397167,0.395885,0.797454,0.413797,612.0,792.0,top-left,PDF points
ANC-CAM-005-01-R02,ANC-CAM-005-01,6,243.077,326.977,530.645,341.163,0.397185,0.41285,0.867067,0.430762,612.0,792.0,top-left,PDF points
ANC-CAM-006-01-R01,ANC-CAM-006-01,6,243.077,353.848,524.484,368.035,0.397185,0.446778,0.857,0.46469,612.0,792.0,top-left,PDF points
ANC-CAM-007-01-R01,ANC-CAM-007-01,6,243.077,394.155,517.248,408.342,0.397185,0.497671,0.845176,0.515583,612.0,792.0,top-left,PDF points
ANC-CAM-008-01-R01,ANC-CAM-008-01,6,243.088,434.352,534.509,448.538,0.397203,0.548424,0.873381,0.566336,612.0,792.0,top-left,PDF points
ANC-CAM-009-01-R01,ANC-CAM-009-01,6,243.099,461.223,535.668,475.41,0.397221,0.582352,0.875275,0.600265,612.0,792.0,top-left,PDF points
ANC-CAM-010-01-R01,ANC-CAM-010-01,6,243.0,498.13,515.821,512.316,0.397059,0.628952,0.842845,0.646864,612.0,792.0,top-left,PDF points
ANC-CAM-010-01-R02,ANC-CAM-010-01,6,243.0,511.57,537.202,525.756,0.397059,0.645921,0.87778,0.663833,612.0,792.0,top-left,PDF points
ANC-CAM-010-01-R03,ANC-CAM-010-01,6,243.0,525.01,434.56,539.196,0.397059,0.662891,0.710065,0.680803,612.0,792.0,top-left,PDF points
ANC-CAM-011-01-R01,ANC-CAM-011-01,6,243.0,538.45,470.711,552.636,0.397059,0.679861,0.769136,0.697773,612.0,792.0,top-left,PDF points
ANC-CAM-011-01-R02,ANC-CAM-011-01,6,243.0,551.885,511.848,566.072,0.397059,0.696825,0.836354,0.714737,612.0,792.0,top-left,PDF points
ANC-CAM-012-01-R01,ANC-CAM-012-01,6,243.0,565.33,489.582,579.516,0.397059,0.7138,0.79997,0.731712,612.0,792.0,top-left,PDF points
ANC-CAM-012-01-R02,ANC-CAM-012-01,6,243.0,578.765,491.655,592.952,0.397059,0.730764,0.803358,0.748676,612.0,792.0,top-left,PDF points
ANC-CAM-013-01-R01,ANC-CAM-013-01,6,243.0,600.13,531.779,614.316,0.397059,0.757739,0.868919,0.775652,612.0,792.0,top-left,PDF points
ANC-CAM-014-01-R01,ANC-CAM-014-01,6,243.033,635.049,533.07,649.236,0.397113,0.80183,0.87103,0.819742,612.0,792.0,top-left,PDF points
ANC-CAM-014-01-R02,ANC-CAM-014-01,6,243.033,648.485,345.32,662.671,0.397113,0.818794,0.564248,0.836706,612.0,792.0,top-left,PDF points
ANC-CAM-015-01-R01,ANC-CAM-015-01,7,243.0,127.81,509.833,141.996,0.397059,0.161376,0.833061,0.179288,612.0,792.0,top-left,PDF points
ANC-CAM-015-01-R02,ANC-CAM-015-01,7,243.0,141.25,536.347,155.436,0.397059,0.178345,0.876384,0.196258,612.0,792.0,top-left,PDF points
ANC-CAM-016-01-R01,ANC-CAM-016-01,7,243.12,249.01,526.384,263.196,0.397255,0.314406,0.860104,0.332318,612.0,792.0,top-left,PDF points
ANC-CAM-017-01-R01,ANC-CAM-017-01,7,243.12,275.89,528.826,290.076,0.397255,0.348345,0.864095,0.366258,612.0,792.0,top-left,PDF points
ANC-CAM-017-01-R02,ANC-CAM-017-01,7,243.142,289.325,496.364,303.512,0.397291,0.36531,0.811053,0.383222,612.0,792.0,top-left,PDF points
ANC-CAM-018-01-R01,ANC-CAM-018-01,7,243.12,316.21,529.24,330.396,0.397255,0.399255,0.864772,0.417167,612.0,792.0,top-left,PDF points
ANC-CAM-019-01-R01,ANC-CAM-019-01,7,243.12,356.41,513.782,370.596,0.397255,0.450012,0.839513,0.467924,612.0,792.0,top-left,PDF points
ANC-CAM-020-01-R01,ANC-CAM-020-01,11,227.16,422.765,334.85,436.952,0.371176,0.533795,0.54714,0.551707,612.0,792.0,top-left,PDF points
ANC-CAM-020-01-R02,ANC-CAM-020-01,11,227.155,436.21,353.471,450.396,0.371169,0.55077,0.577566,0.568682,612.0,792.0,top-left,PDF points
ANC-CAM-021-01-R01,ANC-CAM-021-01,7,243.12,441.61,507.622,455.796,0.397255,0.557588,0.829448,0.5755,612.0,792.0,top-left,PDF points
ANC-CAM-021-01-R02,ANC-CAM-021-01,7,243.12,455.05,520.675,469.236,0.397255,0.574558,0.850777,0.59247,612.0,792.0,top-left,PDF points
ANC-CAM-021-01-R03,ANC-CAM-021-01,7,243.12,468.485,536.916,482.672,0.397255,0.591522,0.877314,0.609434,612.0,792.0,top-left,PDF points
ANC-CAM-021-01-R04,ANC-CAM-021-01,7,243.12,481.921,507.517,496.107,0.397255,0.608486,0.829276,0.626398,612.0,792.0,top-left,PDF points
ANC-CAM-022-01-R01,ANC-CAM-022-01,7,243.12,503.29,533.392,517.476,0.397255,0.635467,0.871556,0.653379,612.0,792.0,top-left,PDF points
ANC-CAM-022-01-R02,ANC-CAM-022-01,7,243.12,516.725,510.509,530.912,0.397255,0.652431,0.834165,0.670343,612.0,792.0,top-left,PDF points
ANC-CAM-023-01-R01,ANC-CAM-023-01,7,243.84,651.37,523.234,665.556,0.398431,0.822436,0.854957,0.840349,612.0,792.0,top-left,PDF points
ANC-CAM-024-01-R01,ANC-CAM-024-01,8,241.32,119.29,515.093,133.476,0.394314,0.150618,0.841655,0.16853,612.0,792.0,top-left,PDF points
ANC-CAM-025-01-R01,ANC-CAM-025-01,8,241.32,183.01,486.945,197.196,0.394314,0.231073,0.795662,0.248985,612.0,792.0,top-left,PDF points
ANC-CAM-025-01-R02,ANC-CAM-025-01,8,241.32,196.45,479.077,210.636,0.394314,0.248042,0.782806,0.265955,612.0,792.0,top-left,PDF points
ANC-CAM-026-01-R01,ANC-CAM-026-01,10,227.155,179.518,330.396,193.704,0.371169,0.226664,0.539862,0.244576,612.0,792.0,top-left,PDF points
ANC-CAM-026-01-R02,ANC-CAM-026-01,10,227.155,192.953,343.068,207.14,0.371169,0.243628,0.560568,0.26154,612.0,792.0,top-left,PDF points
ANC-CAM-027-01-R01,ANC-CAM-027-01,10,377.28,71.65,432.615,85.836,0.616471,0.090467,0.706887,0.108379,612.0,792.0,top-left,PDF points
ANC-CAM-027-01-R02,ANC-CAM-027-01,10,77.64,85.57,176.913,99.756,0.126863,0.108042,0.289074,0.125955,612.0,792.0,top-left,PDF points
ANC-CAM-027-01-R03,ANC-CAM-027-01,10,77.64,99.01,146.102,113.196,0.126863,0.125012,0.238729,0.142924,612.0,792.0,top-left,PDF points
ANC-CAM-027-01-R04,ANC-CAM-027-01,10,77.64,112.445,170.607,126.632,0.126863,0.141976,0.278769,0.159888,612.0,792.0,top-left,PDF points
ANC-CAM-027-01-R05,ANC-CAM-027-01,10,77.64,125.881,179.229,140.067,0.126863,0.158941,0.292858,0.176853,612.0,792.0,top-left,PDF points
ANC-CAM-027-01-R06,ANC-CAM-027-01,10,209.16,85.57,212.914,99.756,0.341765,0.108042,0.347898,0.125955,612.0,792.0,top-left,PDF points
ANC-CAM-027-01-R07,ANC-CAM-027-01,10,227.16,85.57,333.774,99.756,0.371176,0.108042,0.545383,0.125955,612.0,792.0,top-left,PDF points
ANC-CAM-027-01-R08,ANC-CAM-027-01,10,227.16,99.01,304.285,113.196,0.371176,0.125012,0.497198,0.142924,612.0,792.0,top-left,PDF points
ANC-CAM-027-01-R09,ANC-CAM-027-01,10,209.16,112.45,212.914,126.636,0.341765,0.141982,0.347898,0.159894,612.0,792.0,top-left,PDF points
ANC-CAM-027-01-R10,ANC-CAM-027-01,10,227.155,112.45,350.929,126.636,0.371169,0.141982,0.573413,0.159894,612.0,792.0,top-left,PDF points
ANC-CAM-027-01-R11,ANC-CAM-027-01,10,227.155,125.885,278.226,140.072,0.371169,0.158946,0.454618,0.176858,612.0,792.0,top-left,PDF points
ANC-CAM-027-01-R12,ANC-CAM-027-01,10,209.16,139.321,212.914,153.507,0.341765,0.17591,0.347898,0.193822,612.0,792.0,top-left,PDF points
ANC-CAM-027-01-R13,ANC-CAM-027-01,10,227.155,139.321,349.021,153.507,0.371169,0.17591,0.570296,0.193822,612.0,792.0,top-left,PDF points
ANC-CAM-027-01-R14,ANC-CAM-027-01,10,227.155,152.757,361.035,166.943,0.371169,0.192874,0.589926,0.210787,612.0,792.0,top-left,PDF points
ANC-CAM-027-01-R15,ANC-CAM-027-01,10,227.155,166.192,322.143,180.379,0.371169,0.209839,0.526378,0.227751,612.0,792.0,top-left,PDF points
ANC-CAM-027-01-R16,ANC-CAM-027-01,10,209.16,179.518,212.914,193.704,0.341765,0.226664,0.347898,0.244576,612.0,792.0,top-left,PDF points
ANC-CAM-027-01-R17,ANC-CAM-027-01,10,227.155,179.518,330.396,193.704,0.371169,0.226664,0.539862,0.244576,612.0,792.0,top-left,PDF points
ANC-CAM-027-01-R18,ANC-CAM-027-01,10,227.155,192.953,343.068,207.14,0.371169,0.243628,0.560568,0.26154,612.0,792.0,top-left,PDF points
ANC-CAM-027-01-R19,ANC-CAM-027-01,10,227.155,206.389,264.065,220.575,0.371169,0.260592,0.431479,0.278504,612.0,792.0,top-left,PDF points
ANC-CAM-027-01-R20,ANC-CAM-027-01,10,209.16,219.825,212.914,234.011,0.341765,0.277556,0.347898,0.295468,612.0,792.0,top-left,PDF points
ANC-CAM-027-01-R21,ANC-CAM-027-01,10,227.155,219.825,356.975,234.011,0.371169,0.277556,0.583292,0.295468,612.0,792.0,top-left,PDF points
ANC-CAM-027-01-R22,ANC-CAM-027-01,10,227.155,233.26,357.315,247.447,0.371169,0.29452,0.583847,0.312433,612.0,792.0,top-left,PDF points
ANC-CAM-027-01-R23,ANC-CAM-027-01,10,227.155,246.696,264.785,260.882,0.371169,0.311485,0.432655,0.329397,612.0,792.0,top-left,PDF points
ANC-CAM-027-01-R24,ANC-CAM-027-01,10,377.28,85.57,381.034,99.756,0.616471,0.108042,0.622604,0.125955,612.0,792.0,top-left,PDF points
ANC-CAM-027-01-R25,ANC-CAM-027-01,10,395.28,85.57,497.47,99.756,0.645882,0.108042,0.81286,0.125955,612.0,792.0,top-left,PDF points
ANC-CAM-027-01-R26,ANC-CAM-027-01,10,395.28,99.01,529.964,113.196,0.645882,0.125012,0.865953,0.142924,612.0,792.0,top-left,PDF points
ANC-CAM-027-01-R27,ANC-CAM-027-01,10,395.28,112.45,427.507,126.636,0.645882,0.141982,0.698541,0.159894,612.0,792.0,top-left,PDF points
ANC-CAM-027-01-R28,ANC-CAM-027-01,10,377.28,125.89,381.034,140.076,0.616471,0.158951,0.622604,0.176864,612.0,792.0,top-left,PDF points
ANC-CAM-027-01-R29,ANC-CAM-027-01,10,395.275,125.89,496.044,140.076,0.645875,0.158951,0.810529,0.176864,612.0,792.0,top-left,PDF points
ANC-CAM-027-01-R30,ANC-CAM-027-01,10,395.28,139.33,520.146,153.516,0.645882,0.175921,0.849911,0.193833,612.0,792.0,top-left,PDF points
ANC-CAM-027-01-R31,ANC-CAM-027-01,10,395.28,152.77,538.165,166.956,0.645882,0.192891,0.879355,0.210803,612.0,792.0,top-left,PDF points
ANC-CAM-027-01-R32,ANC-CAM-027-01,10,395.28,166.21,495.318,180.396,0.645882,0.209861,0.809343,0.227773,612.0,792.0,top-left,PDF points
ANC-CAM-027-01-R33,ANC-CAM-027-01,10,395.28,179.53,483.195,193.716,0.645882,0.226679,0.789534,0.244591,612.0,792.0,top-left,PDF points
ANC-CAM-028-01-R01,ANC-CAM-028-01,10,395.275,125.89,496.044,140.076,0.645875,0.158951,0.810529,0.176864,612.0,792.0,top-left,PDF points
ANC-CAM-028-01-R02,ANC-CAM-028-01,10,395.28,139.33,520.146,153.516,0.645882,0.175921,0.849911,0.193833,612.0,792.0,top-left,PDF points
ANC-CAM-028-01-R03,ANC-CAM-028-01,10,395.28,152.77,538.165,166.956,0.645882,0.192891,0.879355,0.210803,612.0,792.0,top-left,PDF points
ANC-CAM-028-01-R04,ANC-CAM-028-01,10,395.28,166.21,495.318,180.396,0.645882,0.209861,0.809343,0.227773,612.0,792.0,top-left,PDF points
ANC-CAM-028-01-R05,ANC-CAM-028-01,10,395.28,179.53,483.195,193.716,0.645882,0.226679,0.789534,0.244591,612.0,792.0,top-left,PDF points
ANC-CAM-029-01-R01,ANC-CAM-029-01,10,227.155,421.81,330.058,435.996,0.371169,0.532588,0.53931,0.5505,612.0,792.0,top-left,PDF points
ANC-CAM-029-01-R02,ANC-CAM-029-01,10,227.155,435.245,298.856,449.432,0.371169,0.549552,0.488326,0.567464,612.0,792.0,top-left,PDF points
ANC-CAM-029-01-R03,ANC-CAM-029-01,10,227.155,448.681,310.513,462.867,0.371169,0.566516,0.507374,0.584428,612.0,792.0,top-left,PDF points
ANC-CAM-029-01-R04,ANC-CAM-029-01,10,227.16,462.01,357.429,476.196,0.371176,0.583345,0.584035,0.601258,612.0,792.0,top-left,PDF points
ANC-CAM-030-01-R01,ANC-CAM-030-01,10,227.16,273.605,327.268,287.792,0.371176,0.345461,0.534752,0.363373,612.0,792.0,top-left,PDF points
ANC-CAM-030-01-R02,ANC-CAM-030-01,10,227.16,287.041,345.545,301.227,0.371176,0.362425,0.564616,0.380338,612.0,792.0,top-left,PDF points
ANC-CAM-030-01-R03,ANC-CAM-030-01,10,227.16,300.37,302.111,314.556,0.371176,0.379255,0.493645,0.397167,612.0,792.0,top-left,PDF points
ANC-CAM-030-01-R04,ANC-CAM-030-01,10,77.64,314.41,143.806,328.596,0.126863,0.396982,0.234977,0.414894,612.0,792.0,top-left,PDF points
ANC-CAM-030-01-R05,ANC-CAM-030-01,10,77.64,327.73,195.654,341.916,0.126863,0.4138,0.319697,0.431712,612.0,792.0,top-left,PDF points
ANC-CAM-030-01-R06,ANC-CAM-030-01,10,77.64,341.165,169.769,355.352,0.126863,0.430764,0.2774,0.448676,612.0,792.0,top-left,PDF points
ANC-CAM-030-01-R07,ANC-CAM-030-01,10,209.16,314.41,212.914,328.596,0.341765,0.396982,0.347898,0.414894,612.0,792.0,top-left,PDF points
ANC-CAM-030-01-R08,ANC-CAM-030-01,10,227.16,314.41,360.184,328.596,0.371176,0.396982,0.588536,0.414894,612.0,792.0,top-left,PDF points
ANC-CAM-030-01-R09,ANC-CAM-030-01,10,227.16,327.73,349.28,341.916,0.371176,0.4138,0.570719,0.431712,612.0,792.0,top-left,PDF points
ANC-CAM-030-01-R10,ANC-CAM-030-01,10,209.16,341.17,212.914,355.356,0.341765,0.43077,0.347898,0.448682,612.0,792.0,top-left,PDF points
ANC-CAM-030-01-R11,ANC-CAM-030-01,10,227.155,341.17,354.06,355.356,0.371169,0.43077,0.578529,0.448682,612.0,792.0,top-left,PDF points
ANC-CAM-030-01-R12,ANC-CAM-030-01,10,227.155,354.605,355.988,368.792,0.371169,0.447734,0.581679,0.465646,612.0,792.0,top-left,PDF points
ANC-CAM-030-01-R13,ANC-CAM-030-01,10,227.155,368.041,287.828,382.227,0.371169,0.464698,0.470307,0.48261,612.0,792.0,top-left,PDF points
ANC-CAM-030-01-R14,ANC-CAM-030-01,10,209.149,381.477,212.903,395.663,0.341747,0.481662,0.34788,0.499575,612.0,792.0,top-left,PDF points
ANC-CAM-030-01-R15,ANC-CAM-030-01,10,227.144,381.477,337.615,395.663,0.371151,0.481662,0.551658,0.499575,612.0,792.0,top-left,PDF points
ANC-CAM-030-01-R16,ANC-CAM-030-01,10,227.144,394.912,354.188,409.099,0.371151,0.498627,0.578739,0.516539,612.0,792.0,top-left,PDF points
ANC-CAM-030-01-R17,ANC-CAM-030-01,10,227.144,408.348,259.371,422.534,0.371151,0.515591,0.423809,0.533503,612.0,792.0,top-left,PDF points
ANC-CAM-030-01-R18,ANC-CAM-030-01,10,209.16,421.81,212.914,435.996,0.341765,0.532588,0.347898,0.5505,612.0,792.0,top-left,PDF points
ANC-CAM-030-01-R19,ANC-CAM-030-01,10,227.155,421.81,330.058,435.996,0.371169,0.532588,0.53931,0.5505,612.0,792.0,top-left,PDF points
ANC-CAM-030-01-R20,ANC-CAM-030-01,10,227.155,435.245,298.856,449.432,0.371169,0.549552,0.488326,0.567464,612.0,792.0,top-left,PDF points
ANC-CAM-030-01-R21,ANC-CAM-030-01,10,227.155,448.681,310.513,462.867,0.371169,0.566516,0.507374,0.584428,612.0,792.0,top-left,PDF points
ANC-CAM-030-01-R22,ANC-CAM-030-01,10,227.16,462.01,282.08,476.196,0.371176,0.583345,0.460914,0.601258,612.0,792.0,top-left,PDF points
ANC-CAM-030-01-R23,ANC-CAM-030-01,10,377.28,314.41,381.034,328.596,0.616471,0.396982,0.622604,0.414894,612.0,792.0,top-left,PDF points
ANC-CAM-030-01-R24,ANC-CAM-030-01,10,395.28,314.41,516.193,328.596,0.645882,0.396982,0.843453,0.414894,612.0,792.0,top-left,PDF points
ANC-CAM-030-01-R25,ANC-CAM-030-01,10,395.28,327.73,538.513,341.916,0.645882,0.4138,0.879923,0.431712,612.0,792.0,top-left,PDF points
ANC-CAM-030-01-R26,ANC-CAM-030-01,10,395.28,341.165,427.507,355.352,0.645882,0.430764,0.698541,0.448676,612.0,792.0,top-left,PDF points
ANC-CAM-030-01-R27,ANC-CAM-030-01,10,377.28,354.61,381.034,368.796,0.616471,0.447739,0.622604,0.465652,612.0,792.0,top-left,PDF points
ANC-CAM-030-01-R28,ANC-CAM-030-01,10,395.275,354.61,501.039,368.796,0.645875,0.447739,0.818692,0.465652,612.0,792.0,top-left,PDF points
ANC-CAM-030-01-R29,ANC-CAM-030-01,10,395.275,368.045,517.623,382.232,0.645875,0.464704,0.845789,0.482616,612.0,792.0,top-left,PDF points
ANC-CAM-030-01-R30,ANC-CAM-030-01,10,395.275,381.481,525.31,395.667,0.645875,0.481668,0.858349,0.49958,612.0,792.0,top-left,PDF points
ANC-CAM-030-01-R31,ANC-CAM-030-01,10,395.275,394.917,540.229,409.103,0.645874,0.498632,0.882728,0.516544,612.0,792.0,top-left,PDF points
ANC-CAM-030-01-R32,ANC-CAM-030-01,10,395.286,408.352,428.952,422.539,0.645892,0.515596,0.700901,0.533508,612.0,792.0,top-left,PDF points
ANC-CAM-031-01-R01,ANC-CAM-031-01,10,395.28,314.41,516.193,328.596,0.645882,0.396982,0.843453,0.414894,612.0,792.0,top-left,PDF points
ANC-CAM-031-01-R02,ANC-CAM-031-01,10,395.28,327.73,538.513,341.916,0.645882,0.4138,0.879923,0.431712,612.0,792.0,top-left,PDF points
ANC-CAM-032-01-R01,ANC-CAM-032-01,10,395.275,354.61,501.039,368.796,0.645875,0.447739,0.818692,0.465652,612.0,792.0,top-left,PDF points
ANC-CAM-032-01-R02,ANC-CAM-032-01,10,395.275,368.045,517.623,382.232,0.645875,0.464704,0.845789,0.482616,612.0,792.0,top-left,PDF points
ANC-CAM-032-01-R03,ANC-CAM-032-01,10,395.275,381.481,525.31,395.667,0.645875,0.481668,0.858349,0.49958,612.0,792.0,top-left,PDF points
ANC-CAM-032-01-R04,ANC-CAM-032-01,10,395.275,394.917,540.229,409.103,0.645874,0.498632,0.882728,0.516544,612.0,792.0,top-left,PDF points
ANC-CAM-033-01-R01,ANC-CAM-033-01,10,227.144,529.681,359.213,543.867,0.371151,0.668789,0.58695,0.686701,612.0,792.0,top-left,PDF points
ANC-CAM-033-01-R02,ANC-CAM-033-01,10,227.144,543.117,325.386,557.303,0.371151,0.685753,0.531676,0.703665,612.0,792.0,top-left,PDF points
ANC-CAM-034-01-R01,ANC-CAM-034-01,10,227.155,610.21,308.735,624.396,0.371169,0.770467,0.504469,0.788379,612.0,792.0,top-left,PDF points
ANC-CAM-034-01-R02,ANC-CAM-034-01,10,227.155,623.645,342.658,637.832,0.371169,0.787431,0.559899,0.805343,612.0,792.0,top-left,PDF points
ANC-CAM-034-01-R03,ANC-CAM-034-01,10,227.155,637.081,327.428,651.267,0.371169,0.804395,0.535013,0.822307,612.0,792.0,top-left,PDF points
ANC-CAM-034-01-R04,ANC-CAM-034-01,10,227.155,650.517,362.36,664.703,0.371169,0.821359,0.592091,0.839272,612.0,792.0,top-left,PDF points
ANC-CAM-034-01-R05,ANC-CAM-034-01,10,227.155,663.952,348.189,678.139,0.371169,0.838324,0.568936,0.856236,612.0,792.0,top-left,PDF points
ANC-CAM-035-01-R01,ANC-CAM-035-01,10,395.275,516.25,513.92,530.436,0.645875,0.65183,0.839738,0.669742,612.0,792.0,top-left,PDF points
ANC-CAM-035-01-R02,ANC-CAM-035-01,10,395.275,529.685,532.511,543.872,0.645875,0.668795,0.870116,0.686707,612.0,792.0,top-left,PDF points
ANC-CAM-036-01-R01,ANC-CAM-036-01,10,395.279,637.081,531.137,651.267,0.64588,0.804395,0.867871,0.822307,612.0,792.0,top-left,PDF points
ANC-CAM-036-01-R02,ANC-CAM-036-01,10,395.29,650.517,504.311,664.703,0.645898,0.821359,0.824037,0.839272,612.0,792.0,top-left,PDF points
ANC-CAM-036-01-R03,ANC-CAM-036-01,10,395.29,663.952,543.554,678.139,0.645898,0.838324,0.888161,0.856236,612.0,792.0,top-left,PDF points
ANC-CAM-036-01-R04,ANC-CAM-036-01,10,395.279,677.388,514.513,691.574,0.64588,0.855288,0.840707,0.8732,612.0,792.0,top-left,PDF points
ANC-CAM-037-01-R01,ANC-CAM-037-01,11,227.155,192.958,341.247,207.144,0.371169,0.243633,0.557593,0.261545,612.0,792.0,top-left,PDF points
ANC-CAM-037-01-R02,ANC-CAM-037-01,11,227.155,206.393,332.135,220.58,0.371169,0.260597,0.542704,0.27851,612.0,792.0,top-left,PDF points
ANC-CAM-037-01-R03,ANC-CAM-037-01,11,227.155,219.829,321.184,234.015,0.371169,0.277562,0.52481,0.295474,612.0,792.0,top-left,PDF points
ANC-CAM-038-01-R01,ANC-CAM-038-01,11,227.16,314.89,356.459,329.076,0.371176,0.397588,0.58245,0.4155,612.0,792.0,top-left,PDF points
ANC-CAM-038-01-R02,ANC-CAM-038-01,11,227.16,328.33,350.125,342.516,0.371176,0.414558,0.572099,0.43247,612.0,792.0,top-left,PDF points
ANC-CAM-039-01-R01,ANC-CAM-039-01,11,77.64,368.526,141.77,382.713,0.126863,0.465311,0.231651,0.483223,612.0,792.0,top-left,PDF points
ANC-CAM-039-01-R02,ANC-CAM-039-01,11,77.64,381.97,147.674,396.156,0.126863,0.482285,0.241298,0.500197,612.0,792.0,top-left,PDF points
ANC-CAM-039-01-R03,ANC-CAM-039-01,11,413.28,368.526,468.184,382.713,0.675294,0.465311,0.765007,0.483223,612.0,792.0,top-left,PDF points
ANC-CAM-039-01-R04,ANC-CAM-039-01,11,77.64,395.89,164.023,410.076,0.126863,0.499861,0.268012,0.517773,612.0,792.0,top-left,PDF points
ANC-CAM-039-01-R05,ANC-CAM-039-01,11,77.64,409.33,189.055,423.516,0.126863,0.51683,0.308913,0.534742,612.0,792.0,top-left,PDF points
ANC-CAM-039-01-R06,ANC-CAM-039-01,11,77.64,422.765,194.106,436.952,0.126863,0.533795,0.317167,0.551707,612.0,792.0,top-left,PDF points
ANC-CAM-039-01-R07,ANC-CAM-039-01,11,77.64,436.201,187.17,450.387,0.126863,0.550759,0.305833,0.568671,612.0,792.0,top-left,PDF points
ANC-CAM-039-01-R08,ANC-CAM-039-01,11,77.64,449.637,140.597,463.823,0.126863,0.567723,0.229733,0.585635,612.0,792.0,top-left,PDF points
ANC-CAM-039-01-R09,ANC-CAM-039-01,11,77.64,463.072,192.768,477.259,0.126863,0.584687,0.314981,0.602599,612.0,792.0,top-left,PDF points
ANC-CAM-039-01-R10,ANC-CAM-039-01,11,77.64,476.508,176.823,490.694,0.126863,0.601651,0.288927,0.619564,612.0,792.0,top-left,PDF points
ANC-CAM-039-01-R11,ANC-CAM-039-01,11,209.16,395.89,212.914,410.076,0.341765,0.499861,0.347898,0.517773,612.0,792.0,top-left,PDF points
ANC-CAM-039-01-R12,ANC-CAM-039-01,11,227.16,395.89,359.587,410.076,0.371176,0.499861,0.587561,0.517773,612.0,792.0,top-left,PDF points
ANC-CAM-039-01-R13,ANC-CAM-039-01,11,227.16,409.33,336.167,423.516,0.371176,0.51683,0.549292,0.534742,612.0,792.0,top-left,PDF points
ANC-CAM-039-01-R14,ANC-CAM-039-01,11,227.16,422.765,334.85,436.952,0.371176,0.533795,0.54714,0.551707,612.0,792.0,top-left,PDF points
ANC-CAM-039-01-R15,ANC-CAM-039-01,11,209.16,436.21,212.914,450.396,0.341765,0.55077,0.347898,0.568682,612.0,792.0,top-left,PDF points
ANC-CAM-039-01-R16,ANC-CAM-039-01,11,227.155,436.21,353.471,450.396,0.371169,0.55077,0.577566,0.568682,612.0,792.0,top-left,PDF points
ANC-CAM-039-01-R17,ANC-CAM-039-01,11,227.155,449.645,355.716,463.832,0.371169,0.567734,0.581235,0.585646,612.0,792.0,top-left,PDF points
ANC-CAM-039-01-R18,ANC-CAM-039-01,11,227.155,463.081,267.556,477.267,0.371169,0.584698,0.437183,0.60261,612.0,792.0,top-left,PDF points
ANC-CAM-039-01-R19,ANC-CAM-039-01,11,209.16,476.53,212.914,490.716,0.341765,0.601679,0.347898,0.619591,612.0,792.0,top-left,PDF points
ANC-CAM-039-01-R20,ANC-CAM-039-01,11,227.155,476.53,363.059,490.716,0.371169,0.601679,0.593233,0.619591,612.0,792.0,top-left,PDF points
ANC-CAM-039-01-R21,ANC-CAM-039-01,11,227.155,489.965,351.755,504.152,0.371169,0.618643,0.574763,0.636555,612.0,792.0,top-left,PDF points
ANC-CAM-039-01-R22,ANC-CAM-039-01,11,395.28,395.89,399.034,410.076,0.645882,0.499861,0.652016,0.517773,612.0,792.0,top-left,PDF points
ANC-CAM-039-01-R23,ANC-CAM-039-01,11,413.28,395.89,508.66,410.076,0.675294,0.499861,0.831143,0.517773,612.0,792.0,top-left,PDF points
ANC-CAM-039-01-R24,ANC-CAM-039-01,11,413.28,409.33,493.583,423.516,0.675294,0.51683,0.806508,0.534742,612.0,792.0,top-left,PDF points
ANC-CAM-039-01-R25,ANC-CAM-039-01,11,413.28,422.765,484.259,436.952,0.675294,0.533795,0.791274,0.551707,612.0,792.0,top-left,PDF points
ANC-CAM-039-01-R26,ANC-CAM-039-01,11,413.28,436.201,528.781,450.387,0.675294,0.550759,0.86402,0.568671,612.0,792.0,top-left,PDF points
ANC-CAM-039-01-R27,ANC-CAM-039-01,11,413.28,449.637,524.595,463.823,0.675294,0.567723,0.857182,0.585635,612.0,792.0,top-left,PDF points
ANC-CAM-039-01-R28,ANC-CAM-039-01,11,413.291,463.072,539.962,477.259,0.675312,0.584687,0.88229,0.602599,612.0,792.0,top-left,PDF points
ANC-CAM-039-01-R29,ANC-CAM-039-01,11,413.291,476.508,533.243,490.694,0.675312,0.601651,0.871312,0.619564,612.0,792.0,top-left,PDF points
ANC-CAM-039-01-R30,ANC-CAM-039-01,11,413.291,489.944,499.845,504.13,0.675312,0.618616,0.81674,0.636528,612.0,792.0,top-left,PDF points
ANC-CAM-040-01-R01,ANC-CAM-040-01,11,227.155,436.21,353.471,450.396,0.371169,0.55077,0.577566,0.568682,612.0,792.0,top-left,PDF points
ANC-CAM-040-01-R02,ANC-CAM-040-01,11,227.155,449.645,355.716,463.832,0.371169,0.567734,0.581235,0.585646,612.0,792.0,top-left,PDF points
ANC-CAM-040-01-R03,ANC-CAM-040-01,11,227.155,463.081,267.556,477.267,0.371169,0.584698,0.437183,0.60261,612.0,792.0,top-left,PDF points
ANC-CAM-041-01-R01,ANC-CAM-041-01,11,227.155,476.53,363.059,490.716,0.371169,0.601679,0.593233,0.619591,612.0,792.0,top-left,PDF points
ANC-CAM-041-01-R02,ANC-CAM-041-01,11,227.155,489.965,351.755,504.152,0.371169,0.618643,0.574763,0.636555,612.0,792.0,top-left,PDF points
ANC-CAM-041-01-R03,ANC-CAM-041-01,11,227.155,503.291,332.371,517.477,0.371169,0.635468,0.54309,0.65338,612.0,792.0,top-left,PDF points
ANC-CAM-041-01-R04,ANC-CAM-041-01,11,227.155,516.726,351.944,530.913,0.371169,0.652432,0.575071,0.670344,612.0,792.0,top-left,PDF points
ANC-CAM-042-01-R01,ANC-CAM-042-01,11,413.28,395.89,508.66,410.076,0.675294,0.499861,0.831143,0.517773,612.0,792.0,top-left,PDF points
ANC-CAM-042-01-R02,ANC-CAM-042-01,11,413.28,409.33,493.583,423.516,0.675294,0.51683,0.806508,0.534742,612.0,792.0,top-left,PDF points
ANC-CAM-042-01-R03,ANC-CAM-042-01,11,413.28,422.765,484.259,436.952,0.675294,0.533795,0.791274,0.551707,612.0,792.0,top-left,PDF points
ANC-CAM-042-01-R04,ANC-CAM-042-01,11,413.28,436.201,528.781,450.387,0.675294,0.550759,0.86402,0.568671,612.0,792.0,top-left,PDF points
ANC-CAM-043-01-R01,ANC-CAM-043-01,11,227.16,611.77,336.94,625.956,0.371176,0.772436,0.550555,0.790348,612.0,792.0,top-left,PDF points
ANC-CAM-043-01-R02,ANC-CAM-043-01,11,227.16,625.21,310.844,639.396,0.371176,0.789406,0.507915,0.807318,612.0,792.0,top-left,PDF points
ANC-CAM-043-01-R03,ANC-CAM-043-01,11,227.16,638.645,354.339,652.832,0.371176,0.80637,0.578985,0.824282,612.0,792.0,top-left,PDF points
ANC-CAM-044-01-R01,ANC-CAM-044-01,12,77.64,139.81,188.478,153.996,0.126863,0.176527,0.30797,0.194439,612.0,792.0,top-left,PDF points
ANC-CAM-044-01-R02,ANC-CAM-044-01,12,77.64,153.25,175.73,167.436,0.126863,0.193497,0.287141,0.211409,612.0,792.0,top-left,PDF points
ANC-CAM-044-01-R03,ANC-CAM-044-01,12,77.64,166.685,164.123,180.872,0.126863,0.210461,0.268175,0.228373,612.0,792.0,top-left,PDF points
ANC-CAM-044-01-R04,ANC-CAM-044-01,12,77.64,180.121,118.565,194.307,0.126863,0.227425,0.193734,0.245338,612.0,792.0,top-left,PDF points
ANC-CAM-045-01-R01,ANC-CAM-045-01,12,209.16,139.81,212.914,153.996,0.341765,0.176527,0.347898,0.194439,612.0,792.0,top-left,PDF points
ANC-CAM-045-01-R02,ANC-CAM-045-01,12,227.16,153.25,261.489,167.436,0.371176,0.193497,0.427269,0.211409,612.0,792.0,top-left,PDF points
ANC-CAM-045-01-R03,ANC-CAM-045-01,12,209.16,166.69,212.914,180.876,0.341765,0.210467,0.347898,0.228379,612.0,792.0,top-left,PDF points
ANC-CAM-045-01-R04,ANC-CAM-045-01,12,227.155,180.125,349.136,194.312,0.371169,0.227431,0.570484,0.245343,612.0,792.0,top-left,PDF points
ANC-CAM-046-01-R01,ANC-CAM-046-01,12,77.64,139.81,188.478,153.996,0.126863,0.176527,0.30797,0.194439,612.0,792.0,top-left,PDF points
ANC-CAM-046-01-R02,ANC-CAM-046-01,12,77.64,153.25,175.73,167.436,0.126863,0.193497,0.287141,0.211409,612.0,792.0,top-left,PDF points
ANC-CAM-046-01-R03,ANC-CAM-046-01,12,77.64,166.685,164.123,180.872,0.126863,0.210461,0.268175,0.228373,612.0,792.0,top-left,PDF points
ANC-CAM-046-01-R04,ANC-CAM-046-01,12,77.64,180.121,118.565,194.307,0.126863,0.227425,0.193734,0.245338,612.0,792.0,top-left,PDF points
ANC-CAM-046-01-R05,ANC-CAM-046-01,12,209.16,139.81,212.914,153.996,0.341765,0.176527,0.347898,0.194439,612.0,792.0,top-left,PDF points
ANC-CAM-046-01-R06,ANC-CAM-046-01,12,227.16,139.81,362.873,153.996,0.371176,0.176527,0.59293,0.194439,612.0,792.0,top-left,PDF points
ANC-CAM-046-01-R07,ANC-CAM-046-01,12,227.16,153.25,261.489,167.436,0.371176,0.193497,0.427269,0.211409,612.0,792.0,top-left,PDF points
ANC-CAM-046-01-R08,ANC-CAM-046-01,12,209.16,166.69,212.914,180.876,0.341765,0.210467,0.347898,0.228379,612.0,792.0,top-left,PDF points
ANC-CAM-046-01-R09,ANC-CAM-046-01,12,227.155,166.69,342.668,180.876,0.371169,0.210467,0.559915,0.228379,612.0,792.0,top-left,PDF points
ANC-CAM-046-01-R10,ANC-CAM-046-01,12,227.155,180.125,349.136,194.312,0.371169,0.227431,0.570484,0.245343,612.0,792.0,top-left,PDF points
ANC-CAM-046-01-R11,ANC-CAM-046-01,12,209.149,193.451,212.903,207.637,0.341747,0.244256,0.34788,0.262168,612.0,792.0,top-left,PDF points
ANC-CAM-046-01-R12,ANC-CAM-046-01,12,227.144,193.451,333.316,207.637,0.371151,0.244256,0.544634,0.262168,612.0,792.0,top-left,PDF points
ANC-CAM-046-01-R13,ANC-CAM-046-01,12,227.144,206.886,343.374,221.073,0.371151,0.26122,0.561069,0.279132,612.0,792.0,top-left,PDF points
ANC-CAM-046-01-R14,ANC-CAM-046-01,12,227.144,220.322,337.853,234.508,0.371151,0.278184,0.552048,0.296096,612.0,792.0,top-left,PDF points
ANC-CAM-046-01-R15,ANC-CAM-046-01,12,227.144,233.758,282.048,247.944,0.371151,0.295148,0.460863,0.313061,612.0,792.0,top-left,PDF points
ANC-CAM-046-01-R16,ANC-CAM-046-01,12,377.28,139.81,381.034,153.996,0.616471,0.176527,0.622604,0.194439,612.0,792.0,top-left,PDF points
ANC-CAM-046-01-R17,ANC-CAM-046-01,12,395.28,139.81,514.002,153.996,0.645882,0.176527,0.839872,0.194439,612.0,792.0,top-left,PDF points
ANC-CAM-046-01-R18,ANC-CAM-046-01,12,395.28,153.25,541.166,167.436,0.645882,0.193497,0.884258,0.211409,612.0,792.0,top-left,PDF points
ANC-CAM-046-01-R19,ANC-CAM-046-01,12,395.28,166.685,512.94,180.872,0.645882,0.210461,0.838137,0.228373,612.0,792.0,top-left,PDF points
ANC-CAM-046-01-R20,ANC-CAM-046-01,12,395.28,180.121,539.956,194.307,0.645882,0.227425,0.882281,0.245338,612.0,792.0,top-left,PDF points
ANC-CAM-046-01-R21,ANC-CAM-046-01,12,77.64,247.69,170.237,261.876,0.126863,0.312739,0.278164,0.330652,612.0,792.0,top-left,PDF points
ANC-CAM-046-01-R22,ANC-CAM-046-01,12,77.64,261.13,187.873,275.316,0.126863,0.329709,0.306982,0.347621,612.0,792.0,top-left,PDF points
ANC-CAM-046-01-R23,ANC-CAM-046-01,12,77.64,274.565,157.499,288.752,0.126863,0.346673,0.257351,0.364585,612.0,792.0,top-left,PDF points
ANC-CAM-046-01-R24,ANC-CAM-046-01,12,77.64,288.001,119.603,302.187,0.126863,0.363638,0.19543,0.38155,612.0,792.0,top-left,PDF points
ANC-CAM-046-01-R25,ANC-CAM-046-01,12,209.16,247.69,212.914,261.876,0.341765,0.312739,0.347898,0.330652,612.0,792.0,top-left,PDF points
ANC-CAM-046-01-R26,ANC-CAM-046-01,12,227.16,247.69,299.577,261.876,0.371176,0.312739,0.489505,0.330652,612.0,792.0,top-left,PDF points
ANC-CAM-046-01-R27,ANC-CAM-046-01,12,227.16,261.13,332.725,275.316,0.371176,0.329709,0.543668,0.347621,612.0,792.0,top-left,PDF points
ANC-CAM-046-01-R28,ANC-CAM-046-01,12,227.16,274.565,321.407,288.752,0.371176,0.346673,0.525175,0.364585,612.0,792.0,top-left,PDF points
ANC-CAM-046-01-R29,ANC-CAM-046-01,12,377.28,247.69,381.034,261.876,0.616471,0.312739,0.622604,0.330652,612.0,792.0,top-left,PDF points
ANC-CAM-046-01-R30,ANC-CAM-046-01,12,395.28,247.69,471.552,261.876,0.645882,0.312739,0.77051,0.330652,612.0,792.0,top-left,PDF points
ANC-CAM-046-01-R31,ANC-CAM-046-01,12,395.28,261.13,517.636,275.316,0.645882,0.329709,0.845811,0.347621,612.0,792.0,top-left,PDF points
ANC-CAM-046-01-R32,ANC-CAM-046-01,12,395.28,274.565,502.61,288.752,0.645882,0.346673,0.821258,0.364585,612.0,792.0,top-left,PDF points
ANC-CAM-047-01-R01,ANC-CAM-047-01,12,395.28,261.13,517.636,275.316,0.645882,0.329709,0.845811,0.347621,612.0,792.0,top-left,PDF points
ANC-CAM-048-01-R01,ANC-CAM-048-01,12,227.16,395.89,327.897,410.076,0.371176,0.499861,0.535779,0.517773,612.0,792.0,top-left,PDF points
ANC-CAM-048-01-R02,ANC-CAM-048-01,12,227.16,409.325,347.605,423.512,0.371176,0.516825,0.567983,0.534737,612.0,792.0,top-left,PDF points
ANC-CAM-048-01-R03,ANC-CAM-048-01,12,227.16,422.761,283.516,436.947,0.371176,0.533789,0.463261,0.551701,612.0,792.0,top-left,PDF points
ANC-CAM-049-01-R01,ANC-CAM-049-01,12,227.155,449.645,358.838,463.832,0.371169,0.567734,0.586337,0.585646,612.0,792.0,top-left,PDF points
ANC-CAM-050-01-R01,ANC-CAM-050-01,12,395.28,382.45,521.198,396.636,0.645882,0.482891,0.85163,0.500803,612.0,792.0,top-left,PDF points
ANC-CAM-050-01-R02,ANC-CAM-050-01,12,395.28,395.89,542.682,410.076,0.645882,0.499861,0.886735,0.517773,612.0,792.0,top-left,PDF points
ANC-CAM-050-01-R03,ANC-CAM-050-01,12,395.28,409.325,525.665,423.512,0.645882,0.516825,0.858929,0.534737,612.0,792.0,top-left,PDF points
ANC-CAM-051-01-R01,ANC-CAM-051-01,12,227.16,571.45,355.504,585.636,0.371176,0.721527,0.58089,0.739439,612.0,792.0,top-left,PDF points
ANC-CAM-051-01-R02,ANC-CAM-051-01,12,227.16,584.89,334.503,599.076,0.371176,0.738497,0.546574,0.756409,612.0,792.0,top-left,PDF points
ANC-CAM-051-01-R03,ANC-CAM-051-01,12,227.16,598.325,259.764,612.512,0.371176,0.755461,0.424452,0.773373,612.0,792.0,top-left,PDF points
ANC-CAM-052-01-R01,ANC-CAM-052-01,12,77.629,476.504,162.307,490.69,0.126845,0.601646,0.265207,0.619558,612.0,792.0,top-left,PDF points
ANC-CAM-052-01-R02,ANC-CAM-052-01,12,77.629,489.939,153.549,504.126,0.126845,0.61861,0.250897,0.636522,612.0,792.0,top-left,PDF points
ANC-CAM-052-01-R03,ANC-CAM-052-01,12,77.629,503.265,152.697,517.451,0.126845,0.635435,0.249504,0.653347,612.0,792.0,top-left,PDF points
ANC-CAM-052-01-R04,ANC-CAM-052-01,12,77.629,516.7,198.419,530.887,0.126845,0.652399,0.324214,0.670311,612.0,792.0,top-left,PDF points
ANC-CAM-052-01-R05,ANC-CAM-052-01,12,77.629,530.136,153.667,544.322,0.126845,0.669364,0.25109,0.687276,612.0,792.0,top-left,PDF points
ANC-CAM-052-01-R06,ANC-CAM-052-01,12,77.64,543.61,168.217,557.796,0.126863,0.686376,0.274864,0.704288,612.0,792.0,top-left,PDF points
ANC-CAM-052-01-R07,ANC-CAM-052-01,12,227.155,476.517,316.365,490.703,0.371169,0.601662,0.516936,0.619574,612.0,792.0,top-left,PDF points
ANC-CAM-052-01-R08,ANC-CAM-052-01,12,227.155,489.952,282.059,504.139,0.371169,0.618627,0.460881,0.636539,612.0,792.0,top-left,PDF points
ANC-CAM-052-01-R09,ANC-CAM-052-01,12,436.554,463.077,491.353,477.263,0.713323,0.584693,0.802864,0.602605,612.0,792.0,top-left,PDF points
ANC-CAM-052-01-R10,ANC-CAM-052-01,12,77.64,557.53,158.228,571.716,0.126863,0.703952,0.258542,0.721864,612.0,792.0,top-left,PDF points
ANC-CAM-052-01-R11,ANC-CAM-052-01,12,77.64,571.45,177.559,585.636,0.126863,0.721527,0.290129,0.739439,612.0,792.0,top-left,PDF points
ANC-CAM-052-01-R12,ANC-CAM-052-01,12,77.64,584.89,189.536,599.076,0.126863,0.738497,0.309699,0.756409,612.0,792.0,top-left,PDF points
ANC-CAM-052-01-R13,ANC-CAM-052-01,12,77.64,598.325,174.018,612.512,0.126863,0.755461,0.284343,0.773373,612.0,792.0,top-left,PDF points
ANC-CAM-052-01-R14,ANC-CAM-052-01,12,77.64,611.761,176.356,625.947,0.126863,0.772425,0.288164,0.790338,612.0,792.0,top-left,PDF points
ANC-CAM-052-01-R15,ANC-CAM-052-01,12,77.64,625.197,172.244,639.383,0.126863,0.78939,0.281444,0.807302,612.0,792.0,top-left,PDF points
ANC-CAM-052-01-R16,ANC-CAM-052-01,12,77.64,638.632,160.523,652.819,0.126863,0.806354,0.262292,0.824266,612.0,792.0,top-left,PDF points
ANC-CAM-052-01-R17,ANC-CAM-052-01,12,77.64,652.068,152.348,666.254,0.126863,0.823318,0.248934,0.84123,612.0,792.0,top-left,PDF points
ANC-CAM-052-01-R18,ANC-CAM-052-01,12,209.16,571.45,212.914,585.636,0.341765,0.721527,0.347898,0.739439,612.0,792.0,top-left,PDF points
ANC-CAM-052-01-R19,ANC-CAM-052-01,12,227.16,571.45,355.504,585.636,0.371176,0.721527,0.58089,0.739439,612.0,792.0,top-left,PDF points
ANC-CAM-052-01-R20,ANC-CAM-052-01,12,227.16,584.89,334.503,599.076,0.371176,0.738497,0.546574,0.756409,612.0,792.0,top-left,PDF points
ANC-CAM-052-01-R21,ANC-CAM-052-01,12,227.16,598.325,259.764,612.512,0.371176,0.755461,0.424452,0.773373,612.0,792.0,top-left,PDF points
ANC-CAM-052-01-R22,ANC-CAM-052-01,12,209.16,611.77,212.914,625.956,0.341765,0.772436,0.347898,0.790348,612.0,792.0,top-left,PDF points
ANC-CAM-052-01-R23,ANC-CAM-052-01,12,227.155,611.77,359.807,625.956,0.371169,0.772436,0.58792,0.790348,612.0,792.0,top-left,PDF points
ANC-CAM-052-01-R24,ANC-CAM-052-01,12,227.155,625.205,341.339,639.392,0.371169,0.789401,0.557743,0.807313,612.0,792.0,top-left,PDF points
ANC-CAM-052-01-R25,ANC-CAM-052-01,12,227.155,638.641,311.356,652.827,0.371169,0.806365,0.508752,0.824277,612.0,792.0,top-left,PDF points
ANC-CAM-052-01-R26,ANC-CAM-052-01,12,377.28,571.45,381.034,585.636,0.616471,0.721527,0.622604,0.739439,612.0,792.0,top-left,PDF points
ANC-CAM-052-01-R27,ANC-CAM-052-01,12,395.28,571.45,527.936,585.636,0.645882,0.721527,0.86264,0.739439,612.0,792.0,top-left,PDF points
ANC-CAM-052-01-R28,ANC-CAM-052-01,12,395.28,584.89,538.013,599.076,0.645882,0.738497,0.879106,0.756409,612.0,792.0,top-left,PDF points
ANC-CAM-052-01-R29,ANC-CAM-052-01,12,395.28,598.325,421.317,612.512,0.645882,0.755461,0.688426,0.773373,612.0,792.0,top-left,PDF points
ANC-CAM-053-01-R01,ANC-CAM-053-01,13,209.16,112.93,212.914,127.116,0.341765,0.142588,0.347898,0.1605,612.0,792.0,top-left,PDF points
ANC-CAM-053-01-R02,ANC-CAM-053-01,13,227.16,126.37,335.461,140.556,0.371176,0.159558,0.548139,0.17747,612.0,792.0,top-left,PDF points
ANC-CAM-053-01-R03,ANC-CAM-053-01,13,209.16,139.81,212.914,153.996,0.341765,0.176527,0.347898,0.194439,612.0,792.0,top-left,PDF points
ANC-CAM-053-01-R04,ANC-CAM-053-01,13,227.166,153.245,327.692,167.432,0.371187,0.193492,0.535445,0.211404,612.0,792.0,top-left,PDF points
ANC-CAM-053-01-R05,ANC-CAM-053-01,13,227.166,166.681,267.354,180.867,0.371187,0.210456,0.436853,0.228368,612.0,792.0,top-left,PDF points
ANC-CAM-054-01-R01,ANC-CAM-054-01,13,227.166,233.749,339.874,247.935,0.371187,0.295137,0.555349,0.31305,612.0,792.0,top-left,PDF points
ANC-CAM-054-01-R02,ANC-CAM-054-01,13,227.166,247.185,282.07,261.371,0.371187,0.312102,0.460899,0.330014,612.0,792.0,top-left,PDF points
ANC-CAM-054-01-R03,ANC-CAM-054-01,13,209.16,260.65,212.914,274.836,0.341765,0.329103,0.347898,0.347015,612.0,792.0,top-left,PDF points
ANC-CAM-054-01-R04,ANC-CAM-054-01,13,227.155,260.65,358.744,274.836,0.371169,0.329103,0.586183,0.347015,612.0,792.0,top-left,PDF points
ANC-CAM-054-01-R05,ANC-CAM-054-01,13,227.155,274.085,325.393,288.272,0.371169,0.346067,0.531689,0.363979,612.0,792.0,top-left,PDF points
ANC-CAM-054-01-R06,ANC-CAM-054-01,13,227.155,287.521,318.18,301.707,0.371169,0.363031,0.519902,0.380944,612.0,792.0,top-left,PDF points
ANC-CAM-054-01-R07,ANC-CAM-054-01,13,227.155,300.957,347.461,315.143,0.371169,0.379996,0.567747,0.397908,612.0,792.0,top-left,PDF points
ANC-CAM-054-01-R08,ANC-CAM-054-01,13,227.16,314.41,317.471,328.596,0.371176,0.396982,0.518743,0.414894,612.0,792.0,top-left,PDF points
ANC-CAM-054-01-R09,ANC-CAM-054-01,13,395.275,233.758,528.623,247.944,0.645875,0.295148,0.863763,0.313061,612.0,792.0,top-left,PDF points
ANC-CAM-054-01-R10,ANC-CAM-054-01,13,395.275,247.193,528.771,261.38,0.645875,0.312113,0.864005,0.330025,612.0,792.0,top-left,PDF points
ANC-CAM-054-01-R11,ANC-CAM-054-01,13,395.275,260.629,485.582,274.815,0.645875,0.329077,0.793435,0.346989,612.0,792.0,top-left,PDF points
ANC-CAM-054-01-R12,ANC-CAM-054-01,13,77.64,328.33,194.833,342.516,0.126863,0.414558,0.318355,0.43247,612.0,792.0,top-left,PDF points
ANC-CAM-054-01-R13,ANC-CAM-054-01,13,77.64,341.77,179.827,355.956,0.126863,0.431527,0.293836,0.449439,612.0,792.0,top-left,PDF points
ANC-CAM-054-01-R14,ANC-CAM-054-01,13,77.64,355.095,179.211,369.281,0.126863,0.448352,0.292829,0.466264,612.0,792.0,top-left,PDF points
ANC-CAM-054-01-R15,ANC-CAM-054-01,13,77.64,368.531,165.545,382.717,0.126863,0.465316,0.270498,0.483229,612.0,792.0,top-left,PDF points
ANC-CAM-054-01-R16,ANC-CAM-054-01,13,77.64,381.966,163.265,396.153,0.126863,0.482281,0.266773,0.500193,612.0,792.0,top-left,PDF points
ANC-CAM-054-01-R17,ANC-CAM-054-01,13,209.16,328.33,212.914,342.516,0.341765,0.414558,0.347898,0.43247,612.0,792.0,top-left,PDF points
ANC-CAM-054-01-R18,ANC-CAM-054-01,13,227.16,328.33,352.267,342.516,0.371176,0.414558,0.5756,0.43247,612.0,792.0,top-left,PDF points
ANC-CAM-054-01-R19,ANC-CAM-054-01,13,227.16,341.77,297.92,355.956,0.371176,0.431527,0.486797,0.449439,612.0,792.0,top-left,PDF points
ANC-CAM-054-01-R20,ANC-CAM-054-01,13,209.16,355.09,212.914,369.276,0.341765,0.448345,0.347898,0.466258,612.0,792.0,top-left,PDF points
ANC-CAM-054-01-R21,ANC-CAM-054-01,13,227.155,355.09,339.899,369.276,0.371169,0.448345,0.555391,0.466258,612.0,792.0,top-left,PDF points
ANC-CAM-054-01-R22,ANC-CAM-054-01,13,227.155,368.525,328.36,382.712,0.371169,0.46531,0.536536,0.483222,612.0,792.0,top-left,PDF points
ANC-CAM-054-01-R23,ANC-CAM-054-01,13,227.155,381.961,266.591,396.147,0.371169,0.482274,0.435607,0.500186,612.0,792.0,top-left,PDF points
ANC-CAM-054-01-R24,ANC-CAM-054-01,13,377.28,328.33,381.034,342.516,0.616471,0.414558,0.622604,0.43247,612.0,792.0,top-left,PDF points
ANC-CAM-054-01-R25,ANC-CAM-054-01,13,395.28,328.33,515.237,342.516,0.645882,0.414558,0.84189,0.43247,612.0,792.0,top-left,PDF points
ANC-CAM-054-01-R26,ANC-CAM-054-01,13,395.28,341.77,530.107,355.956,0.645882,0.431527,0.866188,0.449439,612.0,792.0,top-left,PDF points
ANC-CAM-054-01-R27,ANC-CAM-054-01,13,395.28,355.095,541.624,369.281,0.645882,0.448352,0.885007,0.466264,612.0,792.0,top-left,PDF points
ANC-CAM-054-01-R28,ANC-CAM-054-01,13,395.28,368.531,433.527,382.717,0.645882,0.465316,0.708377,0.483229,612.0,792.0,top-left,PDF points
ANC-CAM-054-01-R29,ANC-CAM-054-01,13,377.28,381.97,381.034,396.156,0.616471,0.482285,0.622604,0.500197,612.0,792.0,top-left,PDF points
ANC-CAM-054-01-R30,ANC-CAM-054-01,13,395.275,381.97,495.937,396.156,0.645875,0.482285,0.810354,0.500197,612.0,792.0,top-left,PDF points
ANC-CAM-055-01-R01,ANC-CAM-055-01,13,227.155,395.41,339.897,409.596,0.371169,0.499255,0.555387,0.517167,612.0,792.0,top-left,PDF points
ANC-CAM-055-01-R02,ANC-CAM-055-01,13,227.155,408.845,325.853,423.032,0.371169,0.516219,0.532439,0.534131,612.0,792.0,top-left,PDF points
ANC-CAM-055-01-R03,ANC-CAM-055-01,13,227.155,422.281,349.525,436.467,0.371169,0.533183,0.571119,0.551095,612.0,792.0,top-left,PDF points
ANC-CAM-056-01-R01,ANC-CAM-056-01,13,395.28,328.33,515.237,342.516,0.645882,0.414558,0.84189,0.43247,612.0,792.0,top-left,PDF points
ANC-CAM-056-01-R02,ANC-CAM-056-01,13,395.28,341.77,530.107,355.956,0.645882,0.431527,0.866188,0.449439,612.0,792.0,top-left,PDF points
ANC-CAM-056-01-R03,ANC-CAM-056-01,13,395.28,355.095,541.624,369.281,0.645882,0.448352,0.885007,0.466264,612.0,792.0,top-left,PDF points
ANC-CAM-056-01-R04,ANC-CAM-056-01,13,395.28,368.531,433.527,382.717,0.645882,0.465316,0.708377,0.483229,612.0,792.0,top-left,PDF points
ANC-CAM-057-01-R01,ANC-CAM-057-01,13,227.16,463.09,346.051,477.276,0.371176,0.584709,0.565442,0.602621,612.0,792.0,top-left,PDF points
ANC-CAM-057-01-R02,ANC-CAM-057-01,13,227.16,476.53,341.98,490.716,0.371176,0.601679,0.558791,0.619591,612.0,792.0,top-left,PDF points
ANC-CAM-058-01-R01,ANC-CAM-058-01,13,395.28,463.09,517.156,477.276,0.645882,0.584709,0.845027,0.602621,612.0,792.0,top-left,PDF points
ANC-CAM-058-01-R02,ANC-CAM-058-01,13,395.28,476.53,540.547,490.716,0.645882,0.601679,0.883246,0.619591,612.0,792.0,top-left,PDF points
ANC-CAM-059-01-R01,ANC-CAM-059-01,13,395.275,503.295,541.031,517.481,0.645875,0.635473,0.884037,0.653386,612.0,792.0,top-left,PDF points
ANC-CAM-059-01-R02,ANC-CAM-059-01,13,395.275,516.731,533.627,530.917,0.645875,0.652438,0.87194,0.67035,612.0,792.0,top-left,PDF points
ANC-CAM-060-01-R01,ANC-CAM-060-01,4,72.037,388.308,152.625,402.495,0.117707,0.490288,0.249387,0.5082,612.0,792.0,top-left,PDF points
ANC-CAM-060-01-R02,ANC-CAM-060-01,4,72.037,415.18,540.101,429.366,0.117707,0.524217,0.882518,0.542129,612.0,792.0,top-left,PDF points
ANC-CAM-060-01-R03,ANC-CAM-060-01,4,72.037,428.615,540.102,442.802,0.117707,0.541181,0.88252,0.559093,612.0,792.0,top-left,PDF points
ANC-CAM-060-01-R04,ANC-CAM-060-01,4,72.037,442.051,540.104,456.237,0.117707,0.558145,0.882523,0.576057,612.0,792.0,top-left,PDF points
ANC-CAM-060-01-R05,ANC-CAM-060-01,4,72.037,455.487,284.709,469.673,0.117707,0.57511,0.465211,0.593022,612.0,792.0,top-left,PDF points
ANC-CAM-061-01-R01,ANC-CAM-061-01,4,288.399,455.487,540.124,469.673,0.47124,0.57511,0.882556,0.593022,612.0,792.0,top-left,PDF points
ANC-CAM-061-01-R02,ANC-CAM-061-01,4,72.037,468.812,540.086,482.998,0.117707,0.591934,0.882493,0.609846,612.0,792.0,top-left,PDF points
ANC-CAM-061-01-R03,ANC-CAM-061-01,4,72.037,482.248,425.473,496.434,0.117707,0.608899,0.695217,0.626811,612.0,792.0,top-left,PDF points
ANC-CAM-062-01-R01,ANC-CAM-062-01,8,72.0,489.106,540.072,503.292,0.117647,0.617558,0.88247,0.63547,612.0,792.0,top-left,PDF points
ANC-CAM-062-01-R02,ANC-CAM-062-01,8,72.0,502.542,540.119,516.728,0.117647,0.634522,0.882548,0.652434,612.0,792.0,top-left,PDF points
ANC-CAM-062-01-R03,ANC-CAM-062-01,8,72.0,515.977,540.197,530.164,0.117647,0.651486,0.882674,0.669399,612.0,792.0,top-left,PDF points
ANC-CAM-062-01-R04,ANC-CAM-062-01,8,72.0,529.413,394.801,543.599,0.117647,0.668451,0.645099,0.686363,612.0,792.0,top-left,PDF points
ANC-CAM-063-01-R01,ANC-CAM-063-01,8,72.0,550.775,540.063,564.962,0.117647,0.695423,0.882456,0.713336,612.0,792.0,top-left,PDF points
ANC-CAM-063-01-R02,ANC-CAM-063-01,8,72.0,564.211,540.063,578.397,0.117647,0.712388,0.882456,0.7303,612.0,792.0,top-left,PDF points
ANC-CAM-063-01-R03,ANC-CAM-063-01,8,72.0,577.647,540.131,591.833,0.117647,0.729352,0.882568,0.747264,612.0,792.0,top-left,PDF points
ANC-CAM-063-01-R04,ANC-CAM-063-01,8,72.0,591.082,540.151,605.269,0.117647,0.746316,0.8826,0.764228,612.0,792.0,top-left,PDF points
ANC-CAM-063-01-R05,ANC-CAM-063-01,8,72.0,604.518,439.445,618.705,0.117647,0.76328,0.718048,0.781193,612.0,792.0,top-left,PDF points
ANC-CAM-064-01-R01,ANC-CAM-064-01,8,201.95,400.554,540.259,414.741,0.329983,0.50575,0.882777,0.523662,612.0,792.0,top-left,PDF points
ANC-CAM-064-01-R02,ANC-CAM-064-01,8,71.989,413.99,540.1,428.176,0.117629,0.522714,0.882517,0.540627,612.0,792.0,top-left,PDF points
ANC-CAM-064-01-R03,ANC-CAM-064-01,8,71.989,427.426,540.126,441.612,0.117629,0.539679,0.882559,0.557591,612.0,792.0,top-left,PDF points
ANC-CAM-064-01-R04,ANC-CAM-064-01,8,71.989,440.861,101.307,455.048,0.117629,0.556643,0.165534,0.574555,612.0,792.0,top-left,PDF points
ANC-CAM-065-01-R01,ANC-CAM-065-01,9,218.777,355.637,540.081,369.824,0.357478,0.449037,0.882485,0.466949,612.0,792.0,top-left,PDF points
ANC-CAM-065-01-R02,ANC-CAM-065-01,9,72.033,369.073,540.188,383.259,0.117701,0.466001,0.882659,0.483913,612.0,792.0,top-left,PDF points
ANC-CAM-065-01-R03,ANC-CAM-065-01,9,72.044,382.508,540.142,396.695,0.117719,0.482965,0.882586,0.500877,612.0,792.0,top-left,PDF points
ANC-CAM-065-01-R04,ANC-CAM-065-01,9,72.055,395.944,540.235,410.131,0.117737,0.499929,0.882737,0.517842,612.0,792.0,top-left,PDF points
ANC-CAM-065-01-R05,ANC-CAM-065-01,9,72.066,409.38,283.746,423.566,0.117755,0.516894,0.463638,0.534806,612.0,792.0,top-left,PDF points
ANC-CAM-066-01-R01,ANC-CAM-066-01,9,218.777,355.637,540.081,369.824,0.357478,0.449037,0.882485,0.466949,612.0,792.0,top-left,PDF points
ANC-CAM-066-01-R02,ANC-CAM-066-01,9,72.033,369.073,540.188,383.259,0.117701,0.466001,0.882659,0.483913,612.0,792.0,top-left,PDF points
ANC-CAM-066-01-R03,ANC-CAM-066-01,9,72.044,382.508,540.142,396.695,0.117719,0.482965,0.882586,0.500877,612.0,792.0,top-left,PDF points
ANC-CAM-066-01-R04,ANC-CAM-066-01,9,72.055,395.944,540.235,410.131,0.117737,0.499929,0.882737,0.517842,612.0,792.0,top-left,PDF points
ANC-CAM-066-01-R05,ANC-CAM-066-01,9,72.066,409.38,283.746,423.566,0.117755,0.516894,0.463638,0.534806,612.0,792.0,top-left,PDF points
ANC-CAM-067-01-R01,ANC-CAM-067-01,5,77.64,122.89,249.291,137.076,0.126863,0.155164,0.407338,0.173076,612.0,792.0,top-left,PDF points
ANC-CAM-068-01-R01,ANC-CAM-068-01,5,77.64,150.25,249.295,164.436,0.126863,0.189709,0.407345,0.207621,612.0,792.0,top-left,PDF points
ANC-CAM-068-01-R02,ANC-CAM-068-01,5,77.64,163.69,161.449,177.876,0.126863,0.206679,0.263806,0.224591,612.0,792.0,top-left,PDF points
ANC-CAM-069-01-R01,ANC-CAM-069-01,5,77.64,177.61,224.82,191.796,0.126863,0.224255,0.367354,0.242167,612.0,792.0,top-left,PDF points
ANC-CAM-069-01-R02,ANC-CAM-069-01,5,77.64,191.05,132.56,205.236,0.126863,0.241224,0.216601,0.259136,612.0,792.0,top-left,PDF points
ANC-CAM-070-01-R01,ANC-CAM-070-01,4,285.017,232.681,540.091,246.867,0.465714,0.293789,0.882502,0.311701,612.0,792.0,top-left,PDF points
ANC-CAM-070-01-R02,ANC-CAM-070-01,4,72.012,246.006,540.068,260.193,0.117666,0.310614,0.882463,0.328526,612.0,792.0,top-left,PDF points
ANC-CAM-070-01-R03,ANC-CAM-070-01,4,72.012,259.442,285.1,273.628,0.117666,0.327578,0.46585,0.34549,612.0,792.0,top-left,PDF points
ANC-CAM-070-01-R04,ANC-CAM-070-01,4,72.004,280.933,145.179,295.12,0.117653,0.354714,0.237221,0.372626,612.0,792.0,top-left,PDF points
ANC-CAM-070-01-R05,ANC-CAM-070-01,4,72.004,307.805,540.104,321.991,0.117653,0.388642,0.882523,0.406554,612.0,792.0,top-left,PDF points
ANC-CAM-070-01-R06,ANC-CAM-070-01,4,72.015,321.24,540.211,335.427,0.117671,0.405607,0.882698,0.423519,612.0,792.0,top-left,PDF points
ANC-CAM-070-01-R07,ANC-CAM-070-01,4,72.026,334.566,540.129,348.752,0.117689,0.422431,0.882563,0.440344,612.0,792.0,top-left,PDF points
ANC-CAM-070-01-R08,ANC-CAM-070-01,4,72.015,348.001,131.562,362.188,0.117671,0.439396,0.214971,0.457308,612.0,792.0,top-left,PDF points
ANC-CAM-071-01-R01,ANC-CAM-071-01,4,72.037,388.308,152.625,402.495,0.117707,0.490288,0.249387,0.5082,612.0,792.0,top-left,PDF points
ANC-CAM-071-01-R02,ANC-CAM-071-01,4,72.037,415.18,540.101,429.366,0.117707,0.524217,0.882518,0.542129,612.0,792.0,top-left,PDF points
ANC-CAM-071-01-R03,ANC-CAM-071-01,4,72.037,428.615,540.102,442.802,0.117707,0.541181,0.88252,0.559093,612.0,792.0,top-left,PDF points
ANC-CAM-071-01-R04,ANC-CAM-071-01,4,72.037,442.051,540.104,456.237,0.117707,0.558145,0.882523,0.576057,612.0,792.0,top-left,PDF points
ANC-CAM-071-01-R05,ANC-CAM-071-01,4,72.037,455.487,284.709,469.673,0.117707,0.57511,0.465211,0.593022,612.0,792.0,top-left,PDF points
ANC-CAM-072-01-R01,ANC-CAM-072-01,5,414.84,386.41,517.106,400.596,0.677843,0.487891,0.844944,0.505803,612.0,792.0,top-left,PDF points
ANC-CAM-072-01-R02,ANC-CAM-072-01,5,414.84,413.175,534.68,427.361,0.677843,0.521685,0.873661,0.539598,612.0,792.0,top-left,PDF points
ANC-CAM-073-01-R01,ANC-CAM-073-01,8,291.356,454.186,540.048,468.373,0.476072,0.573468,0.882432,0.59138,612.0,792.0,top-left,PDF points
ANC-CAM-073-01-R02,ANC-CAM-073-01,8,72.0,467.622,425.492,481.809,0.117647,0.590432,0.695248,0.608344,612.0,792.0,top-left,PDF points
ANC-CAM-074-01-R01,ANC-CAM-074-01,9,72.022,218.852,540.058,233.038,0.117683,0.276328,0.882448,0.29424,612.0,792.0,top-left,PDF points
ANC-CAM-075-01-R01,ANC-CAM-075-01,11,227.16,544.09,322.54,558.276,0.371176,0.686982,0.527026,0.704894,612.0,792.0,top-left,PDF points
ANC-CAM-075-01-R02,ANC-CAM-075-01,11,227.16,557.53,322.125,571.716,0.371176,0.703952,0.526348,0.721864,612.0,792.0,top-left,PDF points
ANC-CAM-075-01-R03,ANC-CAM-075-01,11,227.16,570.965,347.937,585.152,0.371176,0.720916,0.568524,0.738828,612.0,792.0,top-left,PDF points
ANC-CAM-075-01-R04,ANC-CAM-075-01,11,227.16,584.401,364.403,598.587,0.371176,0.73788,0.595429,0.755792,612.0,792.0,top-left,PDF points
ANC-CAM-076-01-R01,ANC-CAM-076-01,11,395.28,544.09,541.978,558.276,0.645882,0.686982,0.885586,0.704894,612.0,792.0,top-left,PDF points
ANC-CAM-076-01-R02,ANC-CAM-076-01,11,395.28,557.53,504.541,571.716,0.645882,0.703952,0.824413,0.721864,612.0,792.0,top-left,PDF points
ANC-CAM-077-01-R01,ANC-CAM-077-01,13,227.16,112.93,347.612,127.116,0.371176,0.142588,0.567994,0.1605,612.0,792.0,top-left,PDF points
ANC-CAM-077-01-R02,ANC-CAM-077-01,13,227.16,126.37,335.461,140.556,0.371176,0.159558,0.548139,0.17747,612.0,792.0,top-left,PDF points
ANC-CAM-078-01-R01,ANC-CAM-078-01,12,395.275,422.77,536.459,436.956,0.645875,0.5338,0.876567,0.551712,612.0,792.0,top-left,PDF points
ANC-CAM-079-01-R01,ANC-CAM-079-01,16,59.4,279.86,140.247,292.659,0.097059,0.353359,0.229162,0.369519,612.0,792.0,top-left,PDF points
ANC-JAM-001-01-R01,ANC-JAM-001-01,3,72.024,463.378,393.396,476.662,0.117686,0.585073,0.642804,0.601846,612.0,792.0,top-left,PDF points
ANC-JAM-001-01-R02,ANC-JAM-001-01,3,90.024,485.218,511.486,498.67,0.147098,0.612649,0.835761,0.629634,612.0,792.0,top-left,PDF points
ANC-JAM-001-01-R03,ANC-JAM-001-01,3,108.02,499.978,303.548,513.262,0.176503,0.631285,0.495993,0.648058,612.0,792.0,top-left,PDF points
ANC-JAM-002-01-R01,ANC-JAM-002-01,4,404.144,87.248,539.864,100.532,0.660366,0.110162,0.882131,0.126934,612.0,792.0,top-left,PDF points
ANC-JAM-002-01-R02,ANC-JAM-002-01,4,144.02,102.008,438.368,115.292,0.235327,0.128798,0.716288,0.145571,612.0,792.0,top-left,PDF points
ANC-JAM-002-01-R03,ANC-JAM-002-01,4,116.3,125.663,126.092,137.885,0.190033,0.158666,0.206033,0.174097,612.0,792.0,top-left,PDF points
ANC-JAM-002-01-R04,ANC-JAM-002-01,4,144.02,124.808,539.738,138.092,0.235327,0.157586,0.881925,0.174359,612.0,792.0,top-left,PDF points
ANC-JAM-002-01-R05,ANC-JAM-002-01,4,144.02,139.568,539.822,152.852,0.235327,0.176222,0.882062,0.192995,612.0,792.0,top-left,PDF points
ANC-JAM-002-01-R06,ANC-JAM-002-01,4,144.02,154.328,330.998,167.612,0.235327,0.194859,0.540846,0.211631,612.0,792.0,top-left,PDF points
ANC-JAM-003-01-R01,ANC-JAM-003-01,4,113.18,177.983,126.086,190.205,0.184935,0.224726,0.206022,0.240157,612.0,792.0,top-left,PDF points
ANC-JAM-003-01-R02,ANC-JAM-003-01,4,144.02,177.128,539.858,190.412,0.235327,0.223646,0.882121,0.240419,612.0,792.0,top-left,PDF points
ANC-JAM-003-01-R03,ANC-JAM-003-01,4,144.02,191.888,539.842,205.172,0.235327,0.242283,0.882095,0.259056,612.0,792.0,top-left,PDF points
ANC-JAM-003-01-R04,ANC-JAM-003-01,4,144.02,206.648,171.02,219.932,0.235327,0.260919,0.279444,0.277692,612.0,792.0,top-left,PDF points
ANC-JAM-004-01-R01,ANC-JAM-004-01,4,90.024,229.448,345.896,242.9,0.147098,0.289707,0.56519,0.306692,612.0,792.0,top-left,PDF points
ANC-JAM-004-01-R02,ANC-JAM-004-01,4,119.3,253.133,126.096,265.355,0.194935,0.319613,0.20604,0.335044,612.0,792.0,top-left,PDF points
ANC-JAM-004-01-R03,ANC-JAM-004-01,4,144.02,252.278,539.786,265.562,0.235327,0.318533,0.882003,0.335306,612.0,792.0,top-left,PDF points
ANC-JAM-004-01-R04,ANC-JAM-004-01,4,144.02,267.038,539.792,280.322,0.235327,0.337169,0.882013,0.353942,612.0,792.0,top-left,PDF points
ANC-JAM-004-01-R05,ANC-JAM-004-01,4,144.02,281.798,245.852,295.082,0.235327,0.355806,0.401719,0.372578,612.0,792.0,top-left,PDF points
ANC-JAM-005-01-R01,ANC-JAM-005-01,4,116.3,305.453,126.092,317.675,0.190033,0.385673,0.206033,0.401104,612.0,792.0,top-left,PDF points
ANC-JAM-005-01-R02,ANC-JAM-005-01,4,144.02,304.598,539.822,317.882,0.235327,0.384593,0.882062,0.401366,612.0,792.0,top-left,PDF points
ANC-JAM-005-01-R03,ANC-JAM-005-01,4,144.02,319.358,539.95,332.642,0.235327,0.40323,0.882271,0.420003,612.0,792.0,top-left,PDF points
ANC-JAM-005-01-R04,ANC-JAM-005-01,4,144.02,334.118,256.544,347.402,0.235327,0.421866,0.41919,0.438639,612.0,792.0,top-left,PDF points
ANC-JAM-006-01-R01,ANC-JAM-006-01,5,90.024,398.078,532.532,411.53,0.147098,0.502624,0.87015,0.519609,612.0,792.0,top-left,PDF points
ANC-JAM-006-01-R02,ANC-JAM-006-01,5,108.02,412.858,140.288,426.142,0.176503,0.521285,0.229229,0.538058,612.0,792.0,top-left,PDF points
ANC-JAM-007-01-R01,ANC-JAM-007-01,6,115.1,190.34,126.005,201.38,0.188072,0.240328,0.205891,0.254268,612.0,792.0,top-left,PDF points
ANC-JAM-007-01-R02,ANC-JAM-007-01,6,144.02,187.928,539.998,201.212,0.235327,0.237283,0.88235,0.254056,612.0,792.0,top-left,PDF points
ANC-JAM-007-01-R03,ANC-JAM-007-01,6,144.02,202.688,539.744,215.972,0.235327,0.255919,0.881935,0.272692,612.0,792.0,top-left,PDF points
ANC-JAM-007-01-R04,ANC-JAM-007-01,6,144.02,217.448,539.936,230.732,0.235327,0.274556,0.882248,0.291328,612.0,792.0,top-left,PDF points
ANC-JAM-007-01-R05,ANC-JAM-007-01,6,144.02,232.208,252.62,245.492,0.235327,0.293192,0.412778,0.309965,612.0,792.0,top-left,PDF points
ANC-JAM-008-01-R01,ANC-JAM-008-01,6,72.024,353.51,356.672,371.177,0.117686,0.446351,0.582797,0.468658,612.0,792.0,top-left,PDF points
ANC-JAM-008-01-R02,ANC-JAM-008-01,6,72.024,374.918,298.26,388.202,0.117686,0.473381,0.487353,0.490154,612.0,792.0,top-left,PDF points
ANC-JAM-008-01-R03,ANC-JAM-008-01,6,90.024,397.598,539.684,411.05,0.147098,0.502018,0.881837,0.519003,612.0,792.0,top-left,PDF points
ANC-JAM-008-01-R04,ANC-JAM-008-01,6,108.02,412.498,539.89,425.782,0.176503,0.520831,0.882173,0.537604,612.0,792.0,top-left,PDF points
ANC-JAM-008-01-R05,ANC-JAM-008-01,6,108.02,427.258,539.912,440.542,0.176503,0.539467,0.882209,0.55624,612.0,792.0,top-left,PDF points
ANC-JAM-008-01-R06,ANC-JAM-008-01,6,108.02,442.018,324.512,455.302,0.176503,0.558104,0.530248,0.574876,612.0,792.0,top-left,PDF points
ANC-JAM-009-01-R01,ANC-JAM-009-01,6,108.02,456.778,539.9,470.062,0.176503,0.57674,0.88219,0.593513,612.0,792.0,top-left,PDF points
ANC-JAM-009-01-R02,ANC-JAM-009-01,6,108.02,471.538,195.944,484.822,0.176503,0.595376,0.32017,0.612149,612.0,792.0,top-left,PDF points
ANC-JAM-010-01-R01,ANC-JAM-010-01,7,72.024,125.12,387.416,142.787,0.117686,0.157979,0.633033,0.180287,612.0,792.0,top-left,PDF points
ANC-JAM-010-01-R02,ANC-JAM-010-01,7,72.024,146.408,539.652,159.692,0.117686,0.184859,0.881784,0.201631,612.0,792.0,top-left,PDF points
ANC-JAM-010-01-R03,ANC-JAM-010-01,7,72.024,160.208,187.284,173.492,0.117686,0.202283,0.30602,0.219056,612.0,792.0,top-left,PDF points
ANC-JAM-010-01-R04,ANC-JAM-010-01,7,90.024,181.928,507.25,195.38,0.147098,0.229707,0.82884,0.246692,612.0,792.0,top-left,PDF points
ANC-JAM-011-01-R01,ANC-JAM-011-01,7,90.024,200.768,530.822,214.22,0.147098,0.253495,0.867356,0.27048,612.0,792.0,top-left,PDF points
ANC-JAM-011-01-R02,ANC-JAM-011-01,7,108.02,215.528,490.004,228.812,0.176503,0.272131,0.80066,0.288904,612.0,792.0,top-left,PDF points
ANC-JAM-012-01-R01,ANC-JAM-012-01,7,90.024,234.248,523.696,247.7,0.147098,0.295768,0.855712,0.312753,612.0,792.0,top-left,PDF points
ANC-JAM-013-01-R01,ANC-JAM-013-01,7,489.14,326.918,517.724,340.202,0.799248,0.412775,0.845954,0.429548,612.0,792.0,top-left,PDF points
ANC-JAM-013-01-R02,ANC-JAM-013-01,7,108.02,341.798,146.636,355.082,0.176503,0.431563,0.239601,0.448336,612.0,792.0,top-left,PDF points
ANC-JAM-013-01-R03,ANC-JAM-013-01,7,120.14,362.93,126.005,373.97,0.196307,0.458245,0.205891,0.472184,612.0,792.0,top-left,PDF points
ANC-JAM-013-01-R04,ANC-JAM-013-01,7,144.02,360.518,506.356,373.802,0.235327,0.4552,0.827379,0.471972,612.0,792.0,top-left,PDF points
ANC-JAM-013-01-R05,ANC-JAM-013-01,7,144.02,375.278,527.864,388.562,0.235327,0.473836,0.862523,0.490609,612.0,792.0,top-left,PDF points
ANC-JAM-013-01-R06,ANC-JAM-013-01,7,144.02,390.038,368.72,403.322,0.235327,0.492472,0.602484,0.509245,612.0,792.0,top-left,PDF points
ANC-JAM-014-01-R01,ANC-JAM-014-01,7,117.62,411.31,126.005,422.35,0.19219,0.519331,0.205891,0.53327,612.0,792.0,top-left,PDF points
ANC-JAM-014-01-R02,ANC-JAM-014-01,7,144.02,408.898,533.252,422.182,0.235327,0.516285,0.871327,0.533058,612.0,792.0,top-left,PDF points
ANC-JAM-014-01-R03,ANC-JAM-014-01,7,144.02,423.658,538.124,436.942,0.235327,0.534922,0.879288,0.551694,612.0,792.0,top-left,PDF points
ANC-JAM-014-01-R04,ANC-JAM-014-01,7,144.02,438.418,403.268,451.702,0.235327,0.553558,0.658935,0.570331,612.0,792.0,top-left,PDF points
ANC-JAM-015-01-R01,ANC-JAM-015-01,7,115.1,459.67,126.005,470.71,0.188072,0.580391,0.205891,0.594331,612.0,792.0,top-left,PDF points
ANC-JAM-015-01-R02,ANC-JAM-015-01,7,144.02,457.258,533.684,470.542,0.235327,0.577346,0.872033,0.594119,612.0,792.0,top-left,PDF points
ANC-JAM-015-01-R03,ANC-JAM-015-01,7,144.02,472.018,359.48,485.302,0.235327,0.595982,0.587386,0.612755,612.0,792.0,top-left,PDF points
ANC-JAM-016-01-R01,ANC-JAM-016-01,7,115.22,493.15,126.094,504.19,0.188268,0.622664,0.206037,0.636604,612.0,792.0,top-left,PDF points
ANC-JAM-016-01-R02,ANC-JAM-016-01,7,144.02,490.738,523.748,504.022,0.235327,0.619619,0.855797,0.636391,612.0,792.0,top-left,PDF points
ANC-JAM-016-01-R03,ANC-JAM-016-01,7,144.02,505.498,287.612,518.782,0.235327,0.638255,0.469954,0.655028,612.0,792.0,top-left,PDF points
ANC-JAM-017-01-R01,ANC-JAM-017-01,7,90.024,524.338,515.656,537.79,0.147098,0.662043,0.842575,0.679028,612.0,792.0,top-left,PDF points
ANC-JAM-017-01-R02,ANC-JAM-017-01,7,108.02,539.098,232.304,552.382,0.176503,0.680679,0.379582,0.697452,612.0,792.0,top-left,PDF points
ANC-JAM-018-01-R01,ANC-JAM-018-01,8,291.84,613.408,383.832,626.692,0.476863,0.774505,0.627177,0.791278,612.0,792.0,top-left,PDF points
ANC-JAM-018-01-R02,ANC-JAM-018-01,8,108.02,635.2,112.22,648.58,0.176503,0.80202,0.183366,0.818914,612.0,792.0,top-left,PDF points
ANC-JAM-018-01-R03,ANC-JAM-018-01,8,144.02,635.368,530.012,648.652,0.235327,0.802232,0.866033,0.819005,612.0,792.0,top-left,PDF points
ANC-JAM-018-01-R04,ANC-JAM-018-01,8,144.02,651.088,539.95,664.372,0.235327,0.822081,0.882271,0.838854,612.0,792.0,top-left,PDF points
ANC-JAM-018-01-R05,ANC-JAM-018-01,8,144.02,666.808,294.248,680.092,0.235327,0.841929,0.480797,0.858702,612.0,792.0,top-left,PDF points
ANC-JAM-019-01-R01,ANC-JAM-019-01,8,303.29,730.419,308.81,742.641,0.495572,0.922247,0.504591,0.937678,612.0,792.0,top-left,PDF points
ANC-JAM-019-01-R02,ANC-JAM-019-01,8,108.02,686.604,112.22,699.888,0.176503,0.866924,0.183366,0.883697,612.0,792.0,top-left,PDF points
ANC-JAM-019-01-R03,ANC-JAM-019-01,8,144.02,686.604,496.172,699.888,0.235327,0.866924,0.810739,0.883697,612.0,792.0,top-left,PDF points
ANC-JAM-019-01-R04,ANC-JAM-019-01,8,144.02,702.324,505.43,715.608,0.235327,0.886773,0.825866,0.903545,612.0,792.0,top-left,PDF points
ANC-JAM-020-01-R01,ANC-JAM-020-01,9,108.02,108.008,112.22,121.292,0.176503,0.136374,0.183366,0.153146,612.0,792.0,top-left,PDF points
ANC-JAM-020-01-R02,ANC-JAM-020-01,9,144.02,108.008,488.444,121.292,0.235327,0.136374,0.798111,0.153146,612.0,792.0,top-left,PDF points
ANC-JAM-020-01-R03,ANC-JAM-020-01,9,144.02,123.728,535.022,137.012,0.235327,0.156222,0.874219,0.172995,612.0,792.0,top-left,PDF points
ANC-JAM-020-01-R04,ANC-JAM-020-01,9,144.02,139.448,511.856,152.732,0.235327,0.176071,0.836366,0.192843,612.0,792.0,top-left,PDF points
ANC-JAM-020-01-R05,ANC-JAM-020-01,9,144.02,155.288,266.264,168.572,0.235327,0.196071,0.435072,0.212843,612.0,792.0,top-left,PDF points
ANC-JAM-021-01-R01,ANC-JAM-021-01,9,144.02,155.288,266.264,168.572,0.235327,0.196071,0.435072,0.212843,612.0,792.0,top-left,PDF points
ANC-JAM-022-01-R01,ANC-JAM-022-01,9,108.02,174.92,112.22,188.3,0.176503,0.220859,0.183366,0.237753,612.0,792.0,top-left,PDF points
ANC-JAM-022-01-R02,ANC-JAM-022-01,9,144.02,175.088,515.792,188.372,0.235327,0.221071,0.842797,0.237843,612.0,792.0,top-left,PDF points
ANC-JAM-022-01-R03,ANC-JAM-022-01,9,144.02,190.808,505.532,204.092,0.235327,0.240919,0.826033,0.257692,612.0,792.0,top-left,PDF points
ANC-JAM-022-01-R04,ANC-JAM-022-01,9,144.02,206.528,437.72,219.812,0.235327,0.260768,0.715229,0.27754,612.0,792.0,top-left,PDF points
ANC-JAM-023-01-R01,ANC-JAM-023-01,9,108.02,226.28,112.22,239.66,0.176503,0.285707,0.183366,0.302601,612.0,792.0,top-left,PDF points
ANC-JAM-023-01-R02,ANC-JAM-023-01,9,144.02,226.448,506.18,239.732,0.235327,0.285919,0.827092,0.302692,612.0,792.0,top-left,PDF points
ANC-JAM-023-01-R03,ANC-JAM-023-01,9,144.02,242.198,535.598,255.482,0.235327,0.305806,0.87516,0.322578,612.0,792.0,top-left,PDF points
ANC-JAM-023-01-R04,ANC-JAM-023-01,9,144.02,257.918,186.38,271.202,0.235327,0.325654,0.304542,0.342427,612.0,792.0,top-left,PDF points
ANC-JAM-024-01-R01,ANC-JAM-024-01,9,72.024,294.038,78.024,307.322,0.117686,0.37126,0.12749,0.388033,612.0,792.0,top-left,PDF points
ANC-JAM-024-01-R02,ANC-JAM-024-01,9,93.624,294.038,237.18,307.322,0.15298,0.37126,0.387549,0.388033,612.0,792.0,top-left,PDF points
ANC-JAM-024-01-R03,ANC-JAM-024-01,9,72.024,311.798,539.724,325.082,0.117686,0.393684,0.881902,0.410457,612.0,792.0,top-left,PDF points
ANC-JAM-024-01-R04,ANC-JAM-024-01,9,72.024,326.558,539.664,339.842,0.117686,0.412321,0.881804,0.429093,612.0,792.0,top-left,PDF points
ANC-JAM-024-01-R05,ANC-JAM-024-01,9,72.024,341.318,539.76,354.602,0.117686,0.430957,0.881961,0.44773,612.0,792.0,top-left,PDF points
ANC-JAM-024-01-R06,ANC-JAM-024-01,9,72.024,356.078,539.944,369.362,0.117686,0.449593,0.882261,0.466366,612.0,792.0,top-left,PDF points
ANC-JAM-025-01-R01,ANC-JAM-025-01,9,108.02,586.12,112.22,599.5,0.176503,0.74005,0.183366,0.756944,612.0,792.0,top-left,PDF points
ANC-JAM-025-01-R02,ANC-JAM-025-01,9,144.02,586.288,494.894,599.572,0.235327,0.740263,0.80865,0.757035,612.0,792.0,top-left,PDF points
ANC-JAM-025-01-R03,ANC-JAM-025-01,9,144.02,602.008,515.852,615.292,0.235327,0.760111,0.842895,0.776884,612.0,792.0,top-left,PDF points
ANC-JAM-025-01-R04,ANC-JAM-025-01,9,144.02,617.728,188.996,631.012,0.235327,0.77996,0.308817,0.796732,612.0,792.0,top-left,PDF points
ANC-JAM-026-01-R01,ANC-JAM-026-01,9,108.02,586.12,112.22,599.5,0.176503,0.74005,0.183366,0.756944,612.0,792.0,top-left,PDF points
ANC-JAM-026-01-R02,ANC-JAM-026-01,9,144.02,586.288,494.894,599.572,0.235327,0.740263,0.80865,0.757035,612.0,792.0,top-left,PDF points
ANC-JAM-026-01-R03,ANC-JAM-026-01,9,144.02,602.008,515.852,615.292,0.235327,0.760111,0.842895,0.776884,612.0,792.0,top-left,PDF points
ANC-JAM-026-01-R04,ANC-JAM-026-01,9,144.02,617.728,188.996,631.012,0.235327,0.77996,0.308817,0.796732,612.0,792.0,top-left,PDF points
ANC-JAM-027-01-R01,ANC-JAM-027-01,10,72.024,72.468,539.748,85.752,0.117686,0.0915,0.881941,0.108273,612.0,792.0,top-left,PDF points
ANC-JAM-027-01-R02,ANC-JAM-027-01,10,72.024,87.248,369.828,100.532,0.117686,0.110162,0.604294,0.126934,612.0,792.0,top-left,PDF points
ANC-JAM-028-01-R01,ANC-JAM-028-01,10,128.652,169.688,539.856,182.972,0.210216,0.214253,0.882118,0.231025,612.0,792.0,top-left,PDF points
ANC-JAM-028-01-R02,ANC-JAM-028-01,10,72.024,184.448,397.812,197.732,0.117686,0.232889,0.65002,0.249662,612.0,792.0,top-left,PDF points
ANC-JAM-029-01-R01,ANC-JAM-029-01,2,72.024,547.378,78.024,560.662,0.117686,0.691134,0.12749,0.707907,612.0,792.0,top-left,PDF points
ANC-JAM-029-01-R02,ANC-JAM-029-01,2,93.624,547.378,224.88,560.662,0.15298,0.691134,0.367451,0.707907,612.0,792.0,top-left,PDF points
ANC-JAM-029-01-R03,ANC-JAM-029-01,2,72.024,565.138,539.88,578.422,0.117686,0.713558,0.882157,0.730331,612.0,792.0,top-left,PDF points
ANC-JAM-029-01-R04,ANC-JAM-029-01,2,72.024,578.968,357.444,592.252,0.117686,0.73102,0.584059,0.747793,612.0,792.0,top-left,PDF points
ANC-JAM-030-01-R01,ANC-JAM-030-01,5,90.024,108.128,501.386,121.58,0.147098,0.136525,0.819258,0.15351,612.0,792.0,top-left,PDF points
ANC-JAM-030-01-R02,ANC-JAM-030-01,5,108.02,122.888,536.582,136.172,0.176503,0.155162,0.876768,0.171934,612.0,792.0,top-left,PDF points
ANC-JAM-030-01-R03,ANC-JAM-030-01,5,108.02,137.648,523.328,150.932,0.176503,0.173798,0.855111,0.190571,612.0,792.0,top-left,PDF points
ANC-JAM-031-01-R01,ANC-JAM-031-01,5,90.024,186.008,539.216,199.46,0.147098,0.234859,0.881072,0.251843,612.0,792.0,top-left,PDF points
ANC-JAM-031-01-R02,ANC-JAM-031-01,5,108.02,200.768,491.444,214.052,0.176503,0.253495,0.803013,0.270268,612.0,792.0,top-left,PDF points
ANC-JAM-031-01-R03,ANC-JAM-031-01,5,108.02,215.528,509.984,228.812,0.176503,0.272131,0.833307,0.288904,612.0,792.0,top-left,PDF points
ANC-JAM-032-01-R01,ANC-JAM-032-01,5,90.024,301.478,516.356,314.93,0.147098,0.380654,0.843719,0.397639,612.0,792.0,top-left,PDF points
ANC-JAM-033-01-R01,ANC-JAM-033-01,5,268.34,524.338,539.774,537.622,0.438464,0.662043,0.881984,0.678816,612.0,792.0,top-left,PDF points
ANC-JAM-033-01-R02,ANC-JAM-033-01,5,108.02,539.098,212.876,552.382,0.176503,0.680679,0.347837,0.697452,612.0,792.0,top-left,PDF points
ANC-JAM-033-01-R03,ANC-JAM-033-01,5,90.024,557.818,277.508,571.27,0.147098,0.704316,0.453444,0.721301,612.0,792.0,top-left,PDF points
ANC-JAM-033-01-R04,ANC-JAM-033-01,5,120.14,579.1,126.005,590.14,0.196307,0.731187,0.205891,0.745126,612.0,792.0,top-left,PDF points
ANC-JAM-033-01-R05,ANC-JAM-033-01,5,144.02,576.688,539.708,589.972,0.235327,0.728141,0.881876,0.744914,612.0,792.0,top-left,PDF points
ANC-JAM-033-01-R06,ANC-JAM-033-01,5,144.02,591.448,539.822,604.732,0.235327,0.746778,0.882062,0.76355,612.0,792.0,top-left,PDF points
ANC-JAM-033-01-R07,ANC-JAM-033-01,5,144.02,606.208,191.636,619.492,0.235327,0.765414,0.313131,0.782187,612.0,792.0,top-left,PDF points
ANC-JAM-034-01-R01,ANC-JAM-034-01,6,90.024,72.468,313.628,85.92,0.147098,0.0915,0.512464,0.108485,612.0,792.0,top-left,PDF points
ANC-JAM-034-01-R02,ANC-JAM-034-01,6,120.14,93.62,126.005,104.66,0.196307,0.118207,0.205891,0.132146,612.0,792.0,top-left,PDF points
ANC-JAM-034-01-R03,ANC-JAM-034-01,6,144.02,91.208,539.87,104.492,0.235327,0.115162,0.88214,0.131934,612.0,792.0,top-left,PDF points
ANC-JAM-034-01-R04,ANC-JAM-034-01,6,144.02,106.088,539.684,119.372,0.235327,0.13395,0.881837,0.150722,612.0,792.0,top-left,PDF points
ANC-JAM-034-01-R05,ANC-JAM-034-01,6,144.02,120.848,412.832,134.132,0.235327,0.152586,0.674562,0.169359,612.0,792.0,top-left,PDF points
ANC-JAM-035-01-R01,ANC-JAM-035-01,7,90.024,72.468,514.286,85.92,0.147098,0.0915,0.840337,0.108485,612.0,792.0,top-left,PDF points
ANC-JAM-036-01-R01,ANC-JAM-036-01,6,72.024,353.51,356.672,371.177,0.117686,0.446351,0.582797,0.468658,612.0,792.0,top-left,PDF points
ANC-JAM-036-01-R02,ANC-JAM-036-01,6,72.024,374.918,298.26,388.202,0.117686,0.473381,0.487353,0.490154,612.0,792.0,top-left,PDF points
ANC-JAM-037-01-R01,ANC-JAM-037-01,7,72.024,562.09,234.68,579.757,0.117686,0.709709,0.383464,0.732017,612.0,792.0,top-left,PDF points
ANC-JAM-037-01-R02,ANC-JAM-037-01,7,72.024,583.408,464.868,596.692,0.117686,0.736626,0.759588,0.753399,612.0,792.0,top-left,PDF points
ANC-JAM-038-01-R01,ANC-JAM-038-01,8,72.024,409.498,465.876,422.782,0.117686,0.517043,0.761235,0.533816,612.0,792.0,top-left,PDF points
ANC-JAM-039-01-R01,ANC-JAM-039-01,10,72.024,184.448,539.796,197.732,0.117686,0.232889,0.88202,0.249662,612.0,792.0,top-left,PDF points
ANC-JAM-039-01-R02,ANC-JAM-039-01,10,72.024,199.208,539.64,212.492,0.117686,0.251525,0.881765,0.268298,612.0,792.0,top-left,PDF points
ANC-JAM-040-01-R01,ANC-JAM-040-01,10,72.024,266.918,539.628,280.202,0.117686,0.337018,0.881745,0.35379,612.0,792.0,top-left,PDF points
ANC-JAM-040-01-R02,ANC-JAM-040-01,10,72.024,281.678,539.93,294.962,0.117686,0.355654,0.882239,0.372427,612.0,792.0,top-left,PDF points
ANC-SLE-001-01-R01,ANC-SLE-001-01,9,296.04,484.907,501.155,496.809,0.483726,0.612256,0.81888,0.627284,612.0,792.0,top-left,PDF points
ANC-SLE-001-01-R02,ANC-SLE-001-01,9,296.04,497.507,478.487,509.409,0.483726,0.628165,0.781842,0.643193,612.0,792.0,top-left,PDF points
ANC-SLE-002-01-R01,ANC-SLE-002-01,9,296.04,514.187,515.344,526.089,0.483726,0.649226,0.842065,0.664254,612.0,792.0,top-left,PDF points
ANC-SLE-002-01-R02,ANC-SLE-002-01,9,296.04,526.787,523.35,538.689,0.483726,0.665135,0.855147,0.680163,612.0,792.0,top-left,PDF points
ANC-SLE-003-01-R01,ANC-SLE-003-01,9,296.04,572.867,464.467,584.769,0.483726,0.723317,0.758934,0.738345,612.0,792.0,top-left,PDF points
ANC-SLE-004-01-R01,ANC-SLE-004-01,9,225.12,595.907,535.606,607.809,0.367843,0.752407,0.875173,0.767435,612.0,792.0,top-left,PDF points
ANC-SLE-005-01-R01,ANC-SLE-005-01,9,296.04,618.827,536.965,630.729,0.483726,0.781347,0.877394,0.796375,612.0,792.0,top-left,PDF points
ANC-SLE-005-01-R02,ANC-SLE-005-01,9,296.04,631.427,343.905,643.329,0.483726,0.797256,0.561936,0.812284,612.0,792.0,top-left,PDF points
ANC-SLE-006-01-R01,ANC-SLE-006-01,10,70.56,600.159,541.397,613.352,0.115294,0.757776,0.884636,0.774434,612.0,792.0,top-left,PDF points
ANC-SLE-007-01-R01,ANC-SLE-007-01,10,70.56,636.039,541.536,649.232,0.115294,0.803079,0.884864,0.819737,612.0,792.0,top-left,PDF points
ANC-SLE-008-01-R01,ANC-SLE-008-01,10,116.522,654.034,541.589,667.227,0.190395,0.825801,0.884949,0.842458,612.0,792.0,top-left,PDF points
ANC-SLE-008-01-R02,ANC-SLE-008-01,10,70.56,672.029,437.309,685.222,0.115294,0.848522,0.714557,0.865179,612.0,792.0,top-left,PDF points
ANC-SLE-009-01-R01,ANC-SLE-009-01,11,70.56,129.911,541.522,143.104,0.115294,0.16403,0.88484,0.180687,612.0,792.0,top-left,PDF points
ANC-SLE-010-01-R01,ANC-SLE-010-01,11,307.58,269.104,541.56,282.297,0.502582,0.339777,0.884901,0.356435,612.0,792.0,top-left,PDF points
ANC-SLE-010-01-R02,ANC-SLE-010-01,11,70.56,287.099,374.409,300.292,0.115294,0.362499,0.61178,0.379156,612.0,792.0,top-left,PDF points
ANC-SLE-011-01-R01,ANC-SLE-011-01,11,240.706,408.285,541.542,421.478,0.393311,0.515511,0.884873,0.532169,612.0,792.0,top-left,PDF points
ANC-SLE-011-01-R02,ANC-SLE-011-01,11,70.549,426.28,354.128,439.473,0.115276,0.538233,0.57864,0.55489,612.0,792.0,top-left,PDF points
ANC-SLE-012-01-R01,ANC-SLE-012-01,14,133.92,384.667,205.977,394.275,0.159042,0.646152,0.244616,0.662291,842.04,595.32,top-left,PDF points
ANC-SLE-012-01-R02,ANC-SLE-012-01,14,122.88,393.427,206.564,403.035,0.145931,0.660867,0.245314,0.677006,842.04,595.32,top-left,PDF points
ANC-SLE-012-01-R03,ANC-SLE-012-01,14,217.32,384.667,393.885,394.275,0.258088,0.646152,0.467774,0.662291,842.04,595.32,top-left,PDF points
ANC-SLE-012-01-R04,ANC-SLE-012-01,14,476.28,386.467,491.398,396.075,0.565626,0.649176,0.58358,0.665315,842.04,595.32,top-left,PDF points
ANC-SLE-012-01-R05,ANC-SLE-012-01,14,526.924,386.467,542.042,396.075,0.625771,0.649176,0.643724,0.665315,842.04,595.32,top-left,PDF points
ANC-SLE-012-01-R06,ANC-SLE-012-01,14,576.482,386.467,591.6,396.075,0.684626,0.649176,0.70258,0.665315,842.04,595.32,top-left,PDF points
ANC-SLE-012-01-R07,ANC-SLE-012-01,14,616.92,386.467,632.038,396.075,0.732649,0.649176,0.750603,0.665315,842.04,595.32,top-left,PDF points
ANC-SLE-012-01-R08,ANC-SLE-012-01,14,656.52,386.467,671.638,396.075,0.779678,0.649176,0.797632,0.665315,842.04,595.32,top-left,PDF points
ANC-SLE-012-01-R09,ANC-SLE-012-01,14,696.0,386.467,711.118,396.075,0.826564,0.649176,0.844518,0.665315,842.04,595.32,top-left,PDF points
ANC-SLE-012-01-R10,ANC-SLE-012-01,14,731.88,386.467,746.998,396.075,0.869175,0.649176,0.887129,0.665315,842.04,595.32,top-left,PDF points
ANC-SLE-012-01-R11,ANC-SLE-012-01,14,768.004,386.467,783.121,396.075,0.912075,0.649176,0.930029,0.665315,842.04,595.32,top-left,PDF points
ANC-SLE-012-01-R12,ANC-SLE-012-01,14,217.32,397.507,441.357,407.115,0.258088,0.66772,0.524152,0.683859,842.04,595.32,top-left,PDF points
ANC-SLE-012-01-R13,ANC-SLE-012-01,14,217.32,406.267,243.774,415.875,0.258088,0.682435,0.289504,0.698574,842.04,595.32,top-left,PDF points
ANC-SLE-012-01-R14,ANC-SLE-012-01,14,476.28,404.467,491.398,414.075,0.565626,0.679412,0.58358,0.695551,842.04,595.32,top-left,PDF points
ANC-SLE-012-01-R15,ANC-SLE-012-01,14,526.924,404.467,542.042,414.075,0.625771,0.679412,0.643724,0.695551,842.04,595.32,top-left,PDF points
ANC-SLE-012-01-R16,ANC-SLE-012-01,14,576.482,404.467,591.6,414.075,0.684626,0.679412,0.70258,0.695551,842.04,595.32,top-left,PDF points
ANC-SLE-012-01-R17,ANC-SLE-012-01,14,616.92,404.467,632.038,414.075,0.732649,0.679412,0.750603,0.695551,842.04,595.32,top-left,PDF points
ANC-SLE-012-01-R18,ANC-SLE-012-01,14,656.52,404.467,671.638,414.075,0.779678,0.679412,0.797632,0.695551,842.04,595.32,top-left,PDF points
ANC-SLE-012-01-R19,ANC-SLE-012-01,14,696.004,404.467,711.122,414.075,0.826569,0.679412,0.844523,0.695551,842.04,595.32,top-left,PDF points
ANC-SLE-012-01-R20,ANC-SLE-012-01,14,731.887,404.467,747.005,414.075,0.869183,0.679412,0.887137,0.695551,842.04,595.32,top-left,PDF points
ANC-SLE-012-01-R21,ANC-SLE-012-01,14,768.011,404.467,783.128,414.075,0.912083,0.679412,0.930037,0.695551,842.04,595.32,top-left,PDF points
ANC-SLE-012-01-R22,ANC-SLE-012-01,14,217.32,420.547,386.8,430.155,0.258088,0.706422,0.45936,0.722561,842.04,595.32,top-left,PDF points
ANC-SLE-012-01-R23,ANC-SLE-012-01,14,476.28,423.067,491.398,432.675,0.565626,0.710655,0.58358,0.726794,842.04,595.32,top-left,PDF points
ANC-SLE-012-01-R24,ANC-SLE-012-01,14,526.924,423.067,542.042,432.675,0.625771,0.710655,0.643724,0.726794,842.04,595.32,top-left,PDF points
ANC-SLE-012-01-R25,ANC-SLE-012-01,14,576.482,423.067,591.6,432.675,0.684626,0.710655,0.70258,0.726794,842.04,595.32,top-left,PDF points
ANC-SLE-012-01-R26,ANC-SLE-012-01,14,616.92,423.067,632.038,432.675,0.732649,0.710655,0.750603,0.726794,842.04,595.32,top-left,PDF points
ANC-SLE-012-01-R27,ANC-SLE-012-01,14,656.52,423.067,671.638,432.675,0.779678,0.710655,0.797632,0.726794,842.04,595.32,top-left,PDF points
ANC-SLE-012-01-R28,ANC-SLE-012-01,14,696.004,423.067,711.122,432.675,0.826569,0.710655,0.844523,0.726794,842.04,595.32,top-left,PDF points
ANC-SLE-012-01-R29,ANC-SLE-012-01,14,731.887,423.067,747.005,432.675,0.869183,0.710655,0.887137,0.726794,842.04,595.32,top-left,PDF points
ANC-SLE-012-01-R30,ANC-SLE-012-01,14,768.011,423.067,783.128,432.675,0.912083,0.710655,0.930037,0.726794,842.04,595.32,top-left,PDF points
ANC-SLE-012-01-R31,ANC-SLE-012-01,14,51.12,449.467,90.002,458.713,0.06071,0.755001,0.106886,0.770532,842.04,595.32,top-left,PDF points
ANC-SLE-012-01-R32,ANC-SLE-012-01,14,122.88,449.467,194.201,459.075,0.145931,0.755001,0.230632,0.77114,842.04,595.32,top-left,PDF points
ANC-SLE-012-01-R33,ANC-SLE-012-01,14,217.32,449.467,404.649,459.075,0.258088,0.755001,0.480558,0.77114,842.04,595.32,top-left,PDF points
ANC-SLE-013-01-R01,ANC-SLE-013-01,14,217.32,468.187,422.303,477.795,0.258088,0.786446,0.501524,0.802585,842.04,595.32,top-left,PDF points
ANC-SLE-013-01-R02,ANC-SLE-013-01,14,217.32,476.827,371.004,486.435,0.258088,0.80096,0.440601,0.817099,842.04,595.32,top-left,PDF points
ANC-SLE-014-01-R01,ANC-SLE-014-01,14,217.32,507.787,423.537,517.395,0.258088,0.852965,0.502989,0.869104,842.04,595.32,top-left,PDF points
ANC-SLE-014-01-R02,ANC-SLE-014-01,14,217.32,516.547,381.288,526.155,0.258088,0.86768,0.452815,0.883819,842.04,595.32,top-left,PDF points
ANC-SLE-015-01-R01,ANC-SLE-015-01,15,122.88,123.307,149.08,132.915,0.145931,0.207128,0.177046,0.223267,842.04,595.32,top-left,PDF points
ANC-SLE-015-01-R02,ANC-SLE-015-01,15,226.683,115.507,432.523,125.115,0.269207,0.194026,0.513661,0.210164,842.04,595.32,top-left,PDF points
ANC-SLE-015-01-R03,ANC-SLE-015-01,15,476.28,119.467,491.398,129.075,0.565626,0.200677,0.58358,0.216816,842.04,595.32,top-left,PDF points
ANC-SLE-015-01-R04,ANC-SLE-015-01,15,526.924,119.467,542.042,129.075,0.625771,0.200677,0.643724,0.216816,842.04,595.32,top-left,PDF points
ANC-SLE-015-01-R05,ANC-SLE-015-01,15,576.482,119.467,591.6,129.075,0.684626,0.200677,0.70258,0.216816,842.04,595.32,top-left,PDF points
ANC-SLE-015-01-R06,ANC-SLE-015-01,15,616.92,119.467,632.038,129.075,0.732649,0.200677,0.750603,0.216816,842.04,595.32,top-left,PDF points
ANC-SLE-015-01-R07,ANC-SLE-015-01,15,656.52,119.467,671.638,129.075,0.779678,0.200677,0.797632,0.216816,842.04,595.32,top-left,PDF points
ANC-SLE-015-01-R08,ANC-SLE-015-01,15,696.0,119.467,711.118,129.075,0.826564,0.200677,0.844518,0.216816,842.04,595.32,top-left,PDF points
ANC-SLE-015-01-R09,ANC-SLE-015-01,15,731.88,119.467,746.998,129.075,0.869175,0.200677,0.887129,0.216816,842.04,595.32,top-left,PDF points
ANC-SLE-015-01-R10,ANC-SLE-015-01,15,768.0,119.467,783.118,129.075,0.912071,0.200677,0.930024,0.216816,842.04,595.32,top-left,PDF points
ANC-SLE-015-01-R11,ANC-SLE-015-01,15,122.88,132.547,174.605,142.155,0.145931,0.222649,0.20736,0.238788,842.04,595.32,top-left,PDF points
ANC-SLE-015-01-R12,ANC-SLE-015-01,15,122.88,141.307,175.921,150.915,0.145931,0.237364,0.208923,0.253503,842.04,595.32,top-left,PDF points
ANC-SLE-015-01-R13,ANC-SLE-015-01,15,122.88,149.95,200.697,159.558,0.145931,0.251882,0.238346,0.268021,842.04,595.32,top-left,PDF points
ANC-SLE-015-01-R14,ANC-SLE-015-01,15,122.88,158.707,150.242,168.315,0.145931,0.266592,0.178426,0.282731,842.04,595.32,top-left,PDF points
ANC-SLE-015-01-R15,ANC-SLE-015-01,15,217.32,132.547,429.079,142.155,0.258088,0.222649,0.509571,0.238788,842.04,595.32,top-left,PDF points
ANC-SLE-015-01-R16,ANC-SLE-015-01,15,217.32,141.307,371.575,150.915,0.258088,0.237364,0.441279,0.253503,842.04,595.32,top-left,PDF points
ANC-SLE-015-01-R17,ANC-SLE-015-01,15,476.28,145.627,491.398,155.235,0.565626,0.24462,0.58358,0.260759,842.04,595.32,top-left,PDF points
ANC-SLE-015-01-R18,ANC-SLE-015-01,15,526.924,145.627,542.041,155.235,0.625771,0.24462,0.643723,0.260759,842.04,595.32,top-left,PDF points
ANC-SLE-015-01-R19,ANC-SLE-015-01,15,576.482,145.627,591.6,155.235,0.684626,0.24462,0.70258,0.260759,842.04,595.32,top-left,PDF points
ANC-SLE-015-01-R20,ANC-SLE-015-01,15,616.92,145.627,632.038,155.235,0.732649,0.24462,0.750603,0.260759,842.04,595.32,top-left,PDF points
ANC-SLE-015-01-R21,ANC-SLE-015-01,15,656.52,145.627,671.638,155.235,0.779678,0.24462,0.797632,0.260759,842.04,595.32,top-left,PDF points
ANC-SLE-015-01-R22,ANC-SLE-015-01,15,696.0,145.627,711.118,155.235,0.826564,0.24462,0.844518,0.260759,842.04,595.32,top-left,PDF points
ANC-SLE-015-01-R23,ANC-SLE-015-01,15,731.88,145.627,746.998,155.235,0.869175,0.24462,0.887129,0.260759,842.04,595.32,top-left,PDF points
ANC-SLE-015-01-R24,ANC-SLE-015-01,15,768.004,145.627,783.121,155.235,0.912075,0.24462,0.930029,0.260759,842.04,595.32,top-left,PDF points
ANC-SLE-015-01-R25,ANC-SLE-015-01,15,51.12,182.707,111.058,191.953,0.06071,0.306906,0.131892,0.322437,842.04,595.32,top-left,PDF points
ANC-SLE-015-01-R26,ANC-SLE-015-01,15,51.12,191.347,104.421,200.593,0.06071,0.321419,0.12401,0.33695,842.04,595.32,top-left,PDF points
ANC-SLE-015-01-R27,ANC-SLE-015-01,15,122.88,182.707,175.983,192.315,0.145931,0.306906,0.208996,0.323045,842.04,595.32,top-left,PDF points
ANC-SLE-015-01-R28,ANC-SLE-015-01,15,122.88,191.347,195.185,200.955,0.145931,0.321419,0.2318,0.337558,842.04,595.32,top-left,PDF points
ANC-SLE-015-01-R29,ANC-SLE-015-01,15,217.32,182.707,440.011,192.315,0.258088,0.306906,0.522554,0.323045,842.04,595.32,top-left,PDF points
ANC-SLE-015-01-R30,ANC-SLE-015-01,15,217.32,191.347,246.483,200.955,0.258088,0.321419,0.292721,0.337558,842.04,595.32,top-left,PDF points
ANC-SLE-016-01-R01,ANC-SLE-016-01,15,122.88,141.307,175.921,150.915,0.145931,0.237364,0.208923,0.253503,842.04,595.32,top-left,PDF points
ANC-SLE-016-01-R02,ANC-SLE-016-01,15,122.88,149.95,200.697,159.558,0.145931,0.251882,0.238346,0.268021,842.04,595.32,top-left,PDF points
ANC-SLE-016-01-R03,ANC-SLE-016-01,15,122.88,158.707,150.242,168.315,0.145931,0.266592,0.178426,0.282731,842.04,595.32,top-left,PDF points
ANC-SLE-017-01-R01,ANC-SLE-017-01,15,217.32,240.787,444.125,250.395,0.258088,0.404467,0.527439,0.420606,842.04,595.32,top-left,PDF points
ANC-SLE-017-01-R02,ANC-SLE-017-01,15,217.32,249.427,247.925,259.035,0.258088,0.41898,0.294434,0.435119,842.04,595.32,top-left,PDF points
ANC-SLE-017-01-R03,ANC-SLE-017-01,15,476.28,247.627,491.398,257.235,0.565626,0.415957,0.58358,0.432096,842.04,595.32,top-left,PDF points
ANC-SLE-017-01-R04,ANC-SLE-017-01,15,526.924,247.627,542.042,257.235,0.625771,0.415957,0.643724,0.432096,842.04,595.32,top-left,PDF points
ANC-SLE-017-01-R05,ANC-SLE-017-01,15,576.482,247.627,591.6,257.235,0.684626,0.415957,0.70258,0.432096,842.04,595.32,top-left,PDF points
ANC-SLE-017-01-R06,ANC-SLE-017-01,15,616.92,247.627,632.038,257.235,0.732649,0.415957,0.750603,0.432096,842.04,595.32,top-left,PDF points
ANC-SLE-017-01-R07,ANC-SLE-017-01,15,656.52,247.627,671.638,257.235,0.779678,0.415957,0.797632,0.432096,842.04,595.32,top-left,PDF points
ANC-SLE-017-01-R08,ANC-SLE-017-01,15,696.0,247.627,711.118,257.235,0.826564,0.415957,0.844518,0.432096,842.04,595.32,top-left,PDF points
ANC-SLE-017-01-R09,ANC-SLE-017-01,15,731.88,247.627,746.998,257.235,0.869175,0.415957,0.887129,0.432096,842.04,595.32,top-left,PDF points
ANC-SLE-017-01-R10,ANC-SLE-017-01,15,768.0,247.627,783.118,257.235,0.912071,0.415957,0.930024,0.432096,842.04,595.32,top-left,PDF points
ANC-SLE-017-01-R11,ANC-SLE-017-01,15,217.32,263.707,441.654,273.315,0.258088,0.442967,0.524504,0.459106,842.04,595.32,top-left,PDF points
ANC-SLE-017-01-R12,ANC-SLE-017-01,15,217.32,272.467,359.973,282.075,0.258088,0.457682,0.427501,0.473821,842.04,595.32,top-left,PDF points
ANC-SLE-018-01-R01,ANC-SLE-018-01,15,217.32,313.147,443.068,322.755,0.258088,0.526015,0.526184,0.542154,842.04,595.32,top-left,PDF points
ANC-SLE-018-01-R02,ANC-SLE-018-01,15,217.32,321.787,279.262,331.395,0.258088,0.540528,0.331649,0.556667,842.04,595.32,top-left,PDF points
ANC-SLE-019-01-R01,ANC-SLE-019-01,15,217.32,424.507,424.925,434.115,0.258088,0.713074,0.504638,0.729213,842.04,595.32,top-left,PDF points
ANC-SLE-019-01-R02,ANC-SLE-019-01,15,217.32,433.147,252.277,442.755,0.258088,0.727587,0.299602,0.743726,842.04,595.32,top-left,PDF points
ANC-SLE-020-01-R01,ANC-SLE-020-01,15,217.32,444.547,451.708,454.155,0.258088,0.746737,0.536444,0.762876,842.04,595.32,top-left,PDF points
ANC-SLE-020-01-R02,ANC-SLE-020-01,15,217.32,453.187,341.921,462.795,0.258088,0.76125,0.406063,0.777389,842.04,595.32,top-left,PDF points
ANC-SLE-021-01-R01,ANC-SLE-021-01,15,217.32,380.107,426.895,389.715,0.258088,0.638492,0.506977,0.654631,842.04,595.32,top-left,PDF points
ANC-SLE-021-01-R02,ANC-SLE-021-01,15,768.0,371.707,783.118,381.315,0.912071,0.624382,0.930024,0.640521,842.04,595.32,top-left,PDF points
ANC-SLE-021-01-R03,ANC-SLE-021-01,15,51.12,389.947,107.177,399.193,0.06071,0.655021,0.127283,0.670553,842.04,595.32,top-left,PDF points
ANC-SLE-021-01-R04,ANC-SLE-021-01,15,51.12,398.707,106.682,407.953,0.06071,0.669736,0.126695,0.685267,842.04,595.32,top-left,PDF points
ANC-SLE-021-01-R05,ANC-SLE-021-01,15,51.12,424.507,105.683,433.753,0.06071,0.713074,0.125508,0.728605,842.04,595.32,top-left,PDF points
ANC-SLE-021-01-R06,ANC-SLE-021-01,15,51.12,433.147,94.858,442.393,0.06071,0.727587,0.112652,0.743119,842.04,595.32,top-left,PDF points
ANC-SLE-021-01-R07,ANC-SLE-021-01,15,122.88,424.507,169.15,434.115,0.145931,0.713074,0.200881,0.729213,842.04,595.32,top-left,PDF points
ANC-SLE-021-01-R08,ANC-SLE-021-01,15,122.88,433.147,206.411,442.755,0.145931,0.727587,0.245132,0.743726,842.04,595.32,top-left,PDF points
ANC-SLE-021-01-R09,ANC-SLE-021-01,15,122.88,441.911,187.883,451.519,0.145931,0.742308,0.223128,0.758447,842.04,595.32,top-left,PDF points
ANC-SLE-021-01-R10,ANC-SLE-021-01,15,217.32,424.507,424.925,434.115,0.258088,0.713074,0.504638,0.729213,842.04,595.32,top-left,PDF points
ANC-SLE-021-01-R11,ANC-SLE-021-01,15,217.32,433.147,252.277,442.755,0.258088,0.727587,0.299602,0.743726,842.04,595.32,top-left,PDF points
ANC-SLE-021-01-R12,ANC-SLE-021-01,15,476.28,429.907,491.398,439.515,0.565626,0.722145,0.58358,0.738284,842.04,595.32,top-left,PDF points
ANC-SLE-021-01-R13,ANC-SLE-021-01,15,526.924,429.907,542.042,439.515,0.625771,0.722145,0.643724,0.738284,842.04,595.32,top-left,PDF points
ANC-SLE-021-01-R14,ANC-SLE-021-01,15,576.482,429.907,591.6,439.515,0.684626,0.722145,0.70258,0.738284,842.04,595.32,top-left,PDF points
ANC-SLE-021-01-R15,ANC-SLE-021-01,15,616.92,429.907,632.038,439.515,0.732649,0.722145,0.750603,0.738284,842.04,595.32,top-left,PDF points
ANC-SLE-021-01-R16,ANC-SLE-021-01,15,656.52,429.907,671.638,439.515,0.779678,0.722145,0.797632,0.738284,842.04,595.32,top-left,PDF points
ANC-SLE-021-01-R17,ANC-SLE-021-01,15,696.004,429.907,711.122,439.515,0.826569,0.722145,0.844523,0.738284,842.04,595.32,top-left,PDF points
ANC-SLE-021-01-R18,ANC-SLE-021-01,15,731.887,429.907,747.005,439.515,0.869183,0.722145,0.887137,0.738284,842.04,595.32,top-left,PDF points
ANC-SLE-021-01-R19,ANC-SLE-021-01,15,768.011,429.907,783.128,439.515,0.912083,0.722145,0.930037,0.738284,842.04,595.32,top-left,PDF points
ANC-SLE-021-01-R20,ANC-SLE-021-01,15,217.32,444.547,451.708,454.155,0.258088,0.746737,0.536444,0.762876,842.04,595.32,top-left,PDF points
ANC-SLE-021-01-R21,ANC-SLE-021-01,15,217.32,453.187,341.921,462.795,0.258088,0.76125,0.406063,0.777389,842.04,595.32,top-left,PDF points
ANC-SLE-021-01-R22,ANC-SLE-021-01,15,476.28,451.267,491.398,460.875,0.565626,0.758025,0.58358,0.774164,842.04,595.32,top-left,PDF points
ANC-SLE-021-01-R23,ANC-SLE-021-01,15,526.924,451.267,542.042,460.875,0.625771,0.758025,0.643724,0.774164,842.04,595.32,top-left,PDF points
ANC-SLE-021-01-R24,ANC-SLE-021-01,15,576.482,451.267,591.6,460.875,0.684626,0.758025,0.70258,0.774164,842.04,595.32,top-left,PDF points
ANC-SLE-021-01-R25,ANC-SLE-021-01,15,616.92,451.267,632.038,460.875,0.732649,0.758025,0.750603,0.774164,842.04,595.32,top-left,PDF points
ANC-SLE-021-01-R26,ANC-SLE-021-01,15,656.52,451.267,671.638,460.875,0.779678,0.758025,0.797632,0.774164,842.04,595.32,top-left,PDF points
ANC-SLE-021-01-R27,ANC-SLE-021-01,15,696.004,451.267,711.122,460.875,0.826569,0.758025,0.844523,0.774164,842.04,595.32,top-left,PDF points
ANC-SLE-021-01-R28,ANC-SLE-021-01,15,731.887,451.267,747.005,460.875,0.869183,0.758025,0.887137,0.774164,842.04,595.32,top-left,PDF points
ANC-SLE-021-01-R29,ANC-SLE-021-01,15,768.011,451.267,783.128,460.875,0.912083,0.758025,0.930037,0.774164,842.04,595.32,top-left,PDF points
ANC-SLE-021-01-R30,ANC-SLE-021-01,15,217.32,467.227,341.191,476.835,0.258088,0.784834,0.405195,0.800973,842.04,595.32,top-left,PDF points
ANC-SLE-022-01-R01,ANC-SLE-022-01,15,72.247,424.507,105.683,433.753,0.0858,0.713074,0.125508,0.728605,842.04,595.32,top-left,PDF points
ANC-SLE-022-01-R02,ANC-SLE-022-01,15,51.12,433.147,94.858,442.393,0.06071,0.727587,0.112652,0.743119,842.04,595.32,top-left,PDF points
ANC-SLE-022-01-R03,ANC-SLE-022-01,15,122.88,424.507,169.15,434.115,0.145931,0.713074,0.200881,0.729213,842.04,595.32,top-left,PDF points
ANC-SLE-022-01-R04,ANC-SLE-022-01,15,122.88,433.147,206.411,442.755,0.145931,0.727587,0.245132,0.743726,842.04,595.32,top-left,PDF points
ANC-SLE-022-01-R05,ANC-SLE-022-01,15,122.88,441.911,187.883,451.519,0.145931,0.742308,0.223128,0.758447,842.04,595.32,top-left,PDF points
ANC-SLE-022-01-R06,ANC-SLE-022-01,15,217.32,424.507,424.925,434.115,0.258088,0.713074,0.504638,0.729213,842.04,595.32,top-left,PDF points
ANC-SLE-022-01-R07,ANC-SLE-022-01,15,217.32,433.147,252.277,442.755,0.258088,0.727587,0.299602,0.743726,842.04,595.32,top-left,PDF points
ANC-SLE-022-01-R08,ANC-SLE-022-01,15,476.28,429.907,491.398,439.515,0.565626,0.722145,0.58358,0.738284,842.04,595.32,top-left,PDF points
ANC-SLE-022-01-R09,ANC-SLE-022-01,15,526.924,429.907,542.042,439.515,0.625771,0.722145,0.643724,0.738284,842.04,595.32,top-left,PDF points
ANC-SLE-022-01-R10,ANC-SLE-022-01,15,576.482,429.907,591.6,439.515,0.684626,0.722145,0.70258,0.738284,842.04,595.32,top-left,PDF points
ANC-SLE-022-01-R11,ANC-SLE-022-01,15,616.92,429.907,632.038,439.515,0.732649,0.722145,0.750603,0.738284,842.04,595.32,top-left,PDF points
ANC-SLE-022-01-R12,ANC-SLE-022-01,15,656.52,429.907,671.638,439.515,0.779678,0.722145,0.797632,0.738284,842.04,595.32,top-left,PDF points
ANC-SLE-022-01-R13,ANC-SLE-022-01,15,696.004,429.907,711.122,439.515,0.826569,0.722145,0.844523,0.738284,842.04,595.32,top-left,PDF points
ANC-SLE-022-01-R14,ANC-SLE-022-01,15,731.887,429.907,747.005,439.515,0.869183,0.722145,0.887137,0.738284,842.04,595.32,top-left,PDF points
ANC-SLE-022-01-R15,ANC-SLE-022-01,15,768.011,429.907,783.128,439.515,0.912083,0.722145,0.930037,0.738284,842.04,595.32,top-left,PDF points
ANC-SLE-022-01-R16,ANC-SLE-022-01,15,217.32,444.547,451.708,454.155,0.258088,0.746737,0.536444,0.762876,842.04,595.32,top-left,PDF points
ANC-SLE-022-01-R17,ANC-SLE-022-01,15,217.32,453.187,341.921,462.795,0.258088,0.76125,0.406063,0.777389,842.04,595.32,top-left,PDF points
ANC-SLE-022-01-R18,ANC-SLE-022-01,15,476.28,451.267,491.398,460.875,0.565626,0.758025,0.58358,0.774164,842.04,595.32,top-left,PDF points
ANC-SLE-022-01-R19,ANC-SLE-022-01,15,526.924,451.267,542.042,460.875,0.625771,0.758025,0.643724,0.774164,842.04,595.32,top-left,PDF points
ANC-SLE-022-01-R20,ANC-SLE-022-01,15,576.482,451.267,591.6,460.875,0.684626,0.758025,0.70258,0.774164,842.04,595.32,top-left,PDF points
ANC-SLE-022-01-R21,ANC-SLE-022-01,15,616.92,451.267,632.038,460.875,0.732649,0.758025,0.750603,0.774164,842.04,595.32,top-left,PDF points
ANC-SLE-022-01-R22,ANC-SLE-022-01,15,656.52,451.267,671.638,460.875,0.779678,0.758025,0.797632,0.774164,842.04,595.32,top-left,PDF points
ANC-SLE-022-01-R23,ANC-SLE-022-01,15,696.004,451.267,711.122,460.875,0.826569,0.758025,0.844523,0.774164,842.04,595.32,top-left,PDF points
ANC-SLE-022-01-R24,ANC-SLE-022-01,15,731.887,451.267,747.005,460.875,0.869183,0.758025,0.887137,0.774164,842.04,595.32,top-left,PDF points
ANC-SLE-022-01-R25,ANC-SLE-022-01,15,768.011,451.267,783.128,460.875,0.912083,0.758025,0.930037,0.774164,842.04,595.32,top-left,PDF points
ANC-SLE-022-01-R26,ANC-SLE-022-01,15,217.32,467.227,341.191,476.835,0.258088,0.784834,0.405195,0.800973,842.04,595.32,top-left,PDF points
ANC-SLE-022-01-R27,ANC-SLE-022-01,15,476.28,469.267,491.398,478.875,0.565626,0.788261,0.58358,0.8044,842.04,595.32,top-left,PDF points
ANC-SLE-022-01-R28,ANC-SLE-022-01,15,526.92,469.267,542.038,478.875,0.625766,0.788261,0.64372,0.8044,842.04,595.32,top-left,PDF points
ANC-SLE-022-01-R29,ANC-SLE-022-01,15,576.487,469.267,591.604,478.875,0.684631,0.788261,0.702585,0.8044,842.04,595.32,top-left,PDF points
ANC-SLE-022-01-R30,ANC-SLE-022-01,15,616.92,469.267,632.038,478.875,0.732649,0.788261,0.750603,0.8044,842.04,595.32,top-left,PDF points
ANC-SLE-022-01-R31,ANC-SLE-022-01,15,656.52,469.267,671.638,478.875,0.779678,0.788261,0.797632,0.8044,842.04,595.32,top-left,PDF points
ANC-SLE-022-01-R32,ANC-SLE-022-01,15,696.004,469.267,711.122,478.875,0.826569,0.788261,0.844523,0.8044,842.04,595.32,top-left,PDF points
ANC-SLE-022-01-R33,ANC-SLE-022-01,15,731.887,469.267,747.005,478.875,0.869183,0.788261,0.887137,0.8044,842.04,595.32,top-left,PDF points
ANC-SLE-022-01-R34,ANC-SLE-022-01,15,768.011,469.267,783.128,478.875,0.912083,0.788261,0.930037,0.8044,842.04,595.32,top-left,PDF points
ANC-SLE-022-01-R35,ANC-SLE-022-01,15,217.32,480.547,341.208,490.155,0.258088,0.807208,0.405216,0.823347,842.04,595.32,top-left,PDF points
ANC-SLE-023-01-R01,ANC-SLE-023-01,15,169.684,441.911,187.883,451.519,0.201515,0.742308,0.223128,0.758447,842.04,595.32,top-left,PDF points
ANC-SLE-023-01-R02,ANC-SLE-023-01,15,217.32,444.547,451.708,454.155,0.258088,0.746737,0.536444,0.762876,842.04,595.32,top-left,PDF points
ANC-SLE-023-01-R03,ANC-SLE-023-01,15,217.32,453.187,341.921,462.795,0.258088,0.76125,0.406063,0.777389,842.04,595.32,top-left,PDF points
ANC-SLE-023-01-R04,ANC-SLE-023-01,15,476.28,451.267,491.398,460.875,0.565626,0.758025,0.58358,0.774164,842.04,595.32,top-left,PDF points
ANC-SLE-023-01-R05,ANC-SLE-023-01,15,526.924,451.267,542.042,460.875,0.625771,0.758025,0.643724,0.774164,842.04,595.32,top-left,PDF points
ANC-SLE-023-01-R06,ANC-SLE-023-01,15,576.482,451.267,591.6,460.875,0.684626,0.758025,0.70258,0.774164,842.04,595.32,top-left,PDF points
ANC-SLE-023-01-R07,ANC-SLE-023-01,15,616.92,451.267,632.038,460.875,0.732649,0.758025,0.750603,0.774164,842.04,595.32,top-left,PDF points
ANC-SLE-023-01-R08,ANC-SLE-023-01,15,656.52,451.267,671.638,460.875,0.779678,0.758025,0.797632,0.774164,842.04,595.32,top-left,PDF points
ANC-SLE-023-01-R09,ANC-SLE-023-01,15,696.004,451.267,711.122,460.875,0.826569,0.758025,0.844523,0.774164,842.04,595.32,top-left,PDF points
ANC-SLE-023-01-R10,ANC-SLE-023-01,15,731.887,451.267,747.005,460.875,0.869183,0.758025,0.887137,0.774164,842.04,595.32,top-left,PDF points
ANC-SLE-023-01-R11,ANC-SLE-023-01,15,768.011,451.267,783.128,460.875,0.912083,0.758025,0.930037,0.774164,842.04,595.32,top-left,PDF points
ANC-SLE-023-01-R12,ANC-SLE-023-01,15,217.32,467.227,341.191,476.835,0.258088,0.784834,0.405195,0.800973,842.04,595.32,top-left,PDF points
ANC-SLE-023-01-R13,ANC-SLE-023-01,15,476.28,469.267,491.398,478.875,0.565626,0.788261,0.58358,0.8044,842.04,595.32,top-left,PDF points
ANC-SLE-023-01-R14,ANC-SLE-023-01,15,526.92,469.267,542.038,478.875,0.625766,0.788261,0.64372,0.8044,842.04,595.32,top-left,PDF points
ANC-SLE-023-01-R15,ANC-SLE-023-01,15,576.487,469.267,591.604,478.875,0.684631,0.788261,0.702585,0.8044,842.04,595.32,top-left,PDF points
ANC-SLE-023-01-R16,ANC-SLE-023-01,15,616.92,469.267,632.038,478.875,0.732649,0.788261,0.750603,0.8044,842.04,595.32,top-left,PDF points
ANC-SLE-023-01-R17,ANC-SLE-023-01,15,656.52,469.267,671.638,478.875,0.779678,0.788261,0.797632,0.8044,842.04,595.32,top-left,PDF points
ANC-SLE-023-01-R18,ANC-SLE-023-01,15,696.004,469.267,711.122,478.875,0.826569,0.788261,0.844523,0.8044,842.04,595.32,top-left,PDF points
ANC-SLE-023-01-R19,ANC-SLE-023-01,15,731.887,469.267,747.005,478.875,0.869183,0.788261,0.887137,0.8044,842.04,595.32,top-left,PDF points
ANC-SLE-023-01-R20,ANC-SLE-023-01,15,768.011,469.267,783.128,478.875,0.912083,0.788261,0.930037,0.8044,842.04,595.32,top-left,PDF points
ANC-SLE-023-01-R21,ANC-SLE-023-01,15,217.32,480.547,423.369,490.155,0.258088,0.807208,0.50279,0.823347,842.04,595.32,top-left,PDF points
ANC-SLE-023-01-R22,ANC-SLE-023-01,15,217.32,489.307,371.066,498.915,0.258088,0.821923,0.440675,0.838062,842.04,595.32,top-left,PDF points
ANC-SLE-023-01-R23,ANC-SLE-023-01,15,476.272,487.265,491.39,496.873,0.565617,0.818493,0.583571,0.834632,842.04,595.32,top-left,PDF points
ANC-SLE-023-01-R24,ANC-SLE-023-01,15,526.916,487.265,542.034,496.873,0.625762,0.818493,0.643715,0.834632,842.04,595.32,top-left,PDF points
ANC-SLE-023-01-R25,ANC-SLE-023-01,15,576.483,487.265,591.601,496.873,0.684627,0.818493,0.70258,0.834632,842.04,595.32,top-left,PDF points
ANC-SLE-023-01-R26,ANC-SLE-023-01,15,616.924,487.265,632.042,496.873,0.732654,0.818493,0.750608,0.834632,842.04,595.32,top-left,PDF points
ANC-SLE-023-01-R27,ANC-SLE-023-01,15,656.529,487.265,671.647,496.873,0.779689,0.818493,0.797642,0.834632,842.04,595.32,top-left,PDF points
ANC-SLE-023-01-R28,ANC-SLE-023-01,15,696.0,487.267,711.118,496.875,0.826564,0.818496,0.844518,0.834635,842.04,595.32,top-left,PDF points
ANC-SLE-023-01-R29,ANC-SLE-023-01,15,731.883,487.267,747.0,496.875,0.869178,0.818496,0.887131,0.834635,842.04,595.32,top-left,PDF points
ANC-SLE-023-01-R30,ANC-SLE-023-01,15,768.006,487.267,783.124,496.875,0.912078,0.818496,0.930032,0.834635,842.04,595.32,top-left,PDF points
ANC-SLE-023-01-R31,ANC-SLE-023-01,15,217.32,503.347,424.52,512.955,0.258088,0.845507,0.504157,0.861646,842.04,595.32,top-left,PDF points
ANC-SLE-024-01-R01,ANC-SLE-024-01,16,51.12,76.707,105.195,87.057,0.06071,0.12885,0.124928,0.146236,842.04,595.32,top-left,PDF points
ANC-SLE-024-01-R02,ANC-SLE-024-01,16,122.88,76.707,190.181,87.057,0.145931,0.12885,0.225858,0.146236,842.04,595.32,top-left,PDF points
ANC-SLE-024-01-R03,ANC-SLE-024-01,16,217.32,76.707,290.663,87.057,0.258088,0.12885,0.345189,0.146236,842.04,595.32,top-left,PDF points
ANC-SLE-024-01-R04,ANC-SLE-024-01,16,464.88,76.707,502.028,87.057,0.552088,0.12885,0.596205,0.146236,842.04,595.32,top-left,PDF points
ANC-SLE-024-01-R05,ANC-SLE-024-01,16,464.88,86.547,492.414,96.897,0.552088,0.145379,0.584787,0.162765,842.04,595.32,top-left,PDF points
ANC-SLE-024-01-R06,ANC-SLE-024-01,16,513.36,76.707,548.46,87.057,0.609662,0.12885,0.651347,0.146236,842.04,595.32,top-left,PDF points
ANC-SLE-024-01-R07,ANC-SLE-024-01,16,515.763,86.547,543.297,96.897,0.612516,0.145379,0.645215,0.162765,842.04,595.32,top-left,PDF points
ANC-SLE-024-01-R08,ANC-SLE-024-01,16,566.4,76.707,592.982,87.057,0.672652,0.12885,0.704221,0.146236,842.04,595.32,top-left,PDF points
ANC-SLE-024-01-R09,ANC-SLE-024-01,16,568.803,86.547,596.337,96.897,0.675506,0.145379,0.708205,0.162765,842.04,595.32,top-left,PDF points
ANC-SLE-024-01-R10,ANC-SLE-024-01,16,691.32,76.707,708.538,87.057,0.821006,0.12885,0.841454,0.146236,842.04,595.32,top-left,PDF points
ANC-SLE-024-01-R11,ANC-SLE-024-01,16,614.88,87.027,634.059,97.377,0.730227,0.146185,0.753004,0.163571,842.04,595.32,top-left,PDF points
ANC-SLE-024-01-R12,ANC-SLE-024-01,16,654.48,87.027,673.659,97.377,0.777255,0.146185,0.800032,0.163571,842.04,595.32,top-left,PDF points
ANC-SLE-024-01-R13,ANC-SLE-024-01,16,693.96,87.027,713.139,97.377,0.824141,0.146185,0.846918,0.163571,842.04,595.32,top-left,PDF points
ANC-SLE-024-01-R14,ANC-SLE-024-01,16,729.84,87.027,749.019,97.377,0.866752,0.146185,0.889529,0.163571,842.04,595.32,top-left,PDF points
ANC-SLE-024-01-R15,ANC-SLE-024-01,16,765.96,87.027,785.139,97.377,0.909648,0.146185,0.932425,0.163571,842.04,595.32,top-left,PDF points
ANC-SLE-024-01-R16,ANC-SLE-024-01,16,122.88,97.267,182.158,106.875,0.145931,0.163387,0.21633,0.179526,842.04,595.32,top-left,PDF points
ANC-SLE-024-01-R17,ANC-SLE-024-01,16,122.88,105.907,187.333,115.515,0.145931,0.1779,0.222476,0.194039,842.04,595.32,top-left,PDF points
ANC-SLE-024-01-R18,ANC-SLE-024-01,16,122.88,114.671,205.443,124.279,0.145931,0.192621,0.243982,0.20876,842.04,595.32,top-left,PDF points
ANC-SLE-024-01-R19,ANC-SLE-024-01,16,122.88,123.314,161.804,132.922,0.145931,0.207139,0.192157,0.223278,842.04,595.32,top-left,PDF points
ANC-SLE-024-01-R20,ANC-SLE-024-01,16,122.88,132.078,198.643,141.685,0.145931,0.22186,0.235907,0.237999,842.04,595.32,top-left,PDF points
ANC-SLE-024-01-R21,ANC-SLE-024-01,16,217.32,97.267,373.601,106.875,0.258088,0.163387,0.443686,0.179526,842.04,595.32,top-left,PDF points
ANC-SLE-024-01-R22,ANC-SLE-024-01,16,476.28,100.027,491.398,109.635,0.565626,0.168023,0.58358,0.184162,842.04,595.32,top-left,PDF points
ANC-SLE-024-01-R23,ANC-SLE-024-01,16,526.924,100.027,542.042,109.635,0.625771,0.168023,0.643724,0.184162,842.04,595.32,top-left,PDF points
ANC-SLE-024-01-R24,ANC-SLE-024-01,16,576.482,100.027,591.6,109.635,0.684626,0.168023,0.70258,0.184162,842.04,595.32,top-left,PDF points
ANC-SLE-024-01-R25,ANC-SLE-024-01,16,616.92,100.027,632.038,109.635,0.732649,0.168023,0.750603,0.184162,842.04,595.32,top-left,PDF points
ANC-SLE-024-01-R26,ANC-SLE-024-01,16,656.52,100.027,671.638,109.635,0.779678,0.168023,0.797632,0.184162,842.04,595.32,top-left,PDF points
ANC-SLE-024-01-R27,ANC-SLE-024-01,16,696.0,100.027,711.118,109.635,0.826564,0.168023,0.844518,0.184162,842.04,595.32,top-left,PDF points
ANC-SLE-024-01-R28,ANC-SLE-024-01,16,731.883,100.027,747.0,109.635,0.869178,0.168023,0.887131,0.184162,842.04,595.32,top-left,PDF points
ANC-SLE-024-01-R29,ANC-SLE-024-01,16,768.006,100.027,783.124,109.635,0.912078,0.168023,0.930032,0.184162,842.04,595.32,top-left,PDF points
ANC-SLE-024-01-R30,ANC-SLE-024-01,16,217.32,111.907,423.895,121.515,0.258088,0.187978,0.503414,0.204117,842.04,595.32,top-left,PDF points
ANC-SLE-024-01-R31,ANC-SLE-024-01,16,217.32,120.667,371.891,130.275,0.258088,0.202693,0.441655,0.218832,842.04,595.32,top-left,PDF points
ANC-SLE-024-01-R32,ANC-SLE-024-01,16,476.28,116.347,491.398,125.955,0.565626,0.195437,0.58358,0.211575,842.04,595.32,top-left,PDF points
ANC-SLE-024-01-R33,ANC-SLE-024-01,16,526.924,116.347,542.042,125.955,0.625771,0.195437,0.643724,0.211575,842.04,595.32,top-left,PDF points
ANC-SLE-024-01-R34,ANC-SLE-024-01,16,576.482,116.347,591.6,125.955,0.684626,0.195437,0.70258,0.211575,842.04,595.32,top-left,PDF points
ANC-SLE-024-01-R35,ANC-SLE-024-01,16,616.924,116.347,632.041,125.955,0.732654,0.195437,0.750607,0.211575,842.04,595.32,top-left,PDF points
ANC-SLE-024-01-R36,ANC-SLE-024-01,16,656.529,116.347,671.646,125.955,0.779688,0.195437,0.797642,0.211575,842.04,595.32,top-left,PDF points
ANC-SLE-024-01-R37,ANC-SLE-024-01,16,696.0,116.347,711.118,125.955,0.826564,0.195437,0.844518,0.211575,842.04,595.32,top-left,PDF points
ANC-SLE-024-01-R38,ANC-SLE-024-01,16,731.88,116.347,746.998,125.955,0.869175,0.195437,0.887129,0.211575,842.04,595.32,top-left,PDF points
ANC-SLE-024-01-R39,ANC-SLE-024-01,16,768.0,116.347,783.118,125.955,0.912071,0.195437,0.930024,0.211575,842.04,595.32,top-left,PDF points
ANC-SLE-024-01-R40,ANC-SLE-024-01,16,217.32,129.907,316.055,139.515,0.258088,0.218214,0.375344,0.234353,842.04,595.32,top-left,PDF points
ANC-SLE-025-01-R01,ANC-SLE-025-01,16,217.32,111.907,423.895,121.515,0.258088,0.187978,0.503414,0.204117,842.04,595.32,top-left,PDF points
ANC-SLE-026-01-R01,ANC-SLE-026-01,16,217.32,129.907,386.241,139.515,0.258088,0.218214,0.458697,0.234353,842.04,595.32,top-left,PDF points
ANC-SLE-027-01-R01,ANC-SLE-027-01,16,217.32,143.707,427.197,153.315,0.258088,0.241395,0.507336,0.257534,842.04,595.32,top-left,PDF points
ANC-SLE-028-01-R01,ANC-SLE-028-01,16,318.253,129.907,386.241,139.515,0.377955,0.218214,0.458697,0.234353,842.04,595.32,top-left,PDF points
ANC-SLE-028-01-R02,ANC-SLE-028-01,16,476.28,132.187,491.398,141.795,0.565626,0.222044,0.58358,0.238183,842.04,595.32,top-left,PDF points
ANC-SLE-028-01-R03,ANC-SLE-028-01,16,526.924,132.187,542.042,141.795,0.625771,0.222044,0.643724,0.238183,842.04,595.32,top-left,PDF points
ANC-SLE-028-01-R04,ANC-SLE-028-01,16,576.482,132.187,591.6,141.795,0.684626,0.222044,0.70258,0.238183,842.04,595.32,top-left,PDF points
ANC-SLE-028-01-R05,ANC-SLE-028-01,16,616.92,132.187,632.038,141.795,0.732649,0.222044,0.750603,0.238183,842.04,595.32,top-left,PDF points
ANC-SLE-028-01-R06,ANC-SLE-028-01,16,656.52,132.187,671.638,141.795,0.779678,0.222044,0.797632,0.238183,842.04,595.32,top-left,PDF points
ANC-SLE-028-01-R07,ANC-SLE-028-01,16,696.004,132.187,711.122,141.795,0.826569,0.222044,0.844523,0.238183,842.04,595.32,top-left,PDF points
ANC-SLE-028-01-R08,ANC-SLE-028-01,16,731.887,132.187,747.005,141.795,0.869183,0.222044,0.887137,0.238183,842.04,595.32,top-left,PDF points
ANC-SLE-028-01-R09,ANC-SLE-028-01,16,768.011,132.187,783.128,141.795,0.912083,0.222044,0.930037,0.238183,842.04,595.32,top-left,PDF points
ANC-SLE-028-01-R10,ANC-SLE-028-01,16,217.32,143.707,427.197,153.315,0.258088,0.241395,0.507336,0.257534,842.04,595.32,top-left,PDF points
ANC-SLE-028-01-R11,ANC-SLE-028-01,16,476.28,149.587,491.398,159.195,0.565626,0.251272,0.58358,0.267411,842.04,595.32,top-left,PDF points
ANC-SLE-028-01-R12,ANC-SLE-028-01,16,526.924,149.587,542.042,159.195,0.625771,0.251272,0.643724,0.267411,842.04,595.32,top-left,PDF points
ANC-SLE-028-01-R13,ANC-SLE-028-01,16,576.482,149.587,591.6,159.195,0.684626,0.251272,0.70258,0.267411,842.04,595.32,top-left,PDF points
ANC-SLE-028-01-R14,ANC-SLE-028-01,16,616.92,149.587,632.038,159.195,0.732649,0.251272,0.750603,0.267411,842.04,595.32,top-left,PDF points
ANC-SLE-028-01-R15,ANC-SLE-028-01,16,656.525,149.587,671.643,159.195,0.779684,0.251272,0.797638,0.267411,842.04,595.32,top-left,PDF points
ANC-SLE-028-01-R16,ANC-SLE-028-01,16,696.009,149.587,711.127,159.195,0.826575,0.251272,0.844529,0.267411,842.04,595.32,top-left,PDF points
ANC-SLE-028-01-R17,ANC-SLE-028-01,16,731.892,149.587,747.01,159.195,0.869189,0.251272,0.887143,0.267411,842.04,595.32,top-left,PDF points
ANC-SLE-028-01-R18,ANC-SLE-028-01,16,768.016,149.587,783.133,159.195,0.912089,0.251272,0.930043,0.267411,842.04,595.32,top-left,PDF points
ANC-SLE-028-01-R19,ANC-SLE-028-01,16,217.32,164.827,450.669,174.435,0.258088,0.276872,0.535211,0.293011,842.04,595.32,top-left,PDF points
ANC-SLE-028-01-R20,ANC-SLE-028-01,16,217.32,173.587,440.942,183.195,0.258088,0.291587,0.523659,0.307725,842.04,595.32,top-left,PDF points
ANC-SLE-028-01-R21,ANC-SLE-028-01,16,476.28,172.027,491.398,181.635,0.565626,0.288966,0.58358,0.305105,842.04,595.32,top-left,PDF points
ANC-SLE-028-01-R22,ANC-SLE-028-01,16,526.924,172.027,542.042,181.635,0.625771,0.288966,0.643724,0.305105,842.04,595.32,top-left,PDF points
ANC-SLE-028-01-R23,ANC-SLE-028-01,16,576.482,172.027,591.6,181.635,0.684626,0.288966,0.70258,0.305105,842.04,595.32,top-left,PDF points
ANC-SLE-028-01-R24,ANC-SLE-028-01,16,616.92,172.027,632.038,181.635,0.732649,0.288966,0.750603,0.305105,842.04,595.32,top-left,PDF points
ANC-SLE-028-01-R25,ANC-SLE-028-01,16,656.52,172.027,671.638,181.635,0.779678,0.288966,0.797632,0.305105,842.04,595.32,top-left,PDF points
ANC-SLE-028-01-R26,ANC-SLE-028-01,16,696.004,172.027,711.122,181.635,0.826569,0.288966,0.844523,0.305105,842.04,595.32,top-left,PDF points
ANC-SLE-028-01-R27,ANC-SLE-028-01,16,731.887,172.027,747.005,181.635,0.869183,0.288966,0.887137,0.305105,842.04,595.32,top-left,PDF points
ANC-SLE-028-01-R28,ANC-SLE-028-01,16,768.011,172.027,783.128,181.635,0.912083,0.288966,0.930037,0.305105,842.04,595.32,top-left,PDF points
ANC-SLE-028-01-R29,ANC-SLE-028-01,16,217.32,188.467,327.763,198.075,0.258088,0.316582,0.389249,0.33272,842.04,595.32,top-left,PDF points
ANC-SLE-028-01-R30,ANC-SLE-028-01,16,476.28,191.227,491.398,200.835,0.565626,0.321218,0.58358,0.337357,842.04,595.32,top-left,PDF points
ANC-SLE-028-01-R31,ANC-SLE-028-01,16,526.924,191.227,542.042,200.835,0.625771,0.321218,0.643724,0.337357,842.04,595.32,top-left,PDF points
ANC-SLE-028-01-R32,ANC-SLE-028-01,16,576.482,191.227,591.6,200.835,0.684626,0.321218,0.70258,0.337357,842.04,595.32,top-left,PDF points
ANC-SLE-028-01-R33,ANC-SLE-028-01,16,616.92,191.227,632.038,200.835,0.732649,0.321218,0.750603,0.337357,842.04,595.32,top-left,PDF points
ANC-SLE-028-01-R34,ANC-SLE-028-01,16,656.52,191.227,671.638,200.835,0.779678,0.321218,0.797632,0.337357,842.04,595.32,top-left,PDF points
ANC-SLE-028-01-R35,ANC-SLE-028-01,16,696.0,191.227,711.118,200.835,0.826564,0.321218,0.844518,0.337357,842.04,595.32,top-left,PDF points
ANC-SLE-028-01-R36,ANC-SLE-028-01,16,731.88,191.227,746.998,200.835,0.869175,0.321218,0.887129,0.337357,842.04,595.32,top-left,PDF points
ANC-SLE-028-01-R37,ANC-SLE-028-01,16,768.0,191.227,783.118,200.835,0.912071,0.321218,0.930024,0.337357,842.04,595.32,top-left,PDF points
ANC-SLE-028-01-R38,ANC-SLE-028-01,16,122.88,203.227,199.402,212.835,0.145931,0.341375,0.236809,0.357514,842.04,595.32,top-left,PDF points
ANC-SLE-028-01-R39,ANC-SLE-028-01,16,217.32,203.227,283.406,212.835,0.258088,0.341375,0.33657,0.357514,842.04,595.32,top-left,PDF points
ANC-SLE-029-01-R01,ANC-SLE-029-01,16,696.004,132.187,711.122,141.795,0.826569,0.222044,0.844523,0.238183,842.04,595.32,top-left,PDF points
ANC-SLE-029-01-R02,ANC-SLE-029-01,16,731.887,132.187,747.005,141.795,0.869183,0.222044,0.887137,0.238183,842.04,595.32,top-left,PDF points
ANC-SLE-029-01-R03,ANC-SLE-029-01,16,768.011,132.187,783.128,141.795,0.912083,0.222044,0.930037,0.238183,842.04,595.32,top-left,PDF points
ANC-SLE-029-01-R04,ANC-SLE-029-01,16,217.32,143.707,427.197,153.315,0.258088,0.241395,0.507336,0.257534,842.04,595.32,top-left,PDF points
ANC-SLE-029-01-R05,ANC-SLE-029-01,16,476.28,149.587,491.398,159.195,0.565626,0.251272,0.58358,0.267411,842.04,595.32,top-left,PDF points
ANC-SLE-029-01-R06,ANC-SLE-029-01,16,526.924,149.587,542.042,159.195,0.625771,0.251272,0.643724,0.267411,842.04,595.32,top-left,PDF points
ANC-SLE-029-01-R07,ANC-SLE-029-01,16,576.482,149.587,591.6,159.195,0.684626,0.251272,0.70258,0.267411,842.04,595.32,top-left,PDF points
ANC-SLE-029-01-R08,ANC-SLE-029-01,16,616.92,149.587,632.038,159.195,0.732649,0.251272,0.750603,0.267411,842.04,595.32,top-left,PDF points
ANC-SLE-029-01-R09,ANC-SLE-029-01,16,656.525,149.587,671.643,159.195,0.779684,0.251272,0.797638,0.267411,842.04,595.32,top-left,PDF points
ANC-SLE-029-01-R10,ANC-SLE-029-01,16,696.009,149.587,711.127,159.195,0.826575,0.251272,0.844529,0.267411,842.04,595.32,top-left,PDF points
ANC-SLE-029-01-R11,ANC-SLE-029-01,16,731.892,149.587,747.01,159.195,0.869189,0.251272,0.887143,0.267411,842.04,595.32,top-left,PDF points
ANC-SLE-029-01-R12,ANC-SLE-029-01,16,768.016,149.587,783.133,159.195,0.912089,0.251272,0.930043,0.267411,842.04,595.32,top-left,PDF points
ANC-SLE-029-01-R13,ANC-SLE-029-01,16,217.32,164.827,450.669,174.435,0.258088,0.276872,0.535211,0.293011,842.04,595.32,top-left,PDF points
ANC-SLE-029-01-R14,ANC-SLE-029-01,16,217.32,173.587,440.942,183.195,0.258088,0.291587,0.523659,0.307725,842.04,595.32,top-left,PDF points
ANC-SLE-029-01-R15,ANC-SLE-029-01,16,476.28,172.027,491.398,181.635,0.565626,0.288966,0.58358,0.305105,842.04,595.32,top-left,PDF points
ANC-SLE-029-01-R16,ANC-SLE-029-01,16,526.924,172.027,542.042,181.635,0.625771,0.288966,0.643724,0.305105,842.04,595.32,top-left,PDF points
ANC-SLE-029-01-R17,ANC-SLE-029-01,16,576.482,172.027,591.6,181.635,0.684626,0.288966,0.70258,0.305105,842.04,595.32,top-left,PDF points
ANC-SLE-029-01-R18,ANC-SLE-029-01,16,616.92,172.027,632.038,181.635,0.732649,0.288966,0.750603,0.305105,842.04,595.32,top-left,PDF points
ANC-SLE-029-01-R19,ANC-SLE-029-01,16,656.52,172.027,671.638,181.635,0.779678,0.288966,0.797632,0.305105,842.04,595.32,top-left,PDF points
ANC-SLE-029-01-R20,ANC-SLE-029-01,16,696.004,172.027,711.122,181.635,0.826569,0.288966,0.844523,0.305105,842.04,595.32,top-left,PDF points
ANC-SLE-029-01-R21,ANC-SLE-029-01,16,731.887,172.027,747.005,181.635,0.869183,0.288966,0.887137,0.305105,842.04,595.32,top-left,PDF points
ANC-SLE-029-01-R22,ANC-SLE-029-01,16,768.011,172.027,783.128,181.635,0.912083,0.288966,0.930037,0.305105,842.04,595.32,top-left,PDF points
ANC-SLE-029-01-R23,ANC-SLE-029-01,16,217.32,188.467,327.763,198.075,0.258088,0.316582,0.389249,0.33272,842.04,595.32,top-left,PDF points
ANC-SLE-029-01-R24,ANC-SLE-029-01,16,476.28,191.227,491.398,200.835,0.565626,0.321218,0.58358,0.337357,842.04,595.32,top-left,PDF points
ANC-SLE-029-01-R25,ANC-SLE-029-01,16,526.924,191.227,542.042,200.835,0.625771,0.321218,0.643724,0.337357,842.04,595.32,top-left,PDF points
ANC-SLE-029-01-R26,ANC-SLE-029-01,16,576.482,191.227,591.6,200.835,0.684626,0.321218,0.70258,0.337357,842.04,595.32,top-left,PDF points
ANC-SLE-029-01-R27,ANC-SLE-029-01,16,616.92,191.227,632.038,200.835,0.732649,0.321218,0.750603,0.337357,842.04,595.32,top-left,PDF points
ANC-SLE-029-01-R28,ANC-SLE-029-01,16,656.52,191.227,671.638,200.835,0.779678,0.321218,0.797632,0.337357,842.04,595.32,top-left,PDF points
ANC-SLE-029-01-R29,ANC-SLE-029-01,16,696.0,191.227,711.118,200.835,0.826564,0.321218,0.844518,0.337357,842.04,595.32,top-left,PDF points
ANC-SLE-029-01-R30,ANC-SLE-029-01,16,731.88,191.227,746.998,200.835,0.869175,0.321218,0.887129,0.337357,842.04,595.32,top-left,PDF points
ANC-SLE-029-01-R31,ANC-SLE-029-01,16,768.0,191.227,783.118,200.835,0.912071,0.321218,0.930024,0.337357,842.04,595.32,top-left,PDF points
ANC-SLE-029-01-R32,ANC-SLE-029-01,16,122.88,203.227,199.402,212.835,0.145931,0.341375,0.236809,0.357514,842.04,595.32,top-left,PDF points
ANC-SLE-029-01-R33,ANC-SLE-029-01,16,122.88,211.987,204.723,221.595,0.145931,0.35609,0.243128,0.372229,842.04,595.32,top-left,PDF points
ANC-SLE-029-01-R34,ANC-SLE-029-01,16,217.32,203.227,437.544,212.835,0.258088,0.341375,0.519623,0.357514,842.04,595.32,top-left,PDF points
ANC-SLE-030-01-R01,ANC-SLE-030-01,16,526.924,191.227,542.042,200.835,0.625771,0.321218,0.643724,0.337357,842.04,595.32,top-left,PDF points
ANC-SLE-030-01-R02,ANC-SLE-030-01,16,576.482,191.227,591.6,200.835,0.684626,0.321218,0.70258,0.337357,842.04,595.32,top-left,PDF points
ANC-SLE-030-01-R03,ANC-SLE-030-01,16,616.92,191.227,632.038,200.835,0.732649,0.321218,0.750603,0.337357,842.04,595.32,top-left,PDF points
ANC-SLE-030-01-R04,ANC-SLE-030-01,16,656.52,191.227,671.638,200.835,0.779678,0.321218,0.797632,0.337357,842.04,595.32,top-left,PDF points
ANC-SLE-030-01-R05,ANC-SLE-030-01,16,696.0,191.227,711.118,200.835,0.826564,0.321218,0.844518,0.337357,842.04,595.32,top-left,PDF points
ANC-SLE-030-01-R06,ANC-SLE-030-01,16,731.88,191.227,746.998,200.835,0.869175,0.321218,0.887129,0.337357,842.04,595.32,top-left,PDF points
ANC-SLE-030-01-R07,ANC-SLE-030-01,16,768.0,191.227,783.118,200.835,0.912071,0.321218,0.930024,0.337357,842.04,595.32,top-left,PDF points
ANC-SLE-030-01-R08,ANC-SLE-030-01,16,122.88,203.227,199.402,212.835,0.145931,0.341375,0.236809,0.357514,842.04,595.32,top-left,PDF points
ANC-SLE-030-01-R09,ANC-SLE-030-01,16,122.88,211.987,204.723,221.595,0.145931,0.35609,0.243128,0.372229,842.04,595.32,top-left,PDF points
ANC-SLE-030-01-R10,ANC-SLE-030-01,16,122.88,220.63,173.325,230.238,0.145931,0.370608,0.205839,0.386747,842.04,595.32,top-left,PDF points
ANC-SLE-030-01-R11,ANC-SLE-030-01,16,122.88,229.387,164.062,238.995,0.145931,0.385318,0.194839,0.401457,842.04,595.32,top-left,PDF points
ANC-SLE-030-01-R12,ANC-SLE-030-01,16,217.32,203.227,437.544,212.835,0.258088,0.341375,0.519623,0.357514,842.04,595.32,top-left,PDF points
ANC-SLE-030-01-R13,ANC-SLE-030-01,16,217.32,211.987,451.573,221.595,0.258088,0.35609,0.536285,0.372229,842.04,595.32,top-left,PDF points
ANC-SLE-030-01-R14,ANC-SLE-030-01,16,217.32,220.627,288.526,230.235,0.258088,0.370603,0.342651,0.386742,842.04,595.32,top-left,PDF points
ANC-SLE-030-01-R15,ANC-SLE-030-01,16,476.28,211.987,491.398,221.595,0.565626,0.35609,0.58358,0.372229,842.04,595.32,top-left,PDF points
ANC-SLE-030-01-R16,ANC-SLE-030-01,16,526.924,211.987,542.042,221.595,0.625771,0.35609,0.643724,0.372229,842.04,595.32,top-left,PDF points
ANC-SLE-030-01-R17,ANC-SLE-030-01,16,576.482,211.987,591.6,221.595,0.684626,0.35609,0.70258,0.372229,842.04,595.32,top-left,PDF points
ANC-SLE-030-01-R18,ANC-SLE-030-01,16,616.92,211.987,632.038,221.595,0.732649,0.35609,0.750603,0.372229,842.04,595.32,top-left,PDF points
ANC-SLE-030-01-R19,ANC-SLE-030-01,16,656.52,211.987,671.638,221.595,0.779678,0.35609,0.797632,0.372229,842.04,595.32,top-left,PDF points
ANC-SLE-030-01-R20,ANC-SLE-030-01,16,696.0,211.987,711.118,221.595,0.826564,0.35609,0.844518,0.372229,842.04,595.32,top-left,PDF points
ANC-SLE-030-01-R21,ANC-SLE-030-01,16,731.88,211.987,746.998,221.595,0.869175,0.35609,0.887129,0.372229,842.04,595.32,top-left,PDF points
ANC-SLE-030-01-R22,ANC-SLE-030-01,16,768.004,211.987,783.121,221.595,0.912075,0.35609,0.930029,0.372229,842.04,595.32,top-left,PDF points
ANC-SLE-030-01-R23,ANC-SLE-030-01,16,217.32,229.867,432.843,239.475,0.258088,0.386124,0.514041,0.402263,842.04,595.32,top-left,PDF points
ANC-SLE-030-01-R24,ANC-SLE-030-01,16,217.32,238.627,246.0,248.235,0.258088,0.400839,0.292147,0.416978,842.04,595.32,top-left,PDF points
ANC-SLE-030-01-R25,ANC-SLE-030-01,16,476.28,236.227,491.398,245.835,0.565626,0.396807,0.58358,0.412946,842.04,595.32,top-left,PDF points
ANC-SLE-030-01-R26,ANC-SLE-030-01,16,526.924,236.227,542.042,245.835,0.625771,0.396807,0.643724,0.412946,842.04,595.32,top-left,PDF points
ANC-SLE-030-01-R27,ANC-SLE-030-01,16,576.482,236.227,591.6,245.835,0.684626,0.396807,0.70258,0.412946,842.04,595.32,top-left,PDF points
ANC-SLE-030-01-R28,ANC-SLE-030-01,16,616.92,236.227,632.038,245.835,0.732649,0.396807,0.750603,0.412946,842.04,595.32,top-left,PDF points
ANC-SLE-030-01-R29,ANC-SLE-030-01,16,656.52,236.227,671.638,245.835,0.779678,0.396807,0.797632,0.412946,842.04,595.32,top-left,PDF points
ANC-SLE-030-01-R30,ANC-SLE-030-01,16,696.0,236.227,711.118,245.835,0.826564,0.396807,0.844518,0.412946,842.04,595.32,top-left,PDF points
ANC-SLE-030-01-R31,ANC-SLE-030-01,16,731.88,236.227,746.998,245.835,0.869175,0.396807,0.887129,0.412946,842.04,595.32,top-left,PDF points
ANC-SLE-030-01-R32,ANC-SLE-030-01,16,768.0,236.227,783.118,245.835,0.912071,0.396807,0.930024,0.412946,842.04,595.32,top-left,PDF points
ANC-SLE-030-01-R33,ANC-SLE-030-01,16,125.16,251.707,190.844,261.315,0.148639,0.42281,0.226645,0.438949,842.04,595.32,top-left,PDF points
ANC-SLE-030-01-R34,ANC-SLE-030-01,16,217.32,251.707,375.29,261.315,0.258088,0.42281,0.445691,0.438949,842.04,595.32,top-left,PDF points
ANC-SLE-031-01-R01,ANC-SLE-031-01,16,217.32,323.827,439.016,333.435,0.258088,0.543955,0.521372,0.560094,842.04,595.32,top-left,PDF points
ANC-SLE-031-01-R02,ANC-SLE-031-01,16,217.32,332.591,360.648,342.199,0.258088,0.558676,0.428303,0.574815,842.04,595.32,top-left,PDF points
ANC-SLE-032-01-R01,ANC-SLE-032-01,16,217.32,491.107,437.584,500.715,0.258088,0.824947,0.519671,0.841086,842.04,595.32,top-left,PDF points
ANC-SLE-032-01-R02,ANC-SLE-032-01,16,217.32,499.747,277.036,509.355,0.258088,0.83946,0.329006,0.855599,842.04,595.32,top-left,PDF points
ANC-SLE-033-01-R01,ANC-SLE-033-01,16,122.88,491.107,188.681,500.715,0.145931,0.824947,0.224076,0.841086,842.04,595.32,top-left,PDF points
ANC-SLE-033-01-R02,ANC-SLE-033-01,16,122.88,499.747,199.605,509.355,0.145931,0.83946,0.237049,0.855599,842.04,595.32,top-left,PDF points
ANC-SLE-033-01-R03,ANC-SLE-033-01,16,217.32,491.107,437.584,500.715,0.258088,0.824947,0.519671,0.841086,842.04,595.32,top-left,PDF points
ANC-SLE-033-01-R04,ANC-SLE-033-01,16,217.32,499.747,277.036,509.355,0.258088,0.83946,0.329006,0.855599,842.04,595.32,top-left,PDF points
ANC-SLE-033-01-R05,ANC-SLE-033-01,16,476.28,495.427,491.398,505.035,0.565626,0.832203,0.58358,0.848342,842.04,595.32,top-left,PDF points
ANC-SLE-033-01-R06,ANC-SLE-033-01,16,526.924,495.427,542.042,505.035,0.625771,0.832203,0.643724,0.848342,842.04,595.32,top-left,PDF points
ANC-SLE-033-01-R07,ANC-SLE-033-01,16,576.482,495.427,591.6,505.035,0.684626,0.832203,0.70258,0.848342,842.04,595.32,top-left,PDF points
ANC-SLE-033-01-R08,ANC-SLE-033-01,16,616.92,495.427,632.038,505.035,0.732649,0.832203,0.750603,0.848342,842.04,595.32,top-left,PDF points
ANC-SLE-033-01-R09,ANC-SLE-033-01,16,656.52,495.427,671.638,505.035,0.779678,0.832203,0.797632,0.848342,842.04,595.32,top-left,PDF points
ANC-SLE-033-01-R10,ANC-SLE-033-01,16,696.0,495.427,711.118,505.035,0.826564,0.832203,0.844518,0.848342,842.04,595.32,top-left,PDF points
ANC-SLE-033-01-R11,ANC-SLE-033-01,16,731.883,495.427,747.0,505.035,0.869178,0.832203,0.887131,0.848342,842.04,595.32,top-left,PDF points
ANC-SLE-033-01-R12,ANC-SLE-033-01,16,768.006,495.427,783.124,505.035,0.912078,0.832203,0.930032,0.848342,842.04,595.32,top-left,PDF points
ANC-SLE-033-01-R13,ANC-SLE-033-01,16,217.32,508.987,452.694,518.595,0.258088,0.854981,0.537616,0.87112,842.04,595.32,top-left,PDF points
ANC-SLE-033-01-R14,ANC-SLE-033-01,16,217.32,517.747,311.497,527.355,0.258088,0.869696,0.369931,0.885835,842.04,595.32,top-left,PDF points
ANC-SLE-033-01-R15,ANC-SLE-033-01,16,476.28,513.547,491.398,523.155,0.565626,0.862641,0.58358,0.87878,842.04,595.32,top-left,PDF points
ANC-SLE-033-01-R16,ANC-SLE-033-01,16,526.924,513.547,542.042,523.155,0.625771,0.862641,0.643724,0.87878,842.04,595.32,top-left,PDF points
ANC-SLE-033-01-R17,ANC-SLE-033-01,16,576.482,513.547,591.6,523.155,0.684626,0.862641,0.70258,0.87878,842.04,595.32,top-left,PDF points
ANC-SLE-033-01-R18,ANC-SLE-033-01,16,616.92,513.547,632.038,523.155,0.732649,0.862641,0.750603,0.87878,842.04,595.32,top-left,PDF points
ANC-SLE-033-01-R19,ANC-SLE-033-01,16,656.52,513.547,671.638,523.155,0.779678,0.862641,0.797632,0.87878,842.04,595.32,top-left,PDF points
ANC-SLE-033-01-R20,ANC-SLE-033-01,16,696.004,513.547,711.122,523.155,0.826569,0.862641,0.844523,0.87878,842.04,595.32,top-left,PDF points
ANC-SLE-033-01-R21,ANC-SLE-033-01,16,731.887,513.547,747.005,523.155,0.869183,0.862641,0.887137,0.87878,842.04,595.32,top-left,PDF points
ANC-SLE-033-01-R22,ANC-SLE-033-01,16,768.011,513.547,783.128,523.155,0.912083,0.862641,0.930037,0.87878,842.04,595.32,top-left,PDF points
ANC-SLE-034-01-R01,ANC-SLE-034-01,17,217.32,105.907,451.532,115.515,0.258088,0.1779,0.536236,0.194039,842.04,595.32,top-left,PDF points
ANC-SLE-035-01-R01,ANC-SLE-035-01,17,476.28,103.507,491.398,113.115,0.565626,0.173868,0.58358,0.190007,842.04,595.32,top-left,PDF points
ANC-SLE-035-01-R02,ANC-SLE-035-01,17,526.924,103.507,542.042,113.115,0.625771,0.173868,0.643724,0.190007,842.04,595.32,top-left,PDF points
ANC-SLE-035-01-R03,ANC-SLE-035-01,17,576.482,103.507,591.6,113.115,0.684626,0.173868,0.70258,0.190007,842.04,595.32,top-left,PDF points
ANC-SLE-035-01-R04,ANC-SLE-035-01,17,616.92,103.507,632.038,113.115,0.732649,0.173868,0.750603,0.190007,842.04,595.32,top-left,PDF points
ANC-SLE-035-01-R05,ANC-SLE-035-01,17,656.52,103.507,671.638,113.115,0.779678,0.173868,0.797632,0.190007,842.04,595.32,top-left,PDF points
ANC-SLE-035-01-R06,ANC-SLE-035-01,17,696.004,103.507,711.122,113.115,0.826569,0.173868,0.844523,0.190007,842.04,595.32,top-left,PDF points
ANC-SLE-035-01-R07,ANC-SLE-035-01,17,731.887,103.507,747.005,113.115,0.869183,0.173868,0.887137,0.190007,842.04,595.32,top-left,PDF points
ANC-SLE-035-01-R08,ANC-SLE-035-01,17,768.011,103.507,783.128,113.115,0.912083,0.173868,0.930037,0.190007,842.04,595.32,top-left,PDF points
ANC-SLE-035-01-R09,ANC-SLE-035-01,17,217.32,119.107,425.312,128.715,0.258088,0.200073,0.505097,0.216212,842.04,595.32,top-left,PDF points
ANC-SLE-035-01-R10,ANC-SLE-035-01,17,217.32,127.747,304.281,137.355,0.258088,0.214586,0.361362,0.230725,842.04,595.32,top-left,PDF points
ANC-SLE-035-01-R11,ANC-SLE-035-01,17,476.28,123.427,491.398,133.035,0.565626,0.207329,0.58358,0.223468,842.04,595.32,top-left,PDF points
ANC-SLE-035-01-R12,ANC-SLE-035-01,17,526.924,123.427,542.042,133.035,0.625771,0.207329,0.643724,0.223468,842.04,595.32,top-left,PDF points
ANC-SLE-035-01-R13,ANC-SLE-035-01,17,576.482,123.427,591.6,133.035,0.684626,0.207329,0.70258,0.223468,842.04,595.32,top-left,PDF points
ANC-SLE-035-01-R14,ANC-SLE-035-01,17,614.76,123.427,634.318,133.035,0.730084,0.207329,0.753311,0.223468,842.04,595.32,top-left,PDF points
ANC-SLE-035-01-R15,ANC-SLE-035-01,17,654.24,123.427,673.798,133.035,0.77697,0.207329,0.800197,0.223468,842.04,595.32,top-left,PDF points
ANC-SLE-035-01-R16,ANC-SLE-035-01,17,693.84,123.427,713.398,133.035,0.823999,0.207329,0.847226,0.223468,842.04,595.32,top-left,PDF points
ANC-SLE-035-01-R17,ANC-SLE-035-01,17,729.72,123.427,749.278,133.035,0.86661,0.207329,0.889837,0.223468,842.04,595.32,top-left,PDF points
ANC-SLE-035-01-R18,ANC-SLE-035-01,17,765.84,123.427,785.398,133.035,0.909506,0.207329,0.932733,0.223468,842.04,595.32,top-left,PDF points
ANC-SLE-036-01-R01,ANC-SLE-036-01,17,217.32,136.987,397.849,146.595,0.258088,0.230107,0.472482,0.246246,842.04,595.32,top-left,PDF points
ANC-SLE-037-01-R01,ANC-SLE-037-01,17,217.32,152.587,417.653,162.195,0.258088,0.256311,0.496001,0.27245,842.04,595.32,top-left,PDF points
ANC-SLE-038-01-R01,ANC-SLE-038-01,17,217.32,175.507,440.001,185.115,0.258088,0.294812,0.522541,0.310951,842.04,595.32,top-left,PDF points
ANC-SLE-038-01-R02,ANC-SLE-038-01,17,217.32,184.267,232.401,193.875,0.258088,0.309527,0.275997,0.325665,842.04,595.32,top-left,PDF points
ANC-SLE-039-01-R01,ANC-SLE-039-01,17,217.32,193.507,433.13,203.115,0.258088,0.325048,0.514381,0.341186,842.04,595.32,top-left,PDF points
ANC-SLE-039-01-R02,ANC-SLE-039-01,17,217.32,202.147,317.966,211.755,0.258088,0.339561,0.377614,0.3557,842.04,595.32,top-left,PDF points
ANC-SLE-040-01-R01,ANC-SLE-040-01,17,361.325,152.587,417.653,162.195,0.429107,0.256311,0.496001,0.27245,842.04,595.32,top-left,PDF points
ANC-SLE-040-01-R02,ANC-SLE-040-01,17,217.32,161.227,324.072,170.835,0.258088,0.270825,0.384865,0.286964,842.04,595.32,top-left,PDF points
ANC-SLE-040-01-R03,ANC-SLE-040-01,17,476.28,159.427,491.398,169.035,0.565626,0.267801,0.58358,0.28394,842.04,595.32,top-left,PDF points
ANC-SLE-040-01-R04,ANC-SLE-040-01,17,526.924,159.427,542.042,169.035,0.625771,0.267801,0.643724,0.28394,842.04,595.32,top-left,PDF points
ANC-SLE-040-01-R05,ANC-SLE-040-01,17,576.482,159.427,591.6,169.035,0.684626,0.267801,0.70258,0.28394,842.04,595.32,top-left,PDF points
ANC-SLE-040-01-R06,ANC-SLE-040-01,17,616.92,159.427,632.038,169.035,0.732649,0.267801,0.750603,0.28394,842.04,595.32,top-left,PDF points
ANC-SLE-040-01-R07,ANC-SLE-040-01,17,656.52,159.427,671.638,169.035,0.779678,0.267801,0.797632,0.28394,842.04,595.32,top-left,PDF points
ANC-SLE-040-01-R08,ANC-SLE-040-01,17,696.004,159.427,711.122,169.035,0.826569,0.267801,0.844523,0.28394,842.04,595.32,top-left,PDF points
ANC-SLE-040-01-R09,ANC-SLE-040-01,17,731.887,159.427,747.005,169.035,0.869183,0.267801,0.887137,0.28394,842.04,595.32,top-left,PDF points
ANC-SLE-040-01-R10,ANC-SLE-040-01,17,768.011,159.427,783.128,169.035,0.912083,0.267801,0.930037,0.28394,842.04,595.32,top-left,PDF points
ANC-SLE-040-01-R11,ANC-SLE-040-01,17,122.88,175.507,167.936,185.115,0.145931,0.294812,0.19944,0.310951,842.04,595.32,top-left,PDF points
ANC-SLE-040-01-R12,ANC-SLE-040-01,17,122.88,184.267,183.041,193.875,0.145931,0.309527,0.217378,0.325665,842.04,595.32,top-left,PDF points
ANC-SLE-040-01-R13,ANC-SLE-040-01,17,122.88,192.91,185.725,202.518,0.145931,0.324045,0.220566,0.340184,842.04,595.32,top-left,PDF points
ANC-SLE-040-01-R14,ANC-SLE-040-01,17,122.88,201.674,195.405,211.282,0.145931,0.338766,0.232061,0.354905,842.04,595.32,top-left,PDF points
ANC-SLE-040-01-R15,ANC-SLE-040-01,17,217.32,175.507,440.001,185.115,0.258088,0.294812,0.522541,0.310951,842.04,595.32,top-left,PDF points
ANC-SLE-040-01-R16,ANC-SLE-040-01,17,217.32,184.267,232.401,193.875,0.258088,0.309527,0.275997,0.325665,842.04,595.32,top-left,PDF points
ANC-SLE-040-01-R17,ANC-SLE-040-01,17,476.28,179.947,491.398,189.555,0.565626,0.30227,0.58358,0.318409,842.04,595.32,top-left,PDF points
ANC-SLE-040-01-R18,ANC-SLE-040-01,17,526.924,179.947,542.042,189.555,0.625771,0.30227,0.643724,0.318409,842.04,595.32,top-left,PDF points
ANC-SLE-040-01-R19,ANC-SLE-040-01,17,576.482,179.947,591.6,189.555,0.684626,0.30227,0.70258,0.318409,842.04,595.32,top-left,PDF points
ANC-SLE-040-01-R20,ANC-SLE-040-01,17,614.76,179.947,634.318,189.555,0.730084,0.30227,0.753311,0.318409,842.04,595.32,top-left,PDF points
ANC-SLE-040-01-R21,ANC-SLE-040-01,17,654.24,179.947,673.798,189.555,0.77697,0.30227,0.800197,0.318409,842.04,595.32,top-left,PDF points
ANC-SLE-040-01-R22,ANC-SLE-040-01,17,696.0,179.947,711.117,189.555,0.826564,0.30227,0.844517,0.318409,842.04,595.32,top-left,PDF points
ANC-SLE-040-01-R23,ANC-SLE-040-01,17,731.882,179.947,747.0,189.555,0.869178,0.30227,0.887131,0.318409,842.04,595.32,top-left,PDF points
ANC-SLE-040-01-R24,ANC-SLE-040-01,17,768.006,179.947,783.124,189.555,0.912078,0.30227,0.930031,0.318409,842.04,595.32,top-left,PDF points
ANC-SLE-040-01-R25,ANC-SLE-040-01,17,217.32,193.507,433.13,203.115,0.258088,0.325048,0.514381,0.341186,842.04,595.32,top-left,PDF points
ANC-SLE-040-01-R26,ANC-SLE-040-01,17,217.32,202.147,317.966,211.755,0.258088,0.339561,0.377614,0.3557,842.04,595.32,top-left,PDF points
ANC-SLE-040-01-R27,ANC-SLE-040-01,17,476.28,197.827,491.398,207.435,0.565626,0.332304,0.58358,0.348443,842.04,595.32,top-left,PDF points
ANC-SLE-040-01-R28,ANC-SLE-040-01,17,526.924,197.827,542.042,207.435,0.625771,0.332304,0.643724,0.348443,842.04,595.32,top-left,PDF points
ANC-SLE-040-01-R29,ANC-SLE-040-01,17,576.482,197.827,591.6,207.435,0.684626,0.332304,0.70258,0.348443,842.04,595.32,top-left,PDF points
ANC-SLE-040-01-R30,ANC-SLE-040-01,17,616.92,197.827,632.038,207.435,0.732649,0.332304,0.750603,0.348443,842.04,595.32,top-left,PDF points
ANC-SLE-040-01-R31,ANC-SLE-040-01,17,656.52,197.827,671.638,207.435,0.779678,0.332304,0.797632,0.348443,842.04,595.32,top-left,PDF points
ANC-SLE-040-01-R32,ANC-SLE-040-01,17,696.004,197.827,711.122,207.435,0.826569,0.332304,0.844523,0.348443,842.04,595.32,top-left,PDF points
ANC-SLE-040-01-R33,ANC-SLE-040-01,17,731.887,197.827,747.005,207.435,0.869183,0.332304,0.887137,0.348443,842.04,595.32,top-left,PDF points
ANC-SLE-040-01-R34,ANC-SLE-040-01,17,768.011,197.827,783.128,207.435,0.912083,0.332304,0.930037,0.348443,842.04,595.32,top-left,PDF points
ANC-SLE-040-01-R35,ANC-SLE-040-01,17,217.32,211.387,407.119,220.995,0.258088,0.355082,0.483492,0.371221,842.04,595.32,top-left,PDF points
ANC-SLE-041-01-R01,ANC-SLE-041-01,17,217.32,226.027,450.056,235.635,0.258088,0.379674,0.534483,0.395813,842.04,595.32,top-left,PDF points
ANC-SLE-041-01-R02,ANC-SLE-041-01,17,217.32,234.787,263.32,244.395,0.258088,0.394388,0.312717,0.410527,842.04,595.32,top-left,PDF points
ANC-SLE-042-01-R01,ANC-SLE-042-01,17,122.88,201.674,195.405,211.282,0.145931,0.338766,0.232061,0.354905,842.04,595.32,top-left,PDF points
ANC-SLE-042-01-R02,ANC-SLE-042-01,17,274.685,193.507,433.13,203.115,0.326213,0.325048,0.514381,0.341186,842.04,595.32,top-left,PDF points
ANC-SLE-042-01-R03,ANC-SLE-042-01,17,217.32,202.147,317.966,211.755,0.258088,0.339561,0.377614,0.3557,842.04,595.32,top-left,PDF points
ANC-SLE-042-01-R04,ANC-SLE-042-01,17,476.28,197.827,491.398,207.435,0.565626,0.332304,0.58358,0.348443,842.04,595.32,top-left,PDF points
ANC-SLE-042-01-R05,ANC-SLE-042-01,17,526.924,197.827,542.042,207.435,0.625771,0.332304,0.643724,0.348443,842.04,595.32,top-left,PDF points
ANC-SLE-042-01-R06,ANC-SLE-042-01,17,576.482,197.827,591.6,207.435,0.684626,0.332304,0.70258,0.348443,842.04,595.32,top-left,PDF points
ANC-SLE-042-01-R07,ANC-SLE-042-01,17,616.92,197.827,632.038,207.435,0.732649,0.332304,0.750603,0.348443,842.04,595.32,top-left,PDF points
ANC-SLE-042-01-R08,ANC-SLE-042-01,17,656.52,197.827,671.638,207.435,0.779678,0.332304,0.797632,0.348443,842.04,595.32,top-left,PDF points
ANC-SLE-042-01-R09,ANC-SLE-042-01,17,696.004,197.827,711.122,207.435,0.826569,0.332304,0.844523,0.348443,842.04,595.32,top-left,PDF points
ANC-SLE-042-01-R10,ANC-SLE-042-01,17,731.887,197.827,747.005,207.435,0.869183,0.332304,0.887137,0.348443,842.04,595.32,top-left,PDF points
ANC-SLE-042-01-R11,ANC-SLE-042-01,17,768.011,197.827,783.128,207.435,0.912083,0.332304,0.930037,0.348443,842.04,595.32,top-left,PDF points
ANC-SLE-042-01-R12,ANC-SLE-042-01,17,217.32,211.387,407.119,220.995,0.258088,0.355082,0.483492,0.371221,842.04,595.32,top-left,PDF points
ANC-SLE-042-01-R13,ANC-SLE-042-01,17,476.28,214.147,491.398,223.755,0.565626,0.359718,0.58358,0.375857,842.04,595.32,top-left,PDF points
ANC-SLE-042-01-R14,ANC-SLE-042-01,17,526.924,214.147,542.042,223.755,0.625771,0.359718,0.643724,0.375857,842.04,595.32,top-left,PDF points
ANC-SLE-042-01-R15,ANC-SLE-042-01,17,576.482,214.147,591.6,223.755,0.684626,0.359718,0.70258,0.375857,842.04,595.32,top-left,PDF points
ANC-SLE-042-01-R16,ANC-SLE-042-01,17,616.92,214.147,632.038,223.755,0.732649,0.359718,0.750603,0.375857,842.04,595.32,top-left,PDF points
ANC-SLE-042-01-R17,ANC-SLE-042-01,17,656.52,214.147,671.638,223.755,0.779678,0.359718,0.797632,0.375857,842.04,595.32,top-left,PDF points
ANC-SLE-042-01-R18,ANC-SLE-042-01,17,696.004,214.147,711.122,223.755,0.826569,0.359718,0.844523,0.375857,842.04,595.32,top-left,PDF points
ANC-SLE-042-01-R19,ANC-SLE-042-01,17,731.887,214.147,747.005,223.755,0.869183,0.359718,0.887137,0.375857,842.04,595.32,top-left,PDF points
ANC-SLE-042-01-R20,ANC-SLE-042-01,17,768.011,214.147,783.128,223.755,0.912083,0.359718,0.930037,0.375857,842.04,595.32,top-left,PDF points
ANC-SLE-042-01-R21,ANC-SLE-042-01,17,217.32,226.027,450.056,235.635,0.258088,0.379674,0.534483,0.395813,842.04,595.32,top-left,PDF points
ANC-SLE-042-01-R22,ANC-SLE-042-01,17,217.32,234.787,263.32,244.395,0.258088,0.394388,0.312717,0.410527,842.04,595.32,top-left,PDF points
ANC-SLE-042-01-R23,ANC-SLE-042-01,17,476.28,230.827,491.398,240.435,0.565626,0.387737,0.58358,0.403875,842.04,595.32,top-left,PDF points
ANC-SLE-042-01-R24,ANC-SLE-042-01,17,526.924,230.827,542.042,240.435,0.625771,0.387737,0.643724,0.403875,842.04,595.32,top-left,PDF points
ANC-SLE-042-01-R25,ANC-SLE-042-01,17,576.482,230.827,591.6,240.435,0.684626,0.387737,0.70258,0.403875,842.04,595.32,top-left,PDF points
ANC-SLE-042-01-R26,ANC-SLE-042-01,17,616.924,230.827,632.041,240.435,0.732654,0.387737,0.750607,0.403875,842.04,595.32,top-left,PDF points
ANC-SLE-042-01-R27,ANC-SLE-042-01,17,656.529,230.827,671.646,240.435,0.779688,0.387737,0.797642,0.403875,842.04,595.32,top-left,PDF points
ANC-SLE-042-01-R28,ANC-SLE-042-01,17,696.013,230.827,711.131,240.435,0.82658,0.387737,0.844533,0.403875,842.04,595.32,top-left,PDF points
ANC-SLE-042-01-R29,ANC-SLE-042-01,17,731.896,230.827,747.013,240.435,0.869193,0.387737,0.887147,0.403875,842.04,595.32,top-left,PDF points
ANC-SLE-042-01-R30,ANC-SLE-042-01,17,765.84,230.827,785.398,240.435,0.909506,0.387737,0.932733,0.403875,842.04,595.32,top-left,PDF points
ANC-SLE-042-01-R31,ANC-SLE-042-01,17,51.12,259.507,76.935,268.753,0.06071,0.435912,0.091367,0.451443,842.04,595.32,top-left,PDF points
ANC-SLE-042-01-R32,ANC-SLE-042-01,17,122.88,259.507,191.921,269.115,0.145931,0.435912,0.227924,0.452051,842.04,595.32,top-left,PDF points
ANC-SLE-042-01-R33,ANC-SLE-042-01,17,217.32,259.507,362.185,269.115,0.258088,0.435912,0.430129,0.452051,842.04,595.32,top-left,PDF points
ANC-SLE-043-01-R01,ANC-SLE-043-01,17,217.32,303.547,441.654,313.155,0.258088,0.509889,0.524505,0.526028,842.04,595.32,top-left,PDF points
ANC-SLE-043-01-R02,ANC-SLE-043-01,17,217.32,312.307,353.913,321.915,0.258088,0.524604,0.420304,0.540743,842.04,595.32,top-left,PDF points
ANC-SLE-044-01-R01,ANC-SLE-044-01,17,217.32,347.587,423.708,357.195,0.258088,0.583866,0.503192,0.600005,842.04,595.32,top-left,PDF points
ANC-SLE-044-01-R02,ANC-SLE-044-01,17,217.32,356.347,257.104,365.955,0.258088,0.598581,0.305335,0.61472,842.04,595.32,top-left,PDF points
ANC-SLE-045-01-R01,ANC-SLE-045-01,17,122.88,423.79,191.077,433.398,0.145931,0.71187,0.226921,0.728009,842.04,595.32,top-left,PDF points
ANC-SLE-045-01-R02,ANC-SLE-045-01,17,122.88,432.554,185.317,442.162,0.145931,0.726591,0.220081,0.742729,842.04,595.32,top-left,PDF points
ANC-SLE-045-01-R03,ANC-SLE-045-01,17,122.88,441.197,186.956,450.805,0.145931,0.741109,0.222027,0.757248,842.04,595.32,top-left,PDF points
ANC-SLE-045-01-R04,ANC-SLE-045-01,17,122.88,449.961,205.496,459.568,0.145931,0.75583,0.244045,0.771969,842.04,595.32,top-left,PDF points
ANC-SLE-045-01-R05,ANC-SLE-045-01,17,217.32,428.707,366.276,438.315,0.258088,0.720129,0.434987,0.736268,842.04,595.32,top-left,PDF points
ANC-SLE-045-01-R06,ANC-SLE-045-01,17,476.28,441.187,491.398,450.795,0.565626,0.741093,0.58358,0.757232,842.04,595.32,top-left,PDF points
ANC-SLE-045-01-R07,ANC-SLE-045-01,17,532.206,441.187,536.644,450.795,0.632044,0.741093,0.637315,0.757232,842.04,595.32,top-left,PDF points
ANC-SLE-045-01-R08,ANC-SLE-045-01,17,576.483,441.187,591.6,450.795,0.684626,0.741093,0.70258,0.757232,842.04,595.32,top-left,PDF points
ANC-SLE-045-01-R09,ANC-SLE-045-01,17,616.92,441.187,632.038,450.795,0.732649,0.741093,0.750603,0.757232,842.04,595.32,top-left,PDF points
ANC-SLE-045-01-R10,ANC-SLE-045-01,17,656.52,441.187,671.638,450.795,0.779678,0.741093,0.797632,0.757232,842.04,595.32,top-left,PDF points
ANC-SLE-045-01-R11,ANC-SLE-045-01,17,696.0,441.187,711.118,450.795,0.826564,0.741093,0.844518,0.757232,842.04,595.32,top-left,PDF points
ANC-SLE-045-01-R12,ANC-SLE-045-01,17,731.88,441.187,746.998,450.795,0.869175,0.741093,0.887129,0.757232,842.04,595.32,top-left,PDF points
ANC-SLE-045-01-R13,ANC-SLE-045-01,17,768.0,441.187,783.118,450.795,0.912071,0.741093,0.930024,0.757232,842.04,595.32,top-left,PDF points
ANC-SLE-045-01-R14,ANC-SLE-045-01,17,122.88,462.787,172.32,472.395,0.145931,0.777376,0.204646,0.793515,842.04,595.32,top-left,PDF points
ANC-SLE-045-01-R15,ANC-SLE-045-01,17,122.88,471.547,205.885,481.155,0.145931,0.792091,0.244507,0.808229,842.04,595.32,top-left,PDF points
ANC-SLE-045-01-R16,ANC-SLE-045-01,17,122.88,480.19,187.483,489.798,0.145931,0.806609,0.222653,0.822748,842.04,595.32,top-left,PDF points
ANC-SLE-045-01-R17,ANC-SLE-045-01,17,122.88,488.954,185.747,498.562,0.145931,0.82133,0.220592,0.837468,842.04,595.32,top-left,PDF points
ANC-SLE-045-01-R18,ANC-SLE-045-01,17,122.88,497.597,154.139,507.205,0.145931,0.835848,0.183054,0.851987,842.04,595.32,top-left,PDF points
ANC-SLE-045-01-R19,ANC-SLE-045-01,17,217.32,462.787,435.299,472.395,0.258088,0.777376,0.516957,0.793515,842.04,595.32,top-left,PDF points
ANC-SLE-045-01-R20,ANC-SLE-045-01,17,217.32,471.547,275.811,481.155,0.258088,0.792091,0.327551,0.808229,842.04,595.32,top-left,PDF points
ANC-SLE-045-01-R21,ANC-SLE-045-01,17,476.28,469.747,491.398,479.355,0.565626,0.789067,0.58358,0.805206,842.04,595.32,top-left,PDF points
ANC-SLE-045-01-R22,ANC-SLE-045-01,17,526.924,469.747,542.042,479.355,0.625771,0.789067,0.643724,0.805206,842.04,595.32,top-left,PDF points
ANC-SLE-045-01-R23,ANC-SLE-045-01,17,576.482,469.747,591.6,479.355,0.684626,0.789067,0.70258,0.805206,842.04,595.32,top-left,PDF points
ANC-SLE-045-01-R24,ANC-SLE-045-01,17,616.92,469.747,632.038,479.355,0.732649,0.789067,0.750603,0.805206,842.04,595.32,top-left,PDF points
ANC-SLE-045-01-R25,ANC-SLE-045-01,17,656.52,469.747,671.638,479.355,0.779678,0.789067,0.797632,0.805206,842.04,595.32,top-left,PDF points
ANC-SLE-045-01-R26,ANC-SLE-045-01,17,696.0,469.747,711.118,479.355,0.826564,0.789067,0.844518,0.805206,842.04,595.32,top-left,PDF points
ANC-SLE-045-01-R27,ANC-SLE-045-01,17,731.883,469.747,747.0,479.355,0.869178,0.789067,0.887131,0.805206,842.04,595.32,top-left,PDF points
ANC-SLE-045-01-R28,ANC-SLE-045-01,17,768.006,469.747,783.124,479.355,0.912078,0.789067,0.930032,0.805206,842.04,595.32,top-left,PDF points
ANC-SLE-045-01-R29,ANC-SLE-045-01,17,217.32,485.827,447.351,495.435,0.258088,0.816078,0.53127,0.832216,842.04,595.32,top-left,PDF points
ANC-SLE-046-01-R01,ANC-SLE-046-01,18,476.28,102.907,491.398,112.515,0.565626,0.172861,0.58358,0.188999,842.04,595.32,top-left,PDF points
ANC-SLE-046-01-R02,ANC-SLE-046-01,18,526.924,102.907,542.042,112.515,0.625771,0.172861,0.643724,0.188999,842.04,595.32,top-left,PDF points
ANC-SLE-046-01-R03,ANC-SLE-046-01,18,576.482,102.907,591.6,112.515,0.684626,0.172861,0.70258,0.188999,842.04,595.32,top-left,PDF points
ANC-SLE-046-01-R04,ANC-SLE-046-01,18,616.92,102.907,632.038,112.515,0.732649,0.172861,0.750603,0.188999,842.04,595.32,top-left,PDF points
ANC-SLE-046-01-R05,ANC-SLE-046-01,18,656.52,102.907,671.638,112.515,0.779678,0.172861,0.797632,0.188999,842.04,595.32,top-left,PDF points
ANC-SLE-046-01-R06,ANC-SLE-046-01,18,696.0,102.907,711.118,112.515,0.826564,0.172861,0.844518,0.188999,842.04,595.32,top-left,PDF points
ANC-SLE-046-01-R07,ANC-SLE-046-01,18,731.883,102.907,747.0,112.515,0.869178,0.172861,0.887131,0.188999,842.04,595.32,top-left,PDF points
ANC-SLE-046-01-R08,ANC-SLE-046-01,18,768.006,102.907,783.124,112.515,0.912078,0.172861,0.930032,0.188999,842.04,595.32,top-left,PDF points
ANC-SLE-046-01-R09,ANC-SLE-046-01,18,217.32,117.667,412.529,127.275,0.258088,0.197654,0.489916,0.213793,842.04,595.32,top-left,PDF points
ANC-SLE-046-01-R10,ANC-SLE-046-01,18,217.32,126.427,308.947,136.035,0.258088,0.212369,0.366903,0.228508,842.04,595.32,top-left,PDF points
ANC-SLE-046-01-R11,ANC-SLE-046-01,18,476.28,124.627,491.398,134.235,0.565626,0.209345,0.58358,0.225484,842.04,595.32,top-left,PDF points
ANC-SLE-046-01-R12,ANC-SLE-046-01,18,526.924,124.627,542.042,134.235,0.625771,0.209345,0.643724,0.225484,842.04,595.32,top-left,PDF points
ANC-SLE-046-01-R13,ANC-SLE-046-01,18,576.482,124.627,591.6,134.235,0.684626,0.209345,0.70258,0.225484,842.04,595.32,top-left,PDF points
ANC-SLE-046-01-R14,ANC-SLE-046-01,18,616.92,124.627,632.038,134.235,0.732649,0.209345,0.750603,0.225484,842.04,595.32,top-left,PDF points
ANC-SLE-046-01-R15,ANC-SLE-046-01,18,656.52,124.627,671.638,134.235,0.779678,0.209345,0.797632,0.225484,842.04,595.32,top-left,PDF points
ANC-SLE-046-01-R16,ANC-SLE-046-01,18,696.0,124.627,711.118,134.235,0.826564,0.209345,0.844518,0.225484,842.04,595.32,top-left,PDF points
ANC-SLE-046-01-R17,ANC-SLE-046-01,18,731.88,124.627,746.998,134.235,0.869175,0.209345,0.887129,0.225484,842.04,595.32,top-left,PDF points
ANC-SLE-046-01-R18,ANC-SLE-046-01,18,768.0,124.627,783.118,134.235,0.912071,0.209345,0.930024,0.225484,842.04,595.32,top-left,PDF points
ANC-SLE-046-01-R19,ANC-SLE-046-01,18,217.32,140.707,427.967,150.315,0.258088,0.236356,0.50825,0.252495,842.04,595.32,top-left,PDF points
ANC-SLE-046-01-R20,ANC-SLE-046-01,18,217.32,149.467,302.109,159.075,0.258088,0.251071,0.358782,0.267209,842.04,595.32,top-left,PDF points
ANC-SLE-046-01-R21,ANC-SLE-046-01,18,476.28,147.667,491.398,157.275,0.565626,0.248047,0.58358,0.264186,842.04,595.32,top-left,PDF points
ANC-SLE-046-01-R22,ANC-SLE-046-01,18,526.924,147.667,542.042,157.275,0.625771,0.248047,0.643724,0.264186,842.04,595.32,top-left,PDF points
ANC-SLE-046-01-R23,ANC-SLE-046-01,18,576.482,147.667,591.6,157.275,0.684626,0.248047,0.70258,0.264186,842.04,595.32,top-left,PDF points
ANC-SLE-046-01-R24,ANC-SLE-046-01,18,616.92,147.667,632.038,157.275,0.732649,0.248047,0.750603,0.264186,842.04,595.32,top-left,PDF points
ANC-SLE-046-01-R25,ANC-SLE-046-01,18,656.52,147.667,671.638,157.275,0.779678,0.248047,0.797632,0.264186,842.04,595.32,top-left,PDF points
ANC-SLE-046-01-R26,ANC-SLE-046-01,18,696.0,147.667,711.118,157.275,0.826564,0.248047,0.844518,0.264186,842.04,595.32,top-left,PDF points
ANC-SLE-046-01-R27,ANC-SLE-046-01,18,731.88,147.667,746.998,157.275,0.869175,0.248047,0.887129,0.264186,842.04,595.32,top-left,PDF points
ANC-SLE-046-01-R28,ANC-SLE-046-01,18,768.004,147.667,783.121,157.275,0.912075,0.248047,0.930029,0.264186,842.04,595.32,top-left,PDF points
ANC-SLE-046-01-R29,ANC-SLE-046-01,18,217.32,163.747,374.94,173.355,0.258088,0.275058,0.445276,0.291197,842.04,595.32,top-left,PDF points
ANC-SLE-046-01-R30,ANC-SLE-046-01,18,476.28,166.507,491.398,176.115,0.565626,0.279694,0.58358,0.295833,842.04,595.32,top-left,PDF points
ANC-SLE-046-01-R31,ANC-SLE-046-01,18,526.924,166.507,542.042,176.115,0.625771,0.279694,0.643724,0.295833,842.04,595.32,top-left,PDF points
ANC-SLE-046-01-R32,ANC-SLE-046-01,18,576.482,166.507,591.6,176.115,0.684626,0.279694,0.70258,0.295833,842.04,595.32,top-left,PDF points
ANC-SLE-046-01-R33,ANC-SLE-046-01,18,616.92,166.507,632.038,176.115,0.732649,0.279694,0.750603,0.295833,842.04,595.32,top-left,PDF points
ANC-SLE-046-01-R34,ANC-SLE-046-01,18,656.52,166.507,671.638,176.115,0.779678,0.279694,0.797632,0.295833,842.04,595.32,top-left,PDF points
ANC-SLE-046-01-R35,ANC-SLE-046-01,18,696.0,166.507,711.118,176.115,0.826564,0.279694,0.844518,0.295833,842.04,595.32,top-left,PDF points
ANC-SLE-046-01-R36,ANC-SLE-046-01,18,731.88,166.507,746.998,176.115,0.869175,0.279694,0.887129,0.295833,842.04,595.32,top-left,PDF points
ANC-SLE-046-01-R37,ANC-SLE-046-01,18,768.0,166.507,783.118,176.115,0.912071,0.279694,0.930024,0.295833,842.04,595.32,top-left,PDF points
ANC-SLE-046-01-R38,ANC-SLE-046-01,18,57.0,178.507,106.151,187.753,0.067693,0.299851,0.126064,0.315382,842.04,595.32,top-left,PDF points
ANC-SLE-046-01-R39,ANC-SLE-046-01,18,122.88,178.507,199.601,188.115,0.145931,0.299851,0.237045,0.31599,842.04,595.32,top-left,PDF points
ANC-SLE-046-01-R40,ANC-SLE-046-01,18,217.32,178.507,244.255,188.115,0.258088,0.299851,0.290075,0.31599,842.04,595.32,top-left,PDF points
ANC-SLE-047-01-R01,ANC-SLE-047-01,18,51.12,76.707,105.195,87.057,0.06071,0.12885,0.124928,0.146236,842.04,595.32,top-left,PDF points
ANC-SLE-047-01-R02,ANC-SLE-047-01,18,122.88,76.707,190.181,87.057,0.145931,0.12885,0.225858,0.146236,842.04,595.32,top-left,PDF points
ANC-SLE-047-01-R03,ANC-SLE-047-01,18,217.32,76.707,290.663,87.057,0.258088,0.12885,0.345189,0.146236,842.04,595.32,top-left,PDF points
ANC-SLE-047-01-R04,ANC-SLE-047-01,18,464.88,76.707,502.028,87.057,0.552088,0.12885,0.596205,0.146236,842.04,595.32,top-left,PDF points
ANC-SLE-047-01-R05,ANC-SLE-047-01,18,464.88,86.547,492.414,96.897,0.552088,0.145379,0.584787,0.162765,842.04,595.32,top-left,PDF points
ANC-SLE-047-01-R06,ANC-SLE-047-01,18,513.36,76.707,548.46,87.057,0.609662,0.12885,0.651347,0.146236,842.04,595.32,top-left,PDF points
ANC-SLE-047-01-R07,ANC-SLE-047-01,18,515.763,86.547,543.297,96.897,0.612516,0.145379,0.645215,0.162765,842.04,595.32,top-left,PDF points
ANC-SLE-047-01-R08,ANC-SLE-047-01,18,566.4,76.707,592.982,87.057,0.672652,0.12885,0.704221,0.146236,842.04,595.32,top-left,PDF points
ANC-SLE-047-01-R09,ANC-SLE-047-01,18,568.803,86.547,596.337,96.897,0.675506,0.145379,0.708205,0.162765,842.04,595.32,top-left,PDF points
ANC-SLE-047-01-R10,ANC-SLE-047-01,18,691.32,76.707,708.538,87.057,0.821006,0.12885,0.841454,0.146236,842.04,595.32,top-left,PDF points
ANC-SLE-047-01-R11,ANC-SLE-047-01,18,614.88,87.027,634.059,97.377,0.730227,0.146185,0.753004,0.163571,842.04,595.32,top-left,PDF points
ANC-SLE-047-01-R12,ANC-SLE-047-01,18,654.48,87.027,673.659,97.377,0.777255,0.146185,0.800032,0.163571,842.04,595.32,top-left,PDF points
ANC-SLE-047-01-R13,ANC-SLE-047-01,18,693.96,87.027,713.139,97.377,0.824141,0.146185,0.846918,0.163571,842.04,595.32,top-left,PDF points
ANC-SLE-047-01-R14,ANC-SLE-047-01,18,729.84,87.027,749.019,97.377,0.866752,0.146185,0.889529,0.163571,842.04,595.32,top-left,PDF points
ANC-SLE-047-01-R15,ANC-SLE-047-01,18,765.96,87.027,785.139,97.377,0.909648,0.146185,0.932425,0.163571,842.04,595.32,top-left,PDF points
ANC-SLE-047-01-R16,ANC-SLE-047-01,18,122.88,97.267,174.059,106.875,0.145931,0.163387,0.206712,0.179526,842.04,595.32,top-left,PDF points
ANC-SLE-047-01-R17,ANC-SLE-047-01,18,217.32,97.267,452.057,106.875,0.258088,0.163387,0.53686,0.179526,842.04,595.32,top-left,PDF points
ANC-SLE-047-01-R18,ANC-SLE-047-01,18,217.32,105.907,421.409,115.515,0.258088,0.1779,0.500462,0.194039,842.04,595.32,top-left,PDF points
ANC-SLE-048-01-R01,ANC-SLE-048-01,18,476.28,102.907,491.398,112.515,0.565626,0.172861,0.58358,0.188999,842.04,595.32,top-left,PDF points
ANC-SLE-048-01-R02,ANC-SLE-048-01,18,526.924,102.907,542.042,112.515,0.625771,0.172861,0.643724,0.188999,842.04,595.32,top-left,PDF points
ANC-SLE-048-01-R03,ANC-SLE-048-01,18,576.482,102.907,591.6,112.515,0.684626,0.172861,0.70258,0.188999,842.04,595.32,top-left,PDF points
ANC-SLE-048-01-R04,ANC-SLE-048-01,18,616.92,102.907,632.038,112.515,0.732649,0.172861,0.750603,0.188999,842.04,595.32,top-left,PDF points
ANC-SLE-048-01-R05,ANC-SLE-048-01,18,656.52,102.907,671.638,112.515,0.779678,0.172861,0.797632,0.188999,842.04,595.32,top-left,PDF points
ANC-SLE-048-01-R06,ANC-SLE-048-01,18,696.0,102.907,711.118,112.515,0.826564,0.172861,0.844518,0.188999,842.04,595.32,top-left,PDF points
ANC-SLE-048-01-R07,ANC-SLE-048-01,18,731.883,102.907,747.0,112.515,0.869178,0.172861,0.887131,0.188999,842.04,595.32,top-left,PDF points
ANC-SLE-048-01-R08,ANC-SLE-048-01,18,768.006,102.907,783.124,112.515,0.912078,0.172861,0.930032,0.188999,842.04,595.32,top-left,PDF points
ANC-SLE-048-01-R09,ANC-SLE-048-01,18,217.32,117.667,412.529,127.275,0.258088,0.197654,0.489916,0.213793,842.04,595.32,top-left,PDF points
ANC-SLE-048-01-R10,ANC-SLE-048-01,18,217.32,126.427,308.947,136.035,0.258088,0.212369,0.366903,0.228508,842.04,595.32,top-left,PDF points
ANC-SLE-048-01-R11,ANC-SLE-048-01,18,476.28,124.627,491.398,134.235,0.565626,0.209345,0.58358,0.225484,842.04,595.32,top-left,PDF points
ANC-SLE-048-01-R12,ANC-SLE-048-01,18,526.924,124.627,542.042,134.235,0.625771,0.209345,0.643724,0.225484,842.04,595.32,top-left,PDF points
ANC-SLE-048-01-R13,ANC-SLE-048-01,18,576.482,124.627,591.6,134.235,0.684626,0.209345,0.70258,0.225484,842.04,595.32,top-left,PDF points
ANC-SLE-048-01-R14,ANC-SLE-048-01,18,616.92,124.627,632.038,134.235,0.732649,0.209345,0.750603,0.225484,842.04,595.32,top-left,PDF points
ANC-SLE-048-01-R15,ANC-SLE-048-01,18,656.52,124.627,671.638,134.235,0.779678,0.209345,0.797632,0.225484,842.04,595.32,top-left,PDF points
ANC-SLE-048-01-R16,ANC-SLE-048-01,18,696.0,124.627,711.118,134.235,0.826564,0.209345,0.844518,0.225484,842.04,595.32,top-left,PDF points
ANC-SLE-048-01-R17,ANC-SLE-048-01,18,731.88,124.627,746.998,134.235,0.869175,0.209345,0.887129,0.225484,842.04,595.32,top-left,PDF points
ANC-SLE-048-01-R18,ANC-SLE-048-01,18,768.0,124.627,783.118,134.235,0.912071,0.209345,0.930024,0.225484,842.04,595.32,top-left,PDF points
ANC-SLE-048-01-R19,ANC-SLE-048-01,18,217.32,140.707,427.967,150.315,0.258088,0.236356,0.50825,0.252495,842.04,595.32,top-left,PDF points
ANC-SLE-048-01-R20,ANC-SLE-048-01,18,217.32,149.467,302.109,159.075,0.258088,0.251071,0.358782,0.267209,842.04,595.32,top-left,PDF points
ANC-SLE-048-01-R21,ANC-SLE-048-01,18,476.28,147.667,491.398,157.275,0.565626,0.248047,0.58358,0.264186,842.04,595.32,top-left,PDF points
ANC-SLE-048-01-R22,ANC-SLE-048-01,18,526.924,147.667,542.042,157.275,0.625771,0.248047,0.643724,0.264186,842.04,595.32,top-left,PDF points
ANC-SLE-048-01-R23,ANC-SLE-048-01,18,576.482,147.667,591.6,157.275,0.684626,0.248047,0.70258,0.264186,842.04,595.32,top-left,PDF points
ANC-SLE-048-01-R24,ANC-SLE-048-01,18,616.92,147.667,632.038,157.275,0.732649,0.248047,0.750603,0.264186,842.04,595.32,top-left,PDF points
ANC-SLE-048-01-R25,ANC-SLE-048-01,18,656.52,147.667,671.638,157.275,0.779678,0.248047,0.797632,0.264186,842.04,595.32,top-left,PDF points
ANC-SLE-048-01-R26,ANC-SLE-048-01,18,696.0,147.667,711.118,157.275,0.826564,0.248047,0.844518,0.264186,842.04,595.32,top-left,PDF points
ANC-SLE-048-01-R27,ANC-SLE-048-01,18,731.88,147.667,746.998,157.275,0.869175,0.248047,0.887129,0.264186,842.04,595.32,top-left,PDF points
ANC-SLE-048-01-R28,ANC-SLE-048-01,18,768.004,147.667,783.121,157.275,0.912075,0.248047,0.930029,0.264186,842.04,595.32,top-left,PDF points
ANC-SLE-048-01-R29,ANC-SLE-048-01,18,217.32,163.747,374.94,173.355,0.258088,0.275058,0.445276,0.291197,842.04,595.32,top-left,PDF points
ANC-SLE-048-01-R30,ANC-SLE-048-01,18,476.28,166.507,491.398,176.115,0.565626,0.279694,0.58358,0.295833,842.04,595.32,top-left,PDF points
ANC-SLE-048-01-R31,ANC-SLE-048-01,18,526.924,166.507,542.042,176.115,0.625771,0.279694,0.643724,0.295833,842.04,595.32,top-left,PDF points
ANC-SLE-048-01-R32,ANC-SLE-048-01,18,576.482,166.507,591.6,176.115,0.684626,0.279694,0.70258,0.295833,842.04,595.32,top-left,PDF points
ANC-SLE-048-01-R33,ANC-SLE-048-01,18,616.92,166.507,632.038,176.115,0.732649,0.279694,0.750603,0.295833,842.04,595.32,top-left,PDF points
ANC-SLE-048-01-R34,ANC-SLE-048-01,18,656.52,166.507,671.638,176.115,0.779678,0.279694,0.797632,0.295833,842.04,595.32,top-left,PDF points
ANC-SLE-048-01-R35,ANC-SLE-048-01,18,696.0,166.507,711.118,176.115,0.826564,0.279694,0.844518,0.295833,842.04,595.32,top-left,PDF points
ANC-SLE-048-01-R36,ANC-SLE-048-01,18,731.88,166.507,746.998,176.115,0.869175,0.279694,0.887129,0.295833,842.04,595.32,top-left,PDF points
ANC-SLE-048-01-R37,ANC-SLE-048-01,18,768.0,166.507,783.118,176.115,0.912071,0.279694,0.930024,0.295833,842.04,595.32,top-left,PDF points
ANC-SLE-048-01-R38,ANC-SLE-048-01,18,57.0,178.507,106.151,187.753,0.067693,0.299851,0.126064,0.315382,842.04,595.32,top-left,PDF points
ANC-SLE-048-01-R39,ANC-SLE-048-01,18,122.88,178.507,199.601,188.115,0.145931,0.299851,0.237045,0.31599,842.04,595.32,top-left,PDF points
ANC-SLE-048-01-R40,ANC-SLE-048-01,18,217.32,178.507,244.255,188.115,0.258088,0.299851,0.290075,0.31599,842.04,595.32,top-left,PDF points
ANC-SLE-049-01-R01,ANC-SLE-049-01,18,217.32,163.747,374.94,173.355,0.258088,0.275058,0.445276,0.291197,842.04,595.32,top-left,PDF points
ANC-SLE-050-01-R01,ANC-SLE-050-01,18,476.28,242.947,491.398,252.555,0.565626,0.408095,0.58358,0.424234,842.04,595.32,top-left,PDF points
ANC-SLE-050-01-R02,ANC-SLE-050-01,18,526.924,242.947,542.042,252.555,0.625771,0.408095,0.643724,0.424234,842.04,595.32,top-left,PDF points
ANC-SLE-050-01-R03,ANC-SLE-050-01,18,576.482,242.947,591.6,252.555,0.684626,0.408095,0.70258,0.424234,842.04,595.32,top-left,PDF points
ANC-SLE-050-01-R04,ANC-SLE-050-01,18,614.76,242.947,634.318,252.555,0.730084,0.408095,0.753311,0.424234,842.04,595.32,top-left,PDF points
ANC-SLE-050-01-R05,ANC-SLE-050-01,18,656.52,242.947,671.637,252.555,0.779678,0.408095,0.797631,0.424234,842.04,595.32,top-left,PDF points
ANC-SLE-050-01-R06,ANC-SLE-050-01,18,696.004,242.947,711.122,252.555,0.826569,0.408095,0.844523,0.424234,842.04,595.32,top-left,PDF points
ANC-SLE-050-01-R07,ANC-SLE-050-01,18,731.887,242.947,747.004,252.555,0.869183,0.408095,0.887136,0.424234,842.04,595.32,top-left,PDF points
ANC-SLE-050-01-R08,ANC-SLE-050-01,18,768.01,242.947,783.128,252.555,0.912083,0.408095,0.930037,0.424234,842.04,595.32,top-left,PDF points
ANC-SLE-050-01-R09,ANC-SLE-050-01,18,217.32,258.427,439.983,268.035,0.258088,0.434098,0.52252,0.450237,842.04,595.32,top-left,PDF points
ANC-SLE-050-01-R10,ANC-SLE-050-01,18,217.32,267.187,323.841,276.795,0.258088,0.448813,0.384591,0.464952,842.04,595.32,top-left,PDF points
ANC-SLE-051-01-R01,ANC-SLE-051-01,18,217.32,236.587,411.037,246.195,0.258088,0.397412,0.488144,0.413551,842.04,595.32,top-left,PDF points
ANC-SLE-051-01-R02,ANC-SLE-051-01,18,217.32,245.347,325.535,254.955,0.258088,0.412127,0.386603,0.428266,842.04,595.32,top-left,PDF points
ANC-SLE-052-01-R01,ANC-SLE-052-01,8,106.539,682.499,471.729,695.195,0.174084,0.861741,0.7708,0.877771,612.0,792.0,top-left,PDF points
ANC-SLE-053-01-R01,ANC-SLE-053-01,8,106.55,700.384,374.8,713.08,0.174102,0.884323,0.612419,0.900353,612.0,792.0,top-left,PDF points
ANC-SLE-054-01-R01,ANC-SLE-054-01,10,115.8,516.288,541.515,529.481,0.189215,0.651879,0.884829,0.668536,612.0,792.0,top-left,PDF points
ANC-SLE-054-01-R02,ANC-SLE-054-01,10,70.56,534.283,111.497,547.476,0.115294,0.6746,0.182185,0.691258,612.0,792.0,top-left,PDF points
ANC-SLE-055-01-R01,ANC-SLE-055-01,11,70.56,76.036,541.701,88.732,0.115294,0.096005,0.885132,0.112036,612.0,792.0,top-left,PDF points
ANC-SLE-056-01-R01,ANC-SLE-056-01,9,296.04,409.547,504.654,421.449,0.483726,0.517104,0.824598,0.532132,612.0,792.0,top-left,PDF points
ANC-SLE-057-01-R01,ANC-SLE-057-01,9,135.96,438.947,203.234,450.849,0.222157,0.554226,0.332081,0.569254,612.0,792.0,top-left,PDF points
ANC-SLE-058-01-R01,ANC-SLE-058-01,9,296.04,648.227,514.864,660.129,0.483726,0.818468,0.841281,0.833496,612.0,792.0,top-left,PDF points
ANC-SLE-059-01-R01,ANC-SLE-059-01,9,135.96,543.467,179.564,555.369,0.222157,0.686195,0.293405,0.701223,612.0,792.0,top-left,PDF points
ANC-SLE-059-01-R02,ANC-SLE-059-01,9,135.96,556.067,178.601,567.969,0.222157,0.702104,0.291831,0.717132,612.0,792.0,top-left,PDF points
ANC-SLE-060-01-R01,ANC-SLE-060-01,14,217.32,200.707,449.108,210.315,0.258088,0.337142,0.533357,0.353281,842.04,595.32,top-left,PDF points
ANC-SLE-061-01-R01,ANC-SLE-061-01,14,217.32,253.987,393.885,263.595,0.258088,0.42664,0.467774,0.442779,842.04,595.32,top-left,PDF points
ANC-SLE-062-01-R01,ANC-SLE-062-01,15,217.32,299.347,422.686,308.955,0.258088,0.502834,0.501979,0.518973,842.04,595.32,top-left,PDF points
ANC-SLE-063-01-R01,ANC-SLE-063-01,15,217.32,336.067,395.902,345.675,0.258088,0.564515,0.47017,0.580654,842.04,595.32,top-left,PDF points
ANC-SLE-064-01-R01,ANC-SLE-064-01,16,217.32,294.667,420.801,304.275,0.258088,0.494973,0.49974,0.511112,842.04,595.32,top-left,PDF points
ANC-SLE-065-01-R01,ANC-SLE-065-01,16,217.32,365.587,437.055,375.195,0.258088,0.614102,0.519043,0.630241,842.04,595.32,top-left,PDF points
ANC-SLE-065-01-R02,ANC-SLE-065-01,16,217.32,374.227,298.099,383.835,0.258088,0.628615,0.35402,0.644754,842.04,595.32,top-left,PDF points
ANC-SLE-066-01-R01,ANC-SLE-066-01,16,217.32,388.507,433.602,398.115,0.258088,0.652602,0.514943,0.668741,842.04,595.32,top-left,PDF points
ANC-SLE-067-01-R01,ANC-SLE-067-01,16,217.32,315.067,452.127,324.675,0.258088,0.52924,0.536942,0.545379,842.04,595.32,top-left,PDF points
ANC-SLE-067-01-R02,ANC-SLE-067-01,16,217.32,323.827,439.016,333.435,0.258088,0.543955,0.521372,0.560094,842.04,595.32,top-left,PDF points
ANC-SLE-068-01-R01,ANC-SLE-068-01,16,122.88,458.251,195.185,467.859,0.145931,0.769755,0.2318,0.785894,842.04,595.32,top-left,PDF points
ANC-SLE-068-01-R02,ANC-SLE-068-01,16,122.88,467.014,147.392,476.622,0.145931,0.784476,0.175042,0.800615,842.04,595.32,top-left,PDF points
ANC-SLE-068-01-R03,ANC-SLE-068-01,16,217.32,459.787,453.932,469.395,0.258088,0.772336,0.539087,0.788475,842.04,595.32,top-left,PDF points
ANC-SLE-068-01-R04,ANC-SLE-068-01,16,217.32,468.427,431.945,478.035,0.258088,0.78685,0.512974,0.802989,842.04,595.32,top-left,PDF points
ANC-SLE-068-01-R05,ANC-SLE-068-01,16,217.32,477.191,397.995,486.799,0.258088,0.80157,0.472655,0.817709,842.04,595.32,top-left,PDF points
ANC-SLE-068-01-R06,ANC-SLE-068-01,16,476.28,470.827,491.398,480.435,0.565626,0.790881,0.58358,0.80702,842.04,595.32,top-left,PDF points
ANC-SLE-068-01-R07,ANC-SLE-068-01,16,526.924,470.827,542.042,480.435,0.625771,0.790881,0.643724,0.80702,842.04,595.32,top-left,PDF points
ANC-SLE-068-01-R08,ANC-SLE-068-01,16,576.482,470.827,591.6,480.435,0.684626,0.790881,0.70258,0.80702,842.04,595.32,top-left,PDF points
ANC-SLE-068-01-R09,ANC-SLE-068-01,16,616.92,470.827,632.038,480.435,0.732649,0.790881,0.750603,0.80702,842.04,595.32,top-left,PDF points
ANC-SLE-068-01-R10,ANC-SLE-068-01,16,656.525,470.827,671.643,480.435,0.779684,0.790881,0.797638,0.80702,842.04,595.32,top-left,PDF points
ANC-SLE-068-01-R11,ANC-SLE-068-01,16,696.009,470.827,711.127,480.435,0.826575,0.790881,0.844529,0.80702,842.04,595.32,top-left,PDF points
ANC-SLE-068-01-R12,ANC-SLE-068-01,16,731.892,470.827,747.01,480.435,0.869189,0.790881,0.887143,0.80702,842.04,595.32,top-left,PDF points
ANC-SLE-068-01-R13,ANC-SLE-068-01,16,768.016,470.827,783.133,480.435,0.912089,0.790881,0.930043,0.80702,842.04,595.32,top-left,PDF points
ANC-SLE-069-01-R01,ANC-SLE-069-01,18,217.32,178.507,434.314,188.115,0.258088,0.299851,0.515788,0.31599,842.04,595.32,top-left,PDF points
ANC-SLE-070-01-R01,ANC-SLE-070-01,11,70.56,539.596,541.488,552.789,0.115294,0.681308,0.884785,0.697966,612.0,792.0,top-left,PDF points
ANC-SLE-070-01-R02,ANC-SLE-070-01,11,70.56,556.035,541.44,569.228,0.115294,0.702064,0.884706,0.718722,612.0,792.0,top-left,PDF points
ANC-JAM-031-CTX-01-R01,ANC-JAM-031-CTX-01,5,120.14,236.66,126.005,247.7,0.196307,0.298813,0.205891,0.312753,612.0,792.0,top-left,PDF points
ANC-JAM-031-CTX-01-R02,ANC-JAM-031-CTX-01,5,144.02,234.248,510.584,247.532,0.235327,0.295768,0.834288,0.31254,612.0,792.0,top-left,PDF points
ANC-JAM-031-CTX-01-R03,ANC-JAM-031-CTX-01,5,144.02,249.158,499.016,262.442,0.235327,0.314593,0.815386,0.331366,612.0,792.0,top-left,PDF points
ANC-JAM-031-CTX-02-R01,ANC-JAM-031-CTX-02,5,117.62,270.29,126.005,281.33,0.19219,0.341275,0.205891,0.355215,612.0,792.0,top-left,PDF points
ANC-JAM-031-CTX-02-R02,ANC-JAM-031-CTX-02,5,144.02,267.878,534.824,281.162,0.235327,0.33823,0.873896,0.355003,612.0,792.0,top-left,PDF points
ANC-JAM-031-CTX-02-R03,ANC-JAM-031-CTX-02,5,144.02,282.638,171.02,295.922,0.235327,0.356866,0.279444,0.373639,612.0,792.0,top-left,PDF points
ANC-JAM-034-CTX-01-R01,ANC-JAM-034-CTX-01,6,117.62,141.98,126.005,153.02,0.19219,0.179268,0.205891,0.193207,612.0,792.0,top-left,PDF points
ANC-JAM-034-CTX-01-R02,ANC-JAM-034-CTX-01,6,144.02,139.568,539.816,152.852,0.235327,0.176222,0.882052,0.192995,612.0,792.0,top-left,PDF points
ANC-JAM-034-CTX-01-R03,ANC-JAM-034-CTX-01,6,144.02,154.328,540.02,167.612,0.235327,0.194859,0.882386,0.211631,612.0,792.0,top-left,PDF points
ANC-JAM-034-CTX-01-R04,ANC-JAM-034-CTX-01,6,144.02,169.088,534.304,182.372,0.235327,0.213495,0.873046,0.230268,612.0,792.0,top-left,PDF points
ANC-JAM-036-CTX-01-R01,ANC-JAM-036-CTX-01,6,90.024,490.378,511.418,503.83,0.147098,0.619164,0.83565,0.636149,612.0,792.0,top-left,PDF points
ANC-JAM-036-CTX-01-R02,ANC-JAM-036-CTX-01,6,108.02,505.138,513.788,518.422,0.176503,0.6378,0.839523,0.654573,612.0,792.0,top-left,PDF points
ANC-JAM-036-CTX-02-R01,ANC-JAM-036-CTX-02,6,90.024,568.258,539.246,581.71,0.147098,0.717497,0.881121,0.734482,612.0,792.0,top-left,PDF points
ANC-JAM-036-CTX-02-R02,ANC-JAM-036-CTX-02,6,108.02,583.048,531.562,596.332,0.176503,0.736172,0.868565,0.752944,612.0,792.0,top-left,PDF points
ANC-JAM-036-CTX-03-R01,ANC-JAM-036-CTX-03,6,90.024,631.288,505.874,644.74,0.147098,0.797081,0.826592,0.814066,612.0,792.0,top-left,PDF points
ANC-JAM-036-CTX-03-R02,ANC-JAM-036-CTX-03,6,108.02,646.168,518.12,659.452,0.176503,0.815869,0.846601,0.832641,612.0,792.0,top-left,PDF points
ANC-SLE-058-CTX-01-R01,ANC-SLE-058-CTX-01,10,296.04,97.187,529.724,109.089,0.483726,0.12271,0.865563,0.137738,612.0,792.0,top-left,PDF points
ANC-SLE-058-CTX-01-R02,ANC-SLE-058-CTX-01,10,296.04,109.787,328.522,121.689,0.483726,0.13862,0.5368,0.153648,612.0,792.0,top-left,PDF points
ANC-SLE-061-CTX-01-R01,ANC-SLE-061-CTX-01,14,217.32,267.307,441.357,276.915,0.258088,0.449014,0.524152,0.465153,842.04,595.32,top-left,PDF points
ANC-SLE-061-CTX-01-R02,ANC-SLE-061-CTX-01,14,217.32,276.067,243.774,285.675,0.258088,0.463729,0.289504,0.479868,842.04,595.32,top-left,PDF points
ANC-SLE-061-CTX-02-R01,ANC-SLE-061-CTX-02,14,217.32,290.347,386.8,299.955,0.258088,0.487716,0.45936,0.503855,842.04,595.32,top-left,PDF points
ANC-SLE-063-CTX-01-R01,ANC-SLE-063-CTX-01,15,217.32,348.907,402.618,358.515,0.258088,0.586084,0.478146,0.602223,842.04,595.32,top-left,PDF points
ANC-CAM-034-CTX-01-R01,ANC-CAM-034-CTX-01,10,395.264,556.557,539.833,570.743,0.645856,0.702723,0.88208,0.720635,612.0,792.0,top-left,PDF points
ANC-CAM-034-CTX-01-R02,ANC-CAM-034-CTX-01,10,395.264,569.992,537.326,584.179,0.645856,0.719687,0.877983,0.737599,612.0,792.0,top-left,PDF points
ANC-CAM-034-CTX-01-R03,ANC-CAM-034-CTX-01,10,395.264,583.428,429.169,597.614,0.645856,0.736652,0.701257,0.754564,612.0,792.0,top-left,PDF points
ANC-CAM-079-CTX-01-R01,ANC-CAM-079-CTX-01,14,72.0,289.32,231.311,304.74,0.117647,0.365303,0.377959,0.384773,612.0,792.0,top-left,PDF points
ANC-CAM-079-CTX-02-R01,ANC-CAM-079-CTX-02,20,72.0,513.84,231.072,529.26,0.117647,0.648788,0.377569,0.668258,612.0,792.0,top-left,PDF points
ANC-CAM-013-ASP-R01,ANC-CAM-013-ASP,6,243.0,600.13,531.779,614.316,0.397059,0.757739,0.868919,0.775652,612.0,792.0,top-left,PDF points
ANC-CAM-013-MECH-01-R01,ANC-CAM-013-MECH-01,10,377.28,71.65,432.615,85.836,0.616471,0.090467,0.706887,0.108379,612.0,792.0,top-left,PDF points
ANC-CAM-013-MECH-01-R02,ANC-CAM-013-MECH-01,10,77.64,85.57,176.913,99.756,0.126863,0.108042,0.289074,0.125955,612.0,792.0,top-left,PDF points
ANC-CAM-013-MECH-01-R03,ANC-CAM-013-MECH-01,10,77.64,99.01,146.102,113.196,0.126863,0.125012,0.238729,0.142924,612.0,792.0,top-left,PDF points
ANC-CAM-013-MECH-01-R04,ANC-CAM-013-MECH-01,10,77.64,112.445,170.607,126.632,0.126863,0.141976,0.278769,0.159888,612.0,792.0,top-left,PDF points
ANC-CAM-013-MECH-01-R05,ANC-CAM-013-MECH-01,10,77.64,125.881,179.229,140.067,0.126863,0.158941,0.292858,0.176853,612.0,792.0,top-left,PDF points
ANC-CAM-013-MECH-01-R06,ANC-CAM-013-MECH-01,10,209.16,85.57,212.914,99.756,0.341765,0.108042,0.347898,0.125955,612.0,792.0,top-left,PDF points
ANC-CAM-013-MECH-01-R07,ANC-CAM-013-MECH-01,10,227.16,85.57,333.774,99.756,0.371176,0.108042,0.545383,0.125955,612.0,792.0,top-left,PDF points
ANC-CAM-013-MECH-01-R08,ANC-CAM-013-MECH-01,10,227.16,99.01,304.285,113.196,0.371176,0.125012,0.497198,0.142924,612.0,792.0,top-left,PDF points
ANC-CAM-013-MECH-01-R09,ANC-CAM-013-MECH-01,10,209.16,112.45,212.914,126.636,0.341765,0.141982,0.347898,0.159894,612.0,792.0,top-left,PDF points
ANC-CAM-013-MECH-01-R10,ANC-CAM-013-MECH-01,10,227.155,112.45,350.929,126.636,0.371169,0.141982,0.573413,0.159894,612.0,792.0,top-left,PDF points
ANC-CAM-013-MECH-01-R11,ANC-CAM-013-MECH-01,10,227.155,125.885,278.226,140.072,0.371169,0.158946,0.454618,0.176858,612.0,792.0,top-left,PDF points
ANC-CAM-013-MECH-01-R12,ANC-CAM-013-MECH-01,10,209.16,139.321,212.914,153.507,0.341765,0.17591,0.347898,0.193822,612.0,792.0,top-left,PDF points
ANC-CAM-013-MECH-01-R13,ANC-CAM-013-MECH-01,10,227.155,139.321,349.021,153.507,0.371169,0.17591,0.570296,0.193822,612.0,792.0,top-left,PDF points
ANC-CAM-013-MECH-01-R14,ANC-CAM-013-MECH-01,10,227.155,152.757,361.035,166.943,0.371169,0.192874,0.589926,0.210787,612.0,792.0,top-left,PDF points
ANC-CAM-013-MECH-01-R15,ANC-CAM-013-MECH-01,10,227.155,166.192,322.143,180.379,0.371169,0.209839,0.526378,0.227751,612.0,792.0,top-left,PDF points
ANC-CAM-013-MECH-01-R16,ANC-CAM-013-MECH-01,10,209.16,179.518,212.914,193.704,0.341765,0.226664,0.347898,0.244576,612.0,792.0,top-left,PDF points
ANC-CAM-013-MECH-01-R17,ANC-CAM-013-MECH-01,10,227.155,179.518,330.396,193.704,0.371169,0.226664,0.539862,0.244576,612.0,792.0,top-left,PDF points
ANC-CAM-013-MECH-01-R18,ANC-CAM-013-MECH-01,10,227.155,192.953,343.068,207.14,0.371169,0.243628,0.560568,0.26154,612.0,792.0,top-left,PDF points
ANC-CAM-013-MECH-01-R19,ANC-CAM-013-MECH-01,10,227.155,206.389,264.065,220.575,0.371169,0.260592,0.431479,0.278504,612.0,792.0,top-left,PDF points
ANC-CAM-013-MECH-01-R20,ANC-CAM-013-MECH-01,10,209.16,219.825,212.914,234.011,0.341765,0.277556,0.347898,0.295468,612.0,792.0,top-left,PDF points
ANC-CAM-013-MECH-01-R21,ANC-CAM-013-MECH-01,10,227.155,219.825,356.975,234.011,0.371169,0.277556,0.583292,0.295468,612.0,792.0,top-left,PDF points
ANC-CAM-013-MECH-01-R22,ANC-CAM-013-MECH-01,10,227.155,233.26,357.315,247.447,0.371169,0.29452,0.583847,0.312433,612.0,792.0,top-left,PDF points
ANC-CAM-013-MECH-01-R23,ANC-CAM-013-MECH-01,10,227.155,246.696,264.785,260.882,0.371169,0.311485,0.432655,0.329397,612.0,792.0,top-left,PDF points
ANC-CAM-013-MECH-01-R24,ANC-CAM-013-MECH-01,10,377.28,85.57,381.034,99.756,0.616471,0.108042,0.622604,0.125955,612.0,792.0,top-left,PDF points
ANC-CAM-013-MECH-01-R25,ANC-CAM-013-MECH-01,10,395.28,85.57,497.47,99.756,0.645882,0.108042,0.81286,0.125955,612.0,792.0,top-left,PDF points
ANC-CAM-013-MECH-01-R26,ANC-CAM-013-MECH-01,10,395.28,99.01,529.964,113.196,0.645882,0.125012,0.865953,0.142924,612.0,792.0,top-left,PDF points
ANC-CAM-013-MECH-01-R27,ANC-CAM-013-MECH-01,10,395.28,112.45,427.507,126.636,0.645882,0.141982,0.698541,0.159894,612.0,792.0,top-left,PDF points
ANC-CAM-013-MECH-01-R28,ANC-CAM-013-MECH-01,10,377.28,125.89,381.034,140.076,0.616471,0.158951,0.622604,0.176864,612.0,792.0,top-left,PDF points
ANC-CAM-013-MECH-01-R29,ANC-CAM-013-MECH-01,10,395.275,125.89,496.044,140.076,0.645875,0.158951,0.810529,0.176864,612.0,792.0,top-left,PDF points
ANC-CAM-013-MECH-01-R30,ANC-CAM-013-MECH-01,10,395.28,139.33,520.146,153.516,0.645882,0.175921,0.849911,0.193833,612.0,792.0,top-left,PDF points
ANC-CAM-013-MECH-01-R31,ANC-CAM-013-MECH-01,10,395.28,152.77,538.165,166.956,0.645882,0.192891,0.879355,0.210803,612.0,792.0,top-left,PDF points
ANC-CAM-013-MECH-01-R32,ANC-CAM-013-MECH-01,10,395.28,166.21,495.318,180.396,0.645882,0.209861,0.809343,0.227773,612.0,792.0,top-left,PDF points
ANC-CAM-013-MECH-01-R33,ANC-CAM-013-MECH-01,10,395.28,179.53,483.195,193.716,0.645882,0.226679,0.789534,0.244591,612.0,792.0,top-left,PDF points
ANC-CAM-015-ASP-R01,ANC-CAM-015-ASP,7,243.0,127.81,509.833,141.996,0.397059,0.161376,0.833061,0.179288,612.0,792.0,top-left,PDF points
ANC-CAM-015-ASP-R02,ANC-CAM-015-ASP,7,243.0,141.25,536.347,155.436,0.397059,0.178345,0.876384,0.196258,612.0,792.0,top-left,PDF points
ANC-CAM-015-MECH-01-R01,ANC-CAM-015-MECH-01,6,243.0,565.33,489.582,579.516,0.397059,0.7138,0.79997,0.731712,612.0,792.0,top-left,PDF points
ANC-CAM-015-MECH-01-R02,ANC-CAM-015-MECH-01,6,243.0,578.765,491.655,592.952,0.397059,0.730764,0.803358,0.748676,612.0,792.0,top-left,PDF points
ANC-CAM-033-ASP-R01,ANC-CAM-033-ASP,10,227.144,529.681,359.213,543.867,0.371151,0.668789,0.58695,0.686701,612.0,792.0,top-left,PDF points
ANC-CAM-033-ASP-R02,ANC-CAM-033-ASP,10,227.144,543.117,325.386,557.303,0.371151,0.685753,0.531676,0.703665,612.0,792.0,top-left,PDF points
ANC-CAM-060-ASP-R01,ANC-CAM-060-ASP,4,72.037,388.308,152.625,402.495,0.117707,0.490288,0.249387,0.5082,612.0,792.0,top-left,PDF points
ANC-CAM-060-ASP-R02,ANC-CAM-060-ASP,4,72.037,415.18,540.101,429.366,0.117707,0.524217,0.882518,0.542129,612.0,792.0,top-left,PDF points
ANC-CAM-060-ASP-R03,ANC-CAM-060-ASP,4,72.037,428.615,540.102,442.802,0.117707,0.541181,0.88252,0.559093,612.0,792.0,top-left,PDF points
ANC-CAM-060-ASP-R04,ANC-CAM-060-ASP,4,72.037,442.051,540.104,456.237,0.117707,0.558145,0.882523,0.576057,612.0,792.0,top-left,PDF points
ANC-CAM-060-ASP-R05,ANC-CAM-060-ASP,4,72.037,455.487,284.709,469.673,0.117707,0.57511,0.465211,0.593022,612.0,792.0,top-left,PDF points
ANC-CAM-061-ASP-R01,ANC-CAM-061-ASP,4,288.399,455.487,540.124,469.673,0.47124,0.57511,0.882556,0.593022,612.0,792.0,top-left,PDF points
ANC-CAM-061-ASP-R02,ANC-CAM-061-ASP,4,72.037,468.812,540.086,482.998,0.117707,0.591934,0.882493,0.609846,612.0,792.0,top-left,PDF points
ANC-CAM-061-ASP-R03,ANC-CAM-061-ASP,4,72.037,482.248,425.473,496.434,0.117707,0.608899,0.695217,0.626811,612.0,792.0,top-left,PDF points
ANC-CAM-061-MECH-01-R01,ANC-CAM-061-MECH-01,8,241.32,119.29,515.093,133.476,0.394314,0.150618,0.841655,0.16853,612.0,792.0,top-left,PDF points
ANC-CAM-064-ASP-R01,ANC-CAM-064-ASP,8,201.95,400.554,540.259,414.741,0.329983,0.50575,0.882777,0.523662,612.0,792.0,top-left,PDF points
ANC-CAM-064-ASP-R02,ANC-CAM-064-ASP,8,71.989,413.99,540.1,428.176,0.117629,0.522714,0.882517,0.540627,612.0,792.0,top-left,PDF points
ANC-CAM-064-ASP-R03,ANC-CAM-064-ASP,8,71.989,427.426,540.126,441.612,0.117629,0.539679,0.882559,0.557591,612.0,792.0,top-left,PDF points
ANC-CAM-064-ASP-R04,ANC-CAM-064-ASP,8,71.989,440.861,101.307,455.048,0.117629,0.556643,0.165534,0.574555,612.0,792.0,top-left,PDF points
ANC-CAM-065-ASP-R01,ANC-CAM-065-ASP,9,218.777,355.637,540.081,369.824,0.357478,0.449037,0.882485,0.466949,612.0,792.0,top-left,PDF points
ANC-CAM-065-ASP-R02,ANC-CAM-065-ASP,9,72.033,369.073,540.188,383.259,0.117701,0.466001,0.882659,0.483913,612.0,792.0,top-left,PDF points
ANC-CAM-065-ASP-R03,ANC-CAM-065-ASP,9,72.044,382.508,540.142,396.695,0.117719,0.482965,0.882586,0.500877,612.0,792.0,top-left,PDF points
ANC-CAM-065-ASP-R04,ANC-CAM-065-ASP,9,72.055,395.944,540.235,410.131,0.117737,0.499929,0.882737,0.517842,612.0,792.0,top-left,PDF points
ANC-CAM-065-ASP-R05,ANC-CAM-065-ASP,9,72.066,409.38,283.746,423.566,0.117755,0.516894,0.463638,0.534806,612.0,792.0,top-left,PDF points
ANC-CAM-065-MECH-01-R01,ANC-CAM-065-MECH-01,8,241.32,183.01,486.945,197.196,0.394314,0.231073,0.795662,0.248985,612.0,792.0,top-left,PDF points
ANC-CAM-065-MECH-01-R02,ANC-CAM-065-MECH-01,8,241.32,196.45,479.077,210.636,0.394314,0.248042,0.782806,0.265955,612.0,792.0,top-left,PDF points
ANC-CAM-066-ASP-R01,ANC-CAM-066-ASP,9,218.777,355.637,540.081,369.824,0.357478,0.449037,0.882485,0.466949,612.0,792.0,top-left,PDF points
ANC-CAM-066-ASP-R02,ANC-CAM-066-ASP,9,72.033,369.073,540.188,383.259,0.117701,0.466001,0.882659,0.483913,612.0,792.0,top-left,PDF points
ANC-CAM-066-ASP-R03,ANC-CAM-066-ASP,9,72.044,382.508,540.142,396.695,0.117719,0.482965,0.882586,0.500877,612.0,792.0,top-left,PDF points
ANC-CAM-066-ASP-R04,ANC-CAM-066-ASP,9,72.055,395.944,540.235,410.131,0.117737,0.499929,0.882737,0.517842,612.0,792.0,top-left,PDF points
ANC-CAM-066-ASP-R05,ANC-CAM-066-ASP,9,72.066,409.38,283.746,423.566,0.117755,0.516894,0.463638,0.534806,612.0,792.0,top-left,PDF points
ANC-CAM-067-ASP-R01,ANC-CAM-067-ASP,5,77.64,122.89,249.291,137.076,0.126863,0.155164,0.407338,0.173076,612.0,792.0,top-left,PDF points
ANC-CAM-068-ASP-R01,ANC-CAM-068-ASP,5,77.64,150.25,249.295,164.436,0.126863,0.189709,0.407345,0.207621,612.0,792.0,top-left,PDF points
ANC-CAM-068-ASP-R02,ANC-CAM-068-ASP,5,77.64,163.69,161.449,177.876,0.126863,0.206679,0.263806,0.224591,612.0,792.0,top-left,PDF points
ANC-CAM-069-ASP-R01,ANC-CAM-069-ASP,5,77.64,177.61,224.82,191.796,0.126863,0.224255,0.367354,0.242167,612.0,792.0,top-left,PDF points
ANC-CAM-069-ASP-R02,ANC-CAM-069-ASP,5,77.64,191.05,132.56,205.236,0.126863,0.241224,0.216601,0.259136,612.0,792.0,top-left,PDF points
ANC-CAM-070-ASP-R01,ANC-CAM-070-ASP,4,285.017,232.681,540.091,246.867,0.465714,0.293789,0.882502,0.311701,612.0,792.0,top-left,PDF points
ANC-CAM-070-ASP-R02,ANC-CAM-070-ASP,4,72.012,246.006,540.068,260.193,0.117666,0.310614,0.882463,0.328526,612.0,792.0,top-left,PDF points
ANC-CAM-070-ASP-R03,ANC-CAM-070-ASP,4,72.012,259.442,285.1,273.628,0.117666,0.327578,0.46585,0.34549,612.0,792.0,top-left,PDF points
ANC-CAM-070-ASP-R04,ANC-CAM-070-ASP,4,72.004,280.933,145.179,295.12,0.117653,0.354714,0.237221,0.372626,612.0,792.0,top-left,PDF points
ANC-CAM-070-ASP-R05,ANC-CAM-070-ASP,4,72.004,307.805,540.104,321.991,0.117653,0.388642,0.882523,0.406554,612.0,792.0,top-left,PDF points
ANC-CAM-070-ASP-R06,ANC-CAM-070-ASP,4,72.015,321.24,540.211,335.427,0.117671,0.405607,0.882698,0.423519,612.0,792.0,top-left,PDF points
ANC-CAM-070-ASP-R07,ANC-CAM-070-ASP,4,72.026,334.566,540.129,348.752,0.117689,0.422431,0.882563,0.440344,612.0,792.0,top-left,PDF points
ANC-CAM-070-ASP-R08,ANC-CAM-070-ASP,4,72.015,348.001,131.562,362.188,0.117671,0.439396,0.214971,0.457308,612.0,792.0,top-left,PDF points
ANC-CAM-071-ASP-R01,ANC-CAM-071-ASP,4,72.037,388.308,152.625,402.495,0.117707,0.490288,0.249387,0.5082,612.0,792.0,top-left,PDF points
ANC-CAM-071-ASP-R02,ANC-CAM-071-ASP,4,72.037,415.18,540.101,429.366,0.117707,0.524217,0.882518,0.542129,612.0,792.0,top-left,PDF points
ANC-CAM-071-ASP-R03,ANC-CAM-071-ASP,4,72.037,428.615,540.102,442.802,0.117707,0.541181,0.88252,0.559093,612.0,792.0,top-left,PDF points
ANC-CAM-071-ASP-R04,ANC-CAM-071-ASP,4,72.037,442.051,540.104,456.237,0.117707,0.558145,0.882523,0.576057,612.0,792.0,top-left,PDF points
ANC-CAM-071-ASP-R05,ANC-CAM-071-ASP,4,72.037,455.487,284.709,469.673,0.117707,0.57511,0.465211,0.593022,612.0,792.0,top-left,PDF points
ANC-CAM-072-ASP-R01,ANC-CAM-072-ASP,5,414.84,386.41,517.106,400.596,0.677843,0.487891,0.844944,0.505803,612.0,792.0,top-left,PDF points
ANC-CAM-072-ASP-R02,ANC-CAM-072-ASP,5,414.84,413.175,534.68,427.361,0.677843,0.521685,0.873661,0.539598,612.0,792.0,top-left,PDF points
ANC-JAM-005-ASP-R01,ANC-JAM-005-ASP,4,116.3,305.453,126.092,317.675,0.190033,0.385673,0.206033,0.401104,612.0,792.0,top-left,PDF points
ANC-JAM-005-ASP-R02,ANC-JAM-005-ASP,4,144.02,304.598,539.822,317.882,0.235327,0.384593,0.882062,0.401366,612.0,792.0,top-left,PDF points
ANC-JAM-005-ASP-R03,ANC-JAM-005-ASP,4,144.02,319.358,539.95,332.642,0.235327,0.40323,0.882271,0.420003,612.0,792.0,top-left,PDF points
ANC-JAM-005-ASP-R04,ANC-JAM-005-ASP,4,144.02,334.118,256.544,347.402,0.235327,0.421866,0.41919,0.438639,612.0,792.0,top-left,PDF points
ANC-JAM-006-ASP-R01,ANC-JAM-006-ASP,5,90.024,398.078,532.532,411.53,0.147098,0.502624,0.87015,0.519609,612.0,792.0,top-left,PDF points
ANC-JAM-006-ASP-R02,ANC-JAM-006-ASP,5,108.02,412.858,140.288,426.142,0.176503,0.521285,0.229229,0.538058,612.0,792.0,top-left,PDF points
ANC-JAM-007-ASP-R01,ANC-JAM-007-ASP,6,115.1,190.34,126.005,201.38,0.188072,0.240328,0.205891,0.254268,612.0,792.0,top-left,PDF points
ANC-JAM-007-ASP-R02,ANC-JAM-007-ASP,6,144.02,187.928,539.998,201.212,0.235327,0.237283,0.88235,0.254056,612.0,792.0,top-left,PDF points
ANC-JAM-007-ASP-R03,ANC-JAM-007-ASP,6,144.02,202.688,539.744,215.972,0.235327,0.255919,0.881935,0.272692,612.0,792.0,top-left,PDF points
ANC-JAM-007-ASP-R04,ANC-JAM-007-ASP,6,144.02,217.448,539.936,230.732,0.235327,0.274556,0.882248,0.291328,612.0,792.0,top-left,PDF points
ANC-JAM-007-ASP-R05,ANC-JAM-007-ASP,6,144.02,232.208,252.62,245.492,0.235327,0.293192,0.412778,0.309965,612.0,792.0,top-left,PDF points
ANC-JAM-010-ASP-R01,ANC-JAM-010-ASP,7,72.024,125.12,387.416,142.787,0.117686,0.157979,0.633033,0.180287,612.0,792.0,top-left,PDF points
ANC-JAM-010-ASP-R02,ANC-JAM-010-ASP,7,72.024,146.408,539.652,159.692,0.117686,0.184859,0.881784,0.201631,612.0,792.0,top-left,PDF points
ANC-JAM-010-ASP-R03,ANC-JAM-010-ASP,7,72.024,160.208,187.284,173.492,0.117686,0.202283,0.30602,0.219056,612.0,792.0,top-left,PDF points
ANC-JAM-010-ASP-R04,ANC-JAM-010-ASP,7,90.024,181.928,507.25,195.38,0.147098,0.229707,0.82884,0.246692,612.0,792.0,top-left,PDF points
ANC-JAM-010-MECH-01-R01,ANC-JAM-010-MECH-01,3,72.024,463.378,393.396,476.662,0.117686,0.585073,0.642804,0.601846,612.0,792.0,top-left,PDF points
ANC-JAM-010-MECH-01-R02,ANC-JAM-010-MECH-01,3,90.024,485.218,511.486,498.67,0.147098,0.612649,0.835761,0.629634,612.0,792.0,top-left,PDF points
ANC-JAM-010-MECH-01-R03,ANC-JAM-010-MECH-01,3,108.02,499.978,303.548,513.262,0.176503,0.631285,0.495993,0.648058,612.0,792.0,top-left,PDF points
ANC-JAM-010-MECH-02-R01,ANC-JAM-010-MECH-02,9,108.02,586.12,112.22,599.5,0.176503,0.74005,0.183366,0.756944,612.0,792.0,top-left,PDF points
ANC-JAM-010-MECH-02-R02,ANC-JAM-010-MECH-02,9,144.02,586.288,494.894,599.572,0.235327,0.740263,0.80865,0.757035,612.0,792.0,top-left,PDF points
ANC-JAM-010-MECH-02-R03,ANC-JAM-010-MECH-02,9,144.02,602.008,515.852,615.292,0.235327,0.760111,0.842895,0.776884,612.0,792.0,top-left,PDF points
ANC-JAM-010-MECH-02-R04,ANC-JAM-010-MECH-02,9,144.02,617.728,188.996,631.012,0.235327,0.77996,0.308817,0.796732,612.0,792.0,top-left,PDF points
ANC-JAM-011-ASP-R01,ANC-JAM-011-ASP,7,90.024,200.768,530.822,214.22,0.147098,0.253495,0.867356,0.27048,612.0,792.0,top-left,PDF points
ANC-JAM-011-ASP-R02,ANC-JAM-011-ASP,7,108.02,215.528,490.004,228.812,0.176503,0.272131,0.80066,0.288904,612.0,792.0,top-left,PDF points
ANC-JAM-012-ASP-R01,ANC-JAM-012-ASP,7,90.024,234.248,523.696,247.7,0.147098,0.295768,0.855712,0.312753,612.0,792.0,top-left,PDF points
ANC-JAM-014-ASP-R01,ANC-JAM-014-ASP,7,117.62,411.31,126.005,422.35,0.19219,0.519331,0.205891,0.53327,612.0,792.0,top-left,PDF points
ANC-JAM-014-ASP-R02,ANC-JAM-014-ASP,7,144.02,408.898,533.252,422.182,0.235327,0.516285,0.871327,0.533058,612.0,792.0,top-left,PDF points
ANC-JAM-014-ASP-R03,ANC-JAM-014-ASP,7,144.02,423.658,538.124,436.942,0.235327,0.534922,0.879288,0.551694,612.0,792.0,top-left,PDF points
ANC-JAM-014-ASP-R04,ANC-JAM-014-ASP,7,144.02,438.418,403.268,451.702,0.235327,0.553558,0.658935,0.570331,612.0,792.0,top-left,PDF points
ANC-JAM-015-ASP-R01,ANC-JAM-015-ASP,7,115.1,459.67,126.005,470.71,0.188072,0.580391,0.205891,0.594331,612.0,792.0,top-left,PDF points
ANC-JAM-015-ASP-R02,ANC-JAM-015-ASP,7,144.02,457.258,533.684,470.542,0.235327,0.577346,0.872033,0.594119,612.0,792.0,top-left,PDF points
ANC-JAM-015-ASP-R03,ANC-JAM-015-ASP,7,144.02,472.018,359.48,485.302,0.235327,0.595982,0.587386,0.612755,612.0,792.0,top-left,PDF points
ANC-JAM-016-ASP-R01,ANC-JAM-016-ASP,7,115.22,493.15,126.094,504.19,0.188268,0.622664,0.206037,0.636604,612.0,792.0,top-left,PDF points
ANC-JAM-016-ASP-R02,ANC-JAM-016-ASP,7,144.02,490.738,523.748,504.022,0.235327,0.619619,0.855797,0.636391,612.0,792.0,top-left,PDF points
ANC-JAM-016-ASP-R03,ANC-JAM-016-ASP,7,144.02,505.498,287.612,518.782,0.235327,0.638255,0.469954,0.655028,612.0,792.0,top-left,PDF points
ANC-JAM-016-MECH-01-R01,ANC-JAM-016-MECH-01,9,108.02,226.28,112.22,239.66,0.176503,0.285707,0.183366,0.302601,612.0,792.0,top-left,PDF points
ANC-JAM-016-MECH-01-R02,ANC-JAM-016-MECH-01,9,144.02,226.448,506.18,239.732,0.235327,0.285919,0.827092,0.302692,612.0,792.0,top-left,PDF points
ANC-JAM-016-MECH-01-R03,ANC-JAM-016-MECH-01,9,144.02,242.198,535.598,255.482,0.235327,0.305806,0.87516,0.322578,612.0,792.0,top-left,PDF points
ANC-JAM-016-MECH-01-R04,ANC-JAM-016-MECH-01,9,144.02,257.918,186.38,271.202,0.235327,0.325654,0.304542,0.342427,612.0,792.0,top-left,PDF points
ANC-JAM-017-ASP-R01,ANC-JAM-017-ASP,7,90.024,524.338,515.656,537.79,0.147098,0.662043,0.842575,0.679028,612.0,792.0,top-left,PDF points
ANC-JAM-017-ASP-R02,ANC-JAM-017-ASP,7,108.02,539.098,232.304,552.382,0.176503,0.680679,0.379582,0.697452,612.0,792.0,top-left,PDF points
ANC-JAM-017-MECH-01-R01,ANC-JAM-017-MECH-01,4,404.144,87.248,539.864,100.532,0.660366,0.110162,0.882131,0.126934,612.0,792.0,top-left,PDF points
ANC-JAM-017-MECH-01-R02,ANC-JAM-017-MECH-01,4,144.02,102.008,438.368,115.292,0.235327,0.128798,0.716288,0.145571,612.0,792.0,top-left,PDF points
ANC-JAM-017-MECH-01-R03,ANC-JAM-017-MECH-01,4,116.3,125.663,126.092,137.885,0.190033,0.158666,0.206033,0.174097,612.0,792.0,top-left,PDF points
ANC-JAM-017-MECH-01-R04,ANC-JAM-017-MECH-01,4,144.02,124.808,539.738,138.092,0.235327,0.157586,0.881925,0.174359,612.0,792.0,top-left,PDF points
ANC-JAM-017-MECH-01-R05,ANC-JAM-017-MECH-01,4,144.02,139.568,539.822,152.852,0.235327,0.176222,0.882062,0.192995,612.0,792.0,top-left,PDF points
ANC-JAM-017-MECH-01-R06,ANC-JAM-017-MECH-01,4,144.02,154.328,330.998,167.612,0.235327,0.194859,0.540846,0.211631,612.0,792.0,top-left,PDF points
ANC-JAM-017-MECH-02-R01,ANC-JAM-017-MECH-02,9,72.024,294.038,78.024,307.322,0.117686,0.37126,0.12749,0.388033,612.0,792.0,top-left,PDF points
ANC-JAM-017-MECH-02-R02,ANC-JAM-017-MECH-02,9,93.624,294.038,237.18,307.322,0.15298,0.37126,0.387549,0.388033,612.0,792.0,top-left,PDF points
ANC-JAM-017-MECH-02-R03,ANC-JAM-017-MECH-02,9,72.024,311.798,539.724,325.082,0.117686,0.393684,0.881902,0.410457,612.0,792.0,top-left,PDF points
ANC-JAM-017-MECH-02-R04,ANC-JAM-017-MECH-02,9,72.024,326.558,539.664,339.842,0.117686,0.412321,0.881804,0.429093,612.0,792.0,top-left,PDF points
ANC-JAM-017-MECH-02-R05,ANC-JAM-017-MECH-02,9,72.024,341.318,539.76,354.602,0.117686,0.430957,0.881961,0.44773,612.0,792.0,top-left,PDF points
ANC-JAM-017-MECH-02-R06,ANC-JAM-017-MECH-02,9,72.024,356.078,539.944,369.362,0.117686,0.449593,0.882261,0.466366,612.0,792.0,top-left,PDF points
ANC-JAM-017-MECH-03-R01,ANC-JAM-017-MECH-03,10,72.024,72.468,539.748,85.752,0.117686,0.0915,0.881941,0.108273,612.0,792.0,top-left,PDF points
ANC-JAM-017-MECH-03-R02,ANC-JAM-017-MECH-03,10,72.024,87.248,369.828,100.532,0.117686,0.110162,0.604294,0.126934,612.0,792.0,top-left,PDF points
ANC-JAM-028-ASP-R01,ANC-JAM-028-ASP,10,128.652,169.688,539.856,182.972,0.210216,0.214253,0.882118,0.231025,612.0,792.0,top-left,PDF points
ANC-JAM-028-ASP-R02,ANC-JAM-028-ASP,10,72.024,184.448,397.812,197.732,0.117686,0.232889,0.65002,0.249662,612.0,792.0,top-left,PDF points
ANC-JAM-029-ASP-R01,ANC-JAM-029-ASP,2,72.024,547.378,78.024,560.662,0.117686,0.691134,0.12749,0.707907,612.0,792.0,top-left,PDF points
ANC-JAM-029-ASP-R02,ANC-JAM-029-ASP,2,93.624,547.378,224.88,560.662,0.15298,0.691134,0.367451,0.707907,612.0,792.0,top-left,PDF points
ANC-JAM-029-ASP-R03,ANC-JAM-029-ASP,2,72.024,565.138,539.88,578.422,0.117686,0.713558,0.882157,0.730331,612.0,792.0,top-left,PDF points
ANC-JAM-029-ASP-R04,ANC-JAM-029-ASP,2,72.024,578.968,357.444,592.252,0.117686,0.73102,0.584059,0.747793,612.0,792.0,top-left,PDF points
ANC-JAM-030-ASP-R01,ANC-JAM-030-ASP,5,90.024,108.128,501.386,121.58,0.147098,0.136525,0.819258,0.15351,612.0,792.0,top-left,PDF points
ANC-JAM-030-ASP-R02,ANC-JAM-030-ASP,5,108.02,122.888,536.582,136.172,0.176503,0.155162,0.876768,0.171934,612.0,792.0,top-left,PDF points
ANC-JAM-030-ASP-R03,ANC-JAM-030-ASP,5,108.02,137.648,523.328,150.932,0.176503,0.173798,0.855111,0.190571,612.0,792.0,top-left,PDF points
ANC-JAM-031-ASP-R01,ANC-JAM-031-ASP,5,90.024,186.008,539.216,199.46,0.147098,0.234859,0.881072,0.251843,612.0,792.0,top-left,PDF points
ANC-JAM-031-ASP-R02,ANC-JAM-031-ASP,5,108.02,200.768,491.444,214.052,0.176503,0.253495,0.803013,0.270268,612.0,792.0,top-left,PDF points
ANC-JAM-031-ASP-R03,ANC-JAM-031-ASP,5,108.02,215.528,509.984,228.812,0.176503,0.272131,0.833307,0.288904,612.0,792.0,top-left,PDF points
ANC-JAM-032-ASP-R01,ANC-JAM-032-ASP,5,90.024,301.478,516.356,314.93,0.147098,0.380654,0.843719,0.397639,612.0,792.0,top-left,PDF points
ANC-JAM-039-ASP-R01,ANC-JAM-039-ASP,10,72.024,184.448,539.796,197.732,0.117686,0.232889,0.88202,0.249662,612.0,792.0,top-left,PDF points
ANC-JAM-039-ASP-R02,ANC-JAM-039-ASP,10,72.024,199.208,539.64,212.492,0.117686,0.251525,0.881765,0.268298,612.0,792.0,top-left,PDF points
ANC-SLE-002-ASP-R01,ANC-SLE-002-ASP,9,296.04,514.187,515.344,526.089,0.483726,0.649226,0.842065,0.664254,612.0,792.0,top-left,PDF points
ANC-SLE-002-ASP-R02,ANC-SLE-002-ASP,9,296.04,526.787,523.35,538.689,0.483726,0.665135,0.855147,0.680163,612.0,792.0,top-left,PDF points
ANC-SLE-002-MECH-01-R01,ANC-SLE-002-MECH-01,16,217.32,129.907,386.241,139.515,0.258088,0.218214,0.458697,0.234353,842.04,595.32,top-left,PDF points
ANC-SLE-008-ASP-R01,ANC-SLE-008-ASP,10,116.522,654.034,541.589,667.227,0.190395,0.825801,0.884949,0.842458,612.0,792.0,top-left,PDF points
ANC-SLE-008-ASP-R02,ANC-SLE-008-ASP,10,70.56,672.029,437.309,685.222,0.115294,0.848522,0.714557,0.865179,612.0,792.0,top-left,PDF points
ANC-SLE-008-MECH-01-R01,ANC-SLE-008-MECH-01,17,217.32,193.507,433.13,203.115,0.258088,0.325048,0.514381,0.341186,842.04,595.32,top-left,PDF points
ANC-SLE-008-MECH-01-R02,ANC-SLE-008-MECH-01,17,217.32,202.147,317.966,211.755,0.258088,0.339561,0.377614,0.3557,842.04,595.32,top-left,PDF points
ANC-SLE-008-MECH-02-R01,ANC-SLE-008-MECH-02,17,122.88,201.674,195.405,211.282,0.145931,0.338766,0.232061,0.354905,842.04,595.32,top-left,PDF points
ANC-SLE-008-MECH-02-R02,ANC-SLE-008-MECH-02,17,274.685,193.507,433.13,203.115,0.326213,0.325048,0.514381,0.341186,842.04,595.32,top-left,PDF points
ANC-SLE-008-MECH-02-R03,ANC-SLE-008-MECH-02,17,217.32,202.147,317.966,211.755,0.258088,0.339561,0.377614,0.3557,842.04,595.32,top-left,PDF points
ANC-SLE-008-MECH-02-R04,ANC-SLE-008-MECH-02,17,476.28,197.827,491.398,207.435,0.565626,0.332304,0.58358,0.348443,842.04,595.32,top-left,PDF points
ANC-SLE-008-MECH-02-R05,ANC-SLE-008-MECH-02,17,526.924,197.827,542.042,207.435,0.625771,0.332304,0.643724,0.348443,842.04,595.32,top-left,PDF points
ANC-SLE-008-MECH-02-R06,ANC-SLE-008-MECH-02,17,576.482,197.827,591.6,207.435,0.684626,0.332304,0.70258,0.348443,842.04,595.32,top-left,PDF points
ANC-SLE-008-MECH-02-R07,ANC-SLE-008-MECH-02,17,616.92,197.827,632.038,207.435,0.732649,0.332304,0.750603,0.348443,842.04,595.32,top-left,PDF points
ANC-SLE-008-MECH-02-R08,ANC-SLE-008-MECH-02,17,656.52,197.827,671.638,207.435,0.779678,0.332304,0.797632,0.348443,842.04,595.32,top-left,PDF points
ANC-SLE-008-MECH-02-R09,ANC-SLE-008-MECH-02,17,696.004,197.827,711.122,207.435,0.826569,0.332304,0.844523,0.348443,842.04,595.32,top-left,PDF points
ANC-SLE-008-MECH-02-R10,ANC-SLE-008-MECH-02,17,731.887,197.827,747.005,207.435,0.869183,0.332304,0.887137,0.348443,842.04,595.32,top-left,PDF points
ANC-SLE-008-MECH-02-R11,ANC-SLE-008-MECH-02,17,768.011,197.827,783.128,207.435,0.912083,0.332304,0.930037,0.348443,842.04,595.32,top-left,PDF points
ANC-SLE-008-MECH-02-R12,ANC-SLE-008-MECH-02,17,217.32,211.387,407.119,220.995,0.258088,0.355082,0.483492,0.371221,842.04,595.32,top-left,PDF points
ANC-SLE-008-MECH-02-R13,ANC-SLE-008-MECH-02,17,476.28,214.147,491.398,223.755,0.565626,0.359718,0.58358,0.375857,842.04,595.32,top-left,PDF points
ANC-SLE-008-MECH-02-R14,ANC-SLE-008-MECH-02,17,526.924,214.147,542.042,223.755,0.625771,0.359718,0.643724,0.375857,842.04,595.32,top-left,PDF points
ANC-SLE-008-MECH-02-R15,ANC-SLE-008-MECH-02,17,576.482,214.147,591.6,223.755,0.684626,0.359718,0.70258,0.375857,842.04,595.32,top-left,PDF points
ANC-SLE-008-MECH-02-R16,ANC-SLE-008-MECH-02,17,616.92,214.147,632.038,223.755,0.732649,0.359718,0.750603,0.375857,842.04,595.32,top-left,PDF points
ANC-SLE-008-MECH-02-R17,ANC-SLE-008-MECH-02,17,656.52,214.147,671.638,223.755,0.779678,0.359718,0.797632,0.375857,842.04,595.32,top-left,PDF points
ANC-SLE-008-MECH-02-R18,ANC-SLE-008-MECH-02,17,696.004,214.147,711.122,223.755,0.826569,0.359718,0.844523,0.375857,842.04,595.32,top-left,PDF points
ANC-SLE-008-MECH-02-R19,ANC-SLE-008-MECH-02,17,731.887,214.147,747.005,223.755,0.869183,0.359718,0.887137,0.375857,842.04,595.32,top-left,PDF points
ANC-SLE-008-MECH-02-R20,ANC-SLE-008-MECH-02,17,768.011,214.147,783.128,223.755,0.912083,0.359718,0.930037,0.375857,842.04,595.32,top-left,PDF points
ANC-SLE-008-MECH-02-R21,ANC-SLE-008-MECH-02,17,217.32,226.027,450.056,235.635,0.258088,0.379674,0.534483,0.395813,842.04,595.32,top-left,PDF points
ANC-SLE-008-MECH-02-R22,ANC-SLE-008-MECH-02,17,217.32,234.787,263.32,244.395,0.258088,0.394388,0.312717,0.410527,842.04,595.32,top-left,PDF points
ANC-SLE-008-MECH-02-R23,ANC-SLE-008-MECH-02,17,476.28,230.827,491.398,240.435,0.565626,0.387737,0.58358,0.403875,842.04,595.32,top-left,PDF points
ANC-SLE-008-MECH-02-R24,ANC-SLE-008-MECH-02,17,526.924,230.827,542.042,240.435,0.625771,0.387737,0.643724,0.403875,842.04,595.32,top-left,PDF points
ANC-SLE-008-MECH-02-R25,ANC-SLE-008-MECH-02,17,576.482,230.827,591.6,240.435,0.684626,0.387737,0.70258,0.403875,842.04,595.32,top-left,PDF points
ANC-SLE-008-MECH-02-R26,ANC-SLE-008-MECH-02,17,616.924,230.827,632.041,240.435,0.732654,0.387737,0.750607,0.403875,842.04,595.32,top-left,PDF points
ANC-SLE-008-MECH-02-R27,ANC-SLE-008-MECH-02,17,656.529,230.827,671.646,240.435,0.779688,0.387737,0.797642,0.403875,842.04,595.32,top-left,PDF points
ANC-SLE-008-MECH-02-R28,ANC-SLE-008-MECH-02,17,696.013,230.827,711.131,240.435,0.82658,0.387737,0.844533,0.403875,842.04,595.32,top-left,PDF points
ANC-SLE-008-MECH-02-R29,ANC-SLE-008-MECH-02,17,731.896,230.827,747.013,240.435,0.869193,0.387737,0.887147,0.403875,842.04,595.32,top-left,PDF points
ANC-SLE-008-MECH-02-R30,ANC-SLE-008-MECH-02,17,765.84,230.827,785.398,240.435,0.909506,0.387737,0.932733,0.403875,842.04,595.32,top-left,PDF points
ANC-SLE-008-MECH-02-R31,ANC-SLE-008-MECH-02,17,51.12,259.507,76.935,268.753,0.06071,0.435912,0.091367,0.451443,842.04,595.32,top-left,PDF points
ANC-SLE-008-MECH-02-R32,ANC-SLE-008-MECH-02,17,122.88,259.507,191.921,269.115,0.145931,0.435912,0.227924,0.452051,842.04,595.32,top-left,PDF points
ANC-SLE-008-MECH-02-R33,ANC-SLE-008-MECH-02,17,217.32,259.507,362.185,269.115,0.258088,0.435912,0.430129,0.452051,842.04,595.32,top-left,PDF points
ANC-SLE-008-MECH-03-R01,ANC-SLE-008-MECH-03,17,217.32,303.547,441.654,313.155,0.258088,0.509889,0.524505,0.526028,842.04,595.32,top-left,PDF points
ANC-SLE-008-MECH-03-R02,ANC-SLE-008-MECH-03,17,217.32,312.307,353.913,321.915,0.258088,0.524604,0.420304,0.540743,842.04,595.32,top-left,PDF points
ANC-SLE-008-MECH-04-R01,ANC-SLE-008-MECH-04,17,217.32,347.587,423.708,357.195,0.258088,0.583866,0.503192,0.600005,842.04,595.32,top-left,PDF points
ANC-SLE-008-MECH-04-R02,ANC-SLE-008-MECH-04,17,217.32,356.347,257.104,365.955,0.258088,0.598581,0.305335,0.61472,842.04,595.32,top-left,PDF points
ANC-SLE-009-ASP-R01,ANC-SLE-009-ASP,11,70.56,129.911,541.522,143.104,0.115294,0.16403,0.88484,0.180687,612.0,792.0,top-left,PDF points
ANC-SLE-010-ASP-R01,ANC-SLE-010-ASP,11,307.58,269.104,541.56,282.297,0.502582,0.339777,0.884901,0.356435,612.0,792.0,top-left,PDF points
ANC-SLE-010-ASP-R02,ANC-SLE-010-ASP,11,70.56,287.099,374.409,300.292,0.115294,0.362499,0.61178,0.379156,612.0,792.0,top-left,PDF points
ANC-SLE-010-MECH-01-R01,ANC-SLE-010-MECH-01,15,169.684,441.911,187.883,451.519,0.201515,0.742308,0.223128,0.758447,842.04,595.32,top-left,PDF points
ANC-SLE-010-MECH-01-R02,ANC-SLE-010-MECH-01,15,217.32,444.547,451.708,454.155,0.258088,0.746737,0.536444,0.762876,842.04,595.32,top-left,PDF points
ANC-SLE-010-MECH-01-R03,ANC-SLE-010-MECH-01,15,217.32,453.187,341.921,462.795,0.258088,0.76125,0.406063,0.777389,842.04,595.32,top-left,PDF points
ANC-SLE-010-MECH-01-R04,ANC-SLE-010-MECH-01,15,476.28,451.267,491.398,460.875,0.565626,0.758025,0.58358,0.774164,842.04,595.32,top-left,PDF points
ANC-SLE-010-MECH-01-R05,ANC-SLE-010-MECH-01,15,526.924,451.267,542.042,460.875,0.625771,0.758025,0.643724,0.774164,842.04,595.32,top-left,PDF points
ANC-SLE-010-MECH-01-R06,ANC-SLE-010-MECH-01,15,576.482,451.267,591.6,460.875,0.684626,0.758025,0.70258,0.774164,842.04,595.32,top-left,PDF points
ANC-SLE-010-MECH-01-R07,ANC-SLE-010-MECH-01,15,616.92,451.267,632.038,460.875,0.732649,0.758025,0.750603,0.774164,842.04,595.32,top-left,PDF points
ANC-SLE-010-MECH-01-R08,ANC-SLE-010-MECH-01,15,656.52,451.267,671.638,460.875,0.779678,0.758025,0.797632,0.774164,842.04,595.32,top-left,PDF points
ANC-SLE-010-MECH-01-R09,ANC-SLE-010-MECH-01,15,696.004,451.267,711.122,460.875,0.826569,0.758025,0.844523,0.774164,842.04,595.32,top-left,PDF points
ANC-SLE-010-MECH-01-R10,ANC-SLE-010-MECH-01,15,731.887,451.267,747.005,460.875,0.869183,0.758025,0.887137,0.774164,842.04,595.32,top-left,PDF points
ANC-SLE-010-MECH-01-R11,ANC-SLE-010-MECH-01,15,768.011,451.267,783.128,460.875,0.912083,0.758025,0.930037,0.774164,842.04,595.32,top-left,PDF points
ANC-SLE-010-MECH-01-R12,ANC-SLE-010-MECH-01,15,217.32,467.227,341.191,476.835,0.258088,0.784834,0.405195,0.800973,842.04,595.32,top-left,PDF points
ANC-SLE-010-MECH-01-R13,ANC-SLE-010-MECH-01,15,476.28,469.267,491.398,478.875,0.565626,0.788261,0.58358,0.8044,842.04,595.32,top-left,PDF points
ANC-SLE-010-MECH-01-R14,ANC-SLE-010-MECH-01,15,526.92,469.267,542.038,478.875,0.625766,0.788261,0.64372,0.8044,842.04,595.32,top-left,PDF points
ANC-SLE-010-MECH-01-R15,ANC-SLE-010-MECH-01,15,576.487,469.267,591.604,478.875,0.684631,0.788261,0.702585,0.8044,842.04,595.32,top-left,PDF points
ANC-SLE-010-MECH-01-R16,ANC-SLE-010-MECH-01,15,616.92,469.267,632.038,478.875,0.732649,0.788261,0.750603,0.8044,842.04,595.32,top-left,PDF points
ANC-SLE-010-MECH-01-R17,ANC-SLE-010-MECH-01,15,656.52,469.267,671.638,478.875,0.779678,0.788261,0.797632,0.8044,842.04,595.32,top-left,PDF points
ANC-SLE-010-MECH-01-R18,ANC-SLE-010-MECH-01,15,696.004,469.267,711.122,478.875,0.826569,0.788261,0.844523,0.8044,842.04,595.32,top-left,PDF points
ANC-SLE-010-MECH-01-R19,ANC-SLE-010-MECH-01,15,731.887,469.267,747.005,478.875,0.869183,0.788261,0.887137,0.8044,842.04,595.32,top-left,PDF points
ANC-SLE-010-MECH-01-R20,ANC-SLE-010-MECH-01,15,768.011,469.267,783.128,478.875,0.912083,0.788261,0.930037,0.8044,842.04,595.32,top-left,PDF points
ANC-SLE-010-MECH-01-R21,ANC-SLE-010-MECH-01,15,217.32,480.547,423.369,490.155,0.258088,0.807208,0.50279,0.823347,842.04,595.32,top-left,PDF points
ANC-SLE-010-MECH-01-R22,ANC-SLE-010-MECH-01,15,217.32,489.307,371.066,498.915,0.258088,0.821923,0.440675,0.838062,842.04,595.32,top-left,PDF points
ANC-SLE-010-MECH-01-R23,ANC-SLE-010-MECH-01,15,476.272,487.265,491.39,496.873,0.565617,0.818493,0.583571,0.834632,842.04,595.32,top-left,PDF points
ANC-SLE-010-MECH-01-R24,ANC-SLE-010-MECH-01,15,526.916,487.265,542.034,496.873,0.625762,0.818493,0.643715,0.834632,842.04,595.32,top-left,PDF points
ANC-SLE-010-MECH-01-R25,ANC-SLE-010-MECH-01,15,576.483,487.265,591.601,496.873,0.684627,0.818493,0.70258,0.834632,842.04,595.32,top-left,PDF points
ANC-SLE-010-MECH-01-R26,ANC-SLE-010-MECH-01,15,616.924,487.265,632.042,496.873,0.732654,0.818493,0.750608,0.834632,842.04,595.32,top-left,PDF points
ANC-SLE-010-MECH-01-R27,ANC-SLE-010-MECH-01,15,656.529,487.265,671.647,496.873,0.779689,0.818493,0.797642,0.834632,842.04,595.32,top-left,PDF points
ANC-SLE-010-MECH-01-R28,ANC-SLE-010-MECH-01,15,696.0,487.267,711.118,496.875,0.826564,0.818496,0.844518,0.834635,842.04,595.32,top-left,PDF points
ANC-SLE-010-MECH-01-R29,ANC-SLE-010-MECH-01,15,731.883,487.267,747.0,496.875,0.869178,0.818496,0.887131,0.834635,842.04,595.32,top-left,PDF points
ANC-SLE-010-MECH-01-R30,ANC-SLE-010-MECH-01,15,768.006,487.267,783.124,496.875,0.912078,0.818496,0.930032,0.834635,842.04,595.32,top-left,PDF points
ANC-SLE-010-MECH-01-R31,ANC-SLE-010-MECH-01,15,217.32,503.347,424.52,512.955,0.258088,0.845507,0.504157,0.861646,842.04,595.32,top-left,PDF points
ANC-SLE-020-ASP-R01,ANC-SLE-020-ASP,15,217.32,444.547,451.708,454.155,0.258088,0.746737,0.536444,0.762876,842.04,595.32,top-left,PDF points
ANC-SLE-020-ASP-R02,ANC-SLE-020-ASP,15,217.32,453.187,341.921,462.795,0.258088,0.76125,0.406063,0.777389,842.04,595.32,top-left,PDF points
ANC-SLE-020-MECH-01-R01,ANC-SLE-020-MECH-01,15,217.32,424.507,424.925,434.115,0.258088,0.713074,0.504638,0.729213,842.04,595.32,top-left,PDF points
ANC-SLE-020-MECH-01-R02,ANC-SLE-020-MECH-01,15,217.32,433.147,252.277,442.755,0.258088,0.727587,0.299602,0.743726,842.04,595.32,top-left,PDF points
ANC-SLE-037-ASP-R01,ANC-SLE-037-ASP,17,217.32,152.587,417.653,162.195,0.258088,0.256311,0.496001,0.27245,842.04,595.32,top-left,PDF points
ANC-SLE-041-ASP-R01,ANC-SLE-041-ASP,17,217.32,226.027,450.056,235.635,0.258088,0.379674,0.534483,0.395813,842.04,595.32,top-left,PDF points
ANC-SLE-041-ASP-R02,ANC-SLE-041-ASP,17,217.32,234.787,263.32,244.395,0.258088,0.394388,0.312717,0.410527,842.04,595.32,top-left,PDF points
ANC-SLE-052-ASP-R01,ANC-SLE-052-ASP,8,106.539,682.499,471.729,695.195,0.174084,0.861741,0.7708,0.877771,612.0,792.0,top-left,PDF points
ANC-SLE-052-MECH-01-R01,ANC-SLE-052-MECH-01,16,217.32,491.107,437.584,500.715,0.258088,0.824947,0.519671,0.841086,842.04,595.32,top-left,PDF points
ANC-SLE-052-MECH-01-R02,ANC-SLE-052-MECH-01,16,217.32,499.747,277.036,509.355,0.258088,0.83946,0.329006,0.855599,842.04,595.32,top-left,PDF points
ANC-SLE-052-MECH-02-R01,ANC-SLE-052-MECH-02,17,476.28,103.507,491.398,113.115,0.565626,0.173868,0.58358,0.190007,842.04,595.32,top-left,PDF points
ANC-SLE-052-MECH-02-R02,ANC-SLE-052-MECH-02,17,526.924,103.507,542.042,113.115,0.625771,0.173868,0.643724,0.190007,842.04,595.32,top-left,PDF points
ANC-SLE-052-MECH-02-R03,ANC-SLE-052-MECH-02,17,576.482,103.507,591.6,113.115,0.684626,0.173868,0.70258,0.190007,842.04,595.32,top-left,PDF points
ANC-SLE-052-MECH-02-R04,ANC-SLE-052-MECH-02,17,616.92,103.507,632.038,113.115,0.732649,0.173868,0.750603,0.190007,842.04,595.32,top-left,PDF points
ANC-SLE-052-MECH-02-R05,ANC-SLE-052-MECH-02,17,656.52,103.507,671.638,113.115,0.779678,0.173868,0.797632,0.190007,842.04,595.32,top-left,PDF points
ANC-SLE-052-MECH-02-R06,ANC-SLE-052-MECH-02,17,696.004,103.507,711.122,113.115,0.826569,0.173868,0.844523,0.190007,842.04,595.32,top-left,PDF points
ANC-SLE-052-MECH-02-R07,ANC-SLE-052-MECH-02,17,731.887,103.507,747.005,113.115,0.869183,0.173868,0.887137,0.190007,842.04,595.32,top-left,PDF points
ANC-SLE-052-MECH-02-R08,ANC-SLE-052-MECH-02,17,768.011,103.507,783.128,113.115,0.912083,0.173868,0.930037,0.190007,842.04,595.32,top-left,PDF points
ANC-SLE-052-MECH-02-R09,ANC-SLE-052-MECH-02,17,217.32,119.107,425.312,128.715,0.258088,0.200073,0.505097,0.216212,842.04,595.32,top-left,PDF points
ANC-SLE-052-MECH-02-R10,ANC-SLE-052-MECH-02,17,217.32,127.747,304.281,137.355,0.258088,0.214586,0.361362,0.230725,842.04,595.32,top-left,PDF points
ANC-SLE-052-MECH-02-R11,ANC-SLE-052-MECH-02,17,476.28,123.427,491.398,133.035,0.565626,0.207329,0.58358,0.223468,842.04,595.32,top-left,PDF points
ANC-SLE-052-MECH-02-R12,ANC-SLE-052-MECH-02,17,526.924,123.427,542.042,133.035,0.625771,0.207329,0.643724,0.223468,842.04,595.32,top-left,PDF points
ANC-SLE-052-MECH-02-R13,ANC-SLE-052-MECH-02,17,576.482,123.427,591.6,133.035,0.684626,0.207329,0.70258,0.223468,842.04,595.32,top-left,PDF points
ANC-SLE-052-MECH-02-R14,ANC-SLE-052-MECH-02,17,614.76,123.427,634.318,133.035,0.730084,0.207329,0.753311,0.223468,842.04,595.32,top-left,PDF points
ANC-SLE-052-MECH-02-R15,ANC-SLE-052-MECH-02,17,654.24,123.427,673.798,133.035,0.77697,0.207329,0.800197,0.223468,842.04,595.32,top-left,PDF points
ANC-SLE-052-MECH-02-R16,ANC-SLE-052-MECH-02,17,693.84,123.427,713.398,133.035,0.823999,0.207329,0.847226,0.223468,842.04,595.32,top-left,PDF points
ANC-SLE-052-MECH-02-R17,ANC-SLE-052-MECH-02,17,729.72,123.427,749.278,133.035,0.86661,0.207329,0.889837,0.223468,842.04,595.32,top-left,PDF points
ANC-SLE-052-MECH-02-R18,ANC-SLE-052-MECH-02,17,765.84,123.427,785.398,133.035,0.909506,0.207329,0.932733,0.223468,842.04,595.32,top-left,PDF points
ANC-SLE-052-MECH-03-R01,ANC-SLE-052-MECH-03,18,476.28,102.907,491.398,112.515,0.565626,0.172861,0.58358,0.188999,842.04,595.32,top-left,PDF points
ANC-SLE-052-MECH-03-R02,ANC-SLE-052-MECH-03,18,526.924,102.907,542.042,112.515,0.625771,0.172861,0.643724,0.188999,842.04,595.32,top-left,PDF points
ANC-SLE-052-MECH-03-R03,ANC-SLE-052-MECH-03,18,576.482,102.907,591.6,112.515,0.684626,0.172861,0.70258,0.188999,842.04,595.32,top-left,PDF points
ANC-SLE-052-MECH-03-R04,ANC-SLE-052-MECH-03,18,616.92,102.907,632.038,112.515,0.732649,0.172861,0.750603,0.188999,842.04,595.32,top-left,PDF points
ANC-SLE-052-MECH-03-R05,ANC-SLE-052-MECH-03,18,656.52,102.907,671.638,112.515,0.779678,0.172861,0.797632,0.188999,842.04,595.32,top-left,PDF points
ANC-SLE-052-MECH-03-R06,ANC-SLE-052-MECH-03,18,696.0,102.907,711.118,112.515,0.826564,0.172861,0.844518,0.188999,842.04,595.32,top-left,PDF points
ANC-SLE-052-MECH-03-R07,ANC-SLE-052-MECH-03,18,731.883,102.907,747.0,112.515,0.869178,0.172861,0.887131,0.188999,842.04,595.32,top-left,PDF points
ANC-SLE-052-MECH-03-R08,ANC-SLE-052-MECH-03,18,768.006,102.907,783.124,112.515,0.912078,0.172861,0.930032,0.188999,842.04,595.32,top-left,PDF points
ANC-SLE-052-MECH-03-R09,ANC-SLE-052-MECH-03,18,217.32,117.667,412.529,127.275,0.258088,0.197654,0.489916,0.213793,842.04,595.32,top-left,PDF points
ANC-SLE-052-MECH-03-R10,ANC-SLE-052-MECH-03,18,217.32,126.427,308.947,136.035,0.258088,0.212369,0.366903,0.228508,842.04,595.32,top-left,PDF points
ANC-SLE-052-MECH-03-R11,ANC-SLE-052-MECH-03,18,476.28,124.627,491.398,134.235,0.565626,0.209345,0.58358,0.225484,842.04,595.32,top-left,PDF points
ANC-SLE-052-MECH-03-R12,ANC-SLE-052-MECH-03,18,526.924,124.627,542.042,134.235,0.625771,0.209345,0.643724,0.225484,842.04,595.32,top-left,PDF points
ANC-SLE-052-MECH-03-R13,ANC-SLE-052-MECH-03,18,576.482,124.627,591.6,134.235,0.684626,0.209345,0.70258,0.225484,842.04,595.32,top-left,PDF points
ANC-SLE-052-MECH-03-R14,ANC-SLE-052-MECH-03,18,616.92,124.627,632.038,134.235,0.732649,0.209345,0.750603,0.225484,842.04,595.32,top-left,PDF points
ANC-SLE-052-MECH-03-R15,ANC-SLE-052-MECH-03,18,656.52,124.627,671.638,134.235,0.779678,0.209345,0.797632,0.225484,842.04,595.32,top-left,PDF points
ANC-SLE-052-MECH-03-R16,ANC-SLE-052-MECH-03,18,696.0,124.627,711.118,134.235,0.826564,0.209345,0.844518,0.225484,842.04,595.32,top-left,PDF points
ANC-SLE-052-MECH-03-R17,ANC-SLE-052-MECH-03,18,731.88,124.627,746.998,134.235,0.869175,0.209345,0.887129,0.225484,842.04,595.32,top-left,PDF points
ANC-SLE-052-MECH-03-R18,ANC-SLE-052-MECH-03,18,768.0,124.627,783.118,134.235,0.912071,0.209345,0.930024,0.225484,842.04,595.32,top-left,PDF points
ANC-SLE-052-MECH-03-R19,ANC-SLE-052-MECH-03,18,217.32,140.707,427.967,150.315,0.258088,0.236356,0.50825,0.252495,842.04,595.32,top-left,PDF points
ANC-SLE-052-MECH-03-R20,ANC-SLE-052-MECH-03,18,217.32,149.467,302.109,159.075,0.258088,0.251071,0.358782,0.267209,842.04,595.32,top-left,PDF points
ANC-SLE-052-MECH-03-R21,ANC-SLE-052-MECH-03,18,476.28,147.667,491.398,157.275,0.565626,0.248047,0.58358,0.264186,842.04,595.32,top-left,PDF points
ANC-SLE-052-MECH-03-R22,ANC-SLE-052-MECH-03,18,526.924,147.667,542.042,157.275,0.625771,0.248047,0.643724,0.264186,842.04,595.32,top-left,PDF points
ANC-SLE-052-MECH-03-R23,ANC-SLE-052-MECH-03,18,576.482,147.667,591.6,157.275,0.684626,0.248047,0.70258,0.264186,842.04,595.32,top-left,PDF points
ANC-SLE-052-MECH-03-R24,ANC-SLE-052-MECH-03,18,616.92,147.667,632.038,157.275,0.732649,0.248047,0.750603,0.264186,842.04,595.32,top-left,PDF points
ANC-SLE-052-MECH-03-R25,ANC-SLE-052-MECH-03,18,656.52,147.667,671.638,157.275,0.779678,0.248047,0.797632,0.264186,842.04,595.32,top-left,PDF points
ANC-SLE-052-MECH-03-R26,ANC-SLE-052-MECH-03,18,696.0,147.667,711.118,157.275,0.826564,0.248047,0.844518,0.264186,842.04,595.32,top-left,PDF points
ANC-SLE-052-MECH-03-R27,ANC-SLE-052-MECH-03,18,731.88,147.667,746.998,157.275,0.869175,0.248047,0.887129,0.264186,842.04,595.32,top-left,PDF points
ANC-SLE-052-MECH-03-R28,ANC-SLE-052-MECH-03,18,768.004,147.667,783.121,157.275,0.912075,0.248047,0.930029,0.264186,842.04,595.32,top-left,PDF points
ANC-SLE-052-MECH-03-R29,ANC-SLE-052-MECH-03,18,217.32,163.747,374.94,173.355,0.258088,0.275058,0.445276,0.291197,842.04,595.32,top-left,PDF points
ANC-SLE-052-MECH-03-R30,ANC-SLE-052-MECH-03,18,476.28,166.507,491.398,176.115,0.565626,0.279694,0.58358,0.295833,842.04,595.32,top-left,PDF points
ANC-SLE-052-MECH-03-R31,ANC-SLE-052-MECH-03,18,526.924,166.507,542.042,176.115,0.625771,0.279694,0.643724,0.295833,842.04,595.32,top-left,PDF points
ANC-SLE-052-MECH-03-R32,ANC-SLE-052-MECH-03,18,576.482,166.507,591.6,176.115,0.684626,0.279694,0.70258,0.295833,842.04,595.32,top-left,PDF points
ANC-SLE-052-MECH-03-R33,ANC-SLE-052-MECH-03,18,616.92,166.507,632.038,176.115,0.732649,0.279694,0.750603,0.295833,842.04,595.32,top-left,PDF points
ANC-SLE-052-MECH-03-R34,ANC-SLE-052-MECH-03,18,656.52,166.507,671.638,176.115,0.779678,0.279694,0.797632,0.295833,842.04,595.32,top-left,PDF points
ANC-SLE-052-MECH-03-R35,ANC-SLE-052-MECH-03,18,696.0,166.507,711.118,176.115,0.826564,0.279694,0.844518,0.295833,842.04,595.32,top-left,PDF points
ANC-SLE-052-MECH-03-R36,ANC-SLE-052-MECH-03,18,731.88,166.507,746.998,176.115,0.869175,0.279694,0.887129,0.295833,842.04,595.32,top-left,PDF points
ANC-SLE-052-MECH-03-R37,ANC-SLE-052-MECH-03,18,768.0,166.507,783.118,176.115,0.912071,0.279694,0.930024,0.295833,842.04,595.32,top-left,PDF points
ANC-SLE-052-MECH-03-R38,ANC-SLE-052-MECH-03,18,57.0,178.507,106.151,187.753,0.067693,0.299851,0.126064,0.315382,842.04,595.32,top-left,PDF points
ANC-SLE-052-MECH-03-R39,ANC-SLE-052-MECH-03,18,122.88,178.507,199.601,188.115,0.145931,0.299851,0.237045,0.31599,842.04,595.32,top-left,PDF points
ANC-SLE-052-MECH-03-R40,ANC-SLE-052-MECH-03,18,217.32,178.507,244.255,188.115,0.258088,0.299851,0.290075,0.31599,842.04,595.32,top-left,PDF points
ANC-SLE-053-ASP-R01,ANC-SLE-053-ASP,8,106.55,700.384,374.8,713.08,0.174102,0.884323,0.612419,0.900353,612.0,792.0,top-left,PDF points
ANC-SLE-053-MECH-01-R01,ANC-SLE-053-MECH-01,17,217.32,193.507,433.13,203.115,0.258088,0.325048,0.514381,0.341186,842.04,595.32,top-left,PDF points
ANC-SLE-053-MECH-01-R02,ANC-SLE-053-MECH-01,17,217.32,202.147,317.966,211.755,0.258088,0.339561,0.377614,0.3557,842.04,595.32,top-left,PDF points
ANC-SLE-053-MECH-02-R01,ANC-SLE-053-MECH-02,17,122.88,201.674,195.405,211.282,0.145931,0.338766,0.232061,0.354905,842.04,595.32,top-left,PDF points
ANC-SLE-053-MECH-02-R02,ANC-SLE-053-MECH-02,17,274.685,193.507,433.13,203.115,0.326213,0.325048,0.514381,0.341186,842.04,595.32,top-left,PDF points
ANC-SLE-053-MECH-02-R03,ANC-SLE-053-MECH-02,17,217.32,202.147,317.966,211.755,0.258088,0.339561,0.377614,0.3557,842.04,595.32,top-left,PDF points
ANC-SLE-053-MECH-02-R04,ANC-SLE-053-MECH-02,17,476.28,197.827,491.398,207.435,0.565626,0.332304,0.58358,0.348443,842.04,595.32,top-left,PDF points
ANC-SLE-053-MECH-02-R05,ANC-SLE-053-MECH-02,17,526.924,197.827,542.042,207.435,0.625771,0.332304,0.643724,0.348443,842.04,595.32,top-left,PDF points
ANC-SLE-053-MECH-02-R06,ANC-SLE-053-MECH-02,17,576.482,197.827,591.6,207.435,0.684626,0.332304,0.70258,0.348443,842.04,595.32,top-left,PDF points
ANC-SLE-053-MECH-02-R07,ANC-SLE-053-MECH-02,17,616.92,197.827,632.038,207.435,0.732649,0.332304,0.750603,0.348443,842.04,595.32,top-left,PDF points
ANC-SLE-053-MECH-02-R08,ANC-SLE-053-MECH-02,17,656.52,197.827,671.638,207.435,0.779678,0.332304,0.797632,0.348443,842.04,595.32,top-left,PDF points
ANC-SLE-053-MECH-02-R09,ANC-SLE-053-MECH-02,17,696.004,197.827,711.122,207.435,0.826569,0.332304,0.844523,0.348443,842.04,595.32,top-left,PDF points
ANC-SLE-053-MECH-02-R10,ANC-SLE-053-MECH-02,17,731.887,197.827,747.005,207.435,0.869183,0.332304,0.887137,0.348443,842.04,595.32,top-left,PDF points
ANC-SLE-053-MECH-02-R11,ANC-SLE-053-MECH-02,17,768.011,197.827,783.128,207.435,0.912083,0.332304,0.930037,0.348443,842.04,595.32,top-left,PDF points
ANC-SLE-053-MECH-02-R12,ANC-SLE-053-MECH-02,17,217.32,211.387,407.119,220.995,0.258088,0.355082,0.483492,0.371221,842.04,595.32,top-left,PDF points
ANC-SLE-053-MECH-02-R13,ANC-SLE-053-MECH-02,17,476.28,214.147,491.398,223.755,0.565626,0.359718,0.58358,0.375857,842.04,595.32,top-left,PDF points
ANC-SLE-053-MECH-02-R14,ANC-SLE-053-MECH-02,17,526.924,214.147,542.042,223.755,0.625771,0.359718,0.643724,0.375857,842.04,595.32,top-left,PDF points
ANC-SLE-053-MECH-02-R15,ANC-SLE-053-MECH-02,17,576.482,214.147,591.6,223.755,0.684626,0.359718,0.70258,0.375857,842.04,595.32,top-left,PDF points
ANC-SLE-053-MECH-02-R16,ANC-SLE-053-MECH-02,17,616.92,214.147,632.038,223.755,0.732649,0.359718,0.750603,0.375857,842.04,595.32,top-left,PDF points
ANC-SLE-053-MECH-02-R17,ANC-SLE-053-MECH-02,17,656.52,214.147,671.638,223.755,0.779678,0.359718,0.797632,0.375857,842.04,595.32,top-left,PDF points
ANC-SLE-053-MECH-02-R18,ANC-SLE-053-MECH-02,17,696.004,214.147,711.122,223.755,0.826569,0.359718,0.844523,0.375857,842.04,595.32,top-left,PDF points
ANC-SLE-053-MECH-02-R19,ANC-SLE-053-MECH-02,17,731.887,214.147,747.005,223.755,0.869183,0.359718,0.887137,0.375857,842.04,595.32,top-left,PDF points
ANC-SLE-053-MECH-02-R20,ANC-SLE-053-MECH-02,17,768.011,214.147,783.128,223.755,0.912083,0.359718,0.930037,0.375857,842.04,595.32,top-left,PDF points
ANC-SLE-053-MECH-02-R21,ANC-SLE-053-MECH-02,17,217.32,226.027,450.056,235.635,0.258088,0.379674,0.534483,0.395813,842.04,595.32,top-left,PDF points
ANC-SLE-053-MECH-02-R22,ANC-SLE-053-MECH-02,17,217.32,234.787,263.32,244.395,0.258088,0.394388,0.312717,0.410527,842.04,595.32,top-left,PDF points
ANC-SLE-053-MECH-02-R23,ANC-SLE-053-MECH-02,17,476.28,230.827,491.398,240.435,0.565626,0.387737,0.58358,0.403875,842.04,595.32,top-left,PDF points
ANC-SLE-053-MECH-02-R24,ANC-SLE-053-MECH-02,17,526.924,230.827,542.042,240.435,0.625771,0.387737,0.643724,0.403875,842.04,595.32,top-left,PDF points
ANC-SLE-053-MECH-02-R25,ANC-SLE-053-MECH-02,17,576.482,230.827,591.6,240.435,0.684626,0.387737,0.70258,0.403875,842.04,595.32,top-left,PDF points
ANC-SLE-053-MECH-02-R26,ANC-SLE-053-MECH-02,17,616.924,230.827,632.041,240.435,0.732654,0.387737,0.750607,0.403875,842.04,595.32,top-left,PDF points
ANC-SLE-053-MECH-02-R27,ANC-SLE-053-MECH-02,17,656.529,230.827,671.646,240.435,0.779688,0.387737,0.797642,0.403875,842.04,595.32,top-left,PDF points
ANC-SLE-053-MECH-02-R28,ANC-SLE-053-MECH-02,17,696.013,230.827,711.131,240.435,0.82658,0.387737,0.844533,0.403875,842.04,595.32,top-left,PDF points
ANC-SLE-053-MECH-02-R29,ANC-SLE-053-MECH-02,17,731.896,230.827,747.013,240.435,0.869193,0.387737,0.887147,0.403875,842.04,595.32,top-left,PDF points
ANC-SLE-053-MECH-02-R30,ANC-SLE-053-MECH-02,17,765.84,230.827,785.398,240.435,0.909506,0.387737,0.932733,0.403875,842.04,595.32,top-left,PDF points
ANC-SLE-053-MECH-02-R31,ANC-SLE-053-MECH-02,17,51.12,259.507,76.935,268.753,0.06071,0.435912,0.091367,0.451443,842.04,595.32,top-left,PDF points
ANC-SLE-053-MECH-02-R32,ANC-SLE-053-MECH-02,17,122.88,259.507,191.921,269.115,0.145931,0.435912,0.227924,0.452051,842.04,595.32,top-left,PDF points
ANC-SLE-053-MECH-02-R33,ANC-SLE-053-MECH-02,17,217.32,259.507,362.185,269.115,0.258088,0.435912,0.430129,0.452051,842.04,595.32,top-left,PDF points
ANC-SLE-053-MECH-03-R01,ANC-SLE-053-MECH-03,17,217.32,303.547,441.654,313.155,0.258088,0.509889,0.524505,0.526028,842.04,595.32,top-left,PDF points
ANC-SLE-053-MECH-03-R02,ANC-SLE-053-MECH-03,17,217.32,312.307,353.913,321.915,0.258088,0.524604,0.420304,0.540743,842.04,595.32,top-left,PDF points
ANC-SLE-053-MECH-04-R01,ANC-SLE-053-MECH-04,17,217.32,347.587,423.708,357.195,0.258088,0.583866,0.503192,0.600005,842.04,595.32,top-left,PDF points
ANC-SLE-053-MECH-04-R02,ANC-SLE-053-MECH-04,17,217.32,356.347,257.104,365.955,0.258088,0.598581,0.305335,0.61472,842.04,595.32,top-left,PDF points
ANC-SLE-054-ASP-R01,ANC-SLE-054-ASP,10,115.8,516.288,541.515,529.481,0.189215,0.651879,0.884829,0.668536,612.0,792.0,top-left,PDF points
ANC-SLE-054-ASP-R02,ANC-SLE-054-ASP,10,70.56,534.283,111.497,547.476,0.115294,0.6746,0.182185,0.691258,612.0,792.0,top-left,PDF points
ANC-SLE-054-MECH-01-R01,ANC-SLE-054-MECH-01,17,122.88,201.674,195.405,211.282,0.145931,0.338766,0.232061,0.354905,842.04,595.32,top-left,PDF points
ANC-SLE-054-MECH-01-R02,ANC-SLE-054-MECH-01,17,274.685,193.507,433.13,203.115,0.326213,0.325048,0.514381,0.341186,842.04,595.32,top-left,PDF points
ANC-SLE-054-MECH-01-R03,ANC-SLE-054-MECH-01,17,217.32,202.147,317.966,211.755,0.258088,0.339561,0.377614,0.3557,842.04,595.32,top-left,PDF points
ANC-SLE-054-MECH-01-R04,ANC-SLE-054-MECH-01,17,476.28,197.827,491.398,207.435,0.565626,0.332304,0.58358,0.348443,842.04,595.32,top-left,PDF points
ANC-SLE-054-MECH-01-R05,ANC-SLE-054-MECH-01,17,526.924,197.827,542.042,207.435,0.625771,0.332304,0.643724,0.348443,842.04,595.32,top-left,PDF points
ANC-SLE-054-MECH-01-R06,ANC-SLE-054-MECH-01,17,576.482,197.827,591.6,207.435,0.684626,0.332304,0.70258,0.348443,842.04,595.32,top-left,PDF points
ANC-SLE-054-MECH-01-R07,ANC-SLE-054-MECH-01,17,616.92,197.827,632.038,207.435,0.732649,0.332304,0.750603,0.348443,842.04,595.32,top-left,PDF points
ANC-SLE-054-MECH-01-R08,ANC-SLE-054-MECH-01,17,656.52,197.827,671.638,207.435,0.779678,0.332304,0.797632,0.348443,842.04,595.32,top-left,PDF points
ANC-SLE-054-MECH-01-R09,ANC-SLE-054-MECH-01,17,696.004,197.827,711.122,207.435,0.826569,0.332304,0.844523,0.348443,842.04,595.32,top-left,PDF points
ANC-SLE-054-MECH-01-R10,ANC-SLE-054-MECH-01,17,731.887,197.827,747.005,207.435,0.869183,0.332304,0.887137,0.348443,842.04,595.32,top-left,PDF points
ANC-SLE-054-MECH-01-R11,ANC-SLE-054-MECH-01,17,768.011,197.827,783.128,207.435,0.912083,0.332304,0.930037,0.348443,842.04,595.32,top-left,PDF points
ANC-SLE-054-MECH-01-R12,ANC-SLE-054-MECH-01,17,217.32,211.387,407.119,220.995,0.258088,0.355082,0.483492,0.371221,842.04,595.32,top-left,PDF points
ANC-SLE-054-MECH-01-R13,ANC-SLE-054-MECH-01,17,476.28,214.147,491.398,223.755,0.565626,0.359718,0.58358,0.375857,842.04,595.32,top-left,PDF points
ANC-SLE-054-MECH-01-R14,ANC-SLE-054-MECH-01,17,526.924,214.147,542.042,223.755,0.625771,0.359718,0.643724,0.375857,842.04,595.32,top-left,PDF points
ANC-SLE-054-MECH-01-R15,ANC-SLE-054-MECH-01,17,576.482,214.147,591.6,223.755,0.684626,0.359718,0.70258,0.375857,842.04,595.32,top-left,PDF points
ANC-SLE-054-MECH-01-R16,ANC-SLE-054-MECH-01,17,616.92,214.147,632.038,223.755,0.732649,0.359718,0.750603,0.375857,842.04,595.32,top-left,PDF points
ANC-SLE-054-MECH-01-R17,ANC-SLE-054-MECH-01,17,656.52,214.147,671.638,223.755,0.779678,0.359718,0.797632,0.375857,842.04,595.32,top-left,PDF points
ANC-SLE-054-MECH-01-R18,ANC-SLE-054-MECH-01,17,696.004,214.147,711.122,223.755,0.826569,0.359718,0.844523,0.375857,842.04,595.32,top-left,PDF points
ANC-SLE-054-MECH-01-R19,ANC-SLE-054-MECH-01,17,731.887,214.147,747.005,223.755,0.869183,0.359718,0.887137,0.375857,842.04,595.32,top-left,PDF points
ANC-SLE-054-MECH-01-R20,ANC-SLE-054-MECH-01,17,768.011,214.147,783.128,223.755,0.912083,0.359718,0.930037,0.375857,842.04,595.32,top-left,PDF points
ANC-SLE-054-MECH-01-R21,ANC-SLE-054-MECH-01,17,217.32,226.027,450.056,235.635,0.258088,0.379674,0.534483,0.395813,842.04,595.32,top-left,PDF points
ANC-SLE-054-MECH-01-R22,ANC-SLE-054-MECH-01,17,217.32,234.787,263.32,244.395,0.258088,0.394388,0.312717,0.410527,842.04,595.32,top-left,PDF points
ANC-SLE-054-MECH-01-R23,ANC-SLE-054-MECH-01,17,476.28,230.827,491.398,240.435,0.565626,0.387737,0.58358,0.403875,842.04,595.32,top-left,PDF points
ANC-SLE-054-MECH-01-R24,ANC-SLE-054-MECH-01,17,526.924,230.827,542.042,240.435,0.625771,0.387737,0.643724,0.403875,842.04,595.32,top-left,PDF points
ANC-SLE-054-MECH-01-R25,ANC-SLE-054-MECH-01,17,576.482,230.827,591.6,240.435,0.684626,0.387737,0.70258,0.403875,842.04,595.32,top-left,PDF points
ANC-SLE-054-MECH-01-R26,ANC-SLE-054-MECH-01,17,616.924,230.827,632.041,240.435,0.732654,0.387737,0.750607,0.403875,842.04,595.32,top-left,PDF points
ANC-SLE-054-MECH-01-R27,ANC-SLE-054-MECH-01,17,656.529,230.827,671.646,240.435,0.779688,0.387737,0.797642,0.403875,842.04,595.32,top-left,PDF points
ANC-SLE-054-MECH-01-R28,ANC-SLE-054-MECH-01,17,696.013,230.827,711.131,240.435,0.82658,0.387737,0.844533,0.403875,842.04,595.32,top-left,PDF points
ANC-SLE-054-MECH-01-R29,ANC-SLE-054-MECH-01,17,731.896,230.827,747.013,240.435,0.869193,0.387737,0.887147,0.403875,842.04,595.32,top-left,PDF points
ANC-SLE-054-MECH-01-R30,ANC-SLE-054-MECH-01,17,765.84,230.827,785.398,240.435,0.909506,0.387737,0.932733,0.403875,842.04,595.32,top-left,PDF points
ANC-SLE-054-MECH-01-R31,ANC-SLE-054-MECH-01,17,51.12,259.507,76.935,268.753,0.06071,0.435912,0.091367,0.451443,842.04,595.32,top-left,PDF points
ANC-SLE-054-MECH-01-R32,ANC-SLE-054-MECH-01,17,122.88,259.507,191.921,269.115,0.145931,0.435912,0.227924,0.452051,842.04,595.32,top-left,PDF points
ANC-SLE-054-MECH-01-R33,ANC-SLE-054-MECH-01,17,217.32,259.507,362.185,269.115,0.258088,0.435912,0.430129,0.452051,842.04,595.32,top-left,PDF points
ANC-SLE-055-ASP-R01,ANC-SLE-055-ASP,11,70.56,76.036,541.701,88.732,0.115294,0.096005,0.885132,0.112036,612.0,792.0,top-left,PDF points
ANC-SLE-056-ASP-R01,ANC-SLE-056-ASP,9,296.04,409.547,504.654,421.449,0.483726,0.517104,0.824598,0.532132,612.0,792.0,top-left,PDF points
ANC-SLE-057-ASP-R01,ANC-SLE-057-ASP,9,135.96,438.947,203.234,450.849,0.222157,0.554226,0.332081,0.569254,612.0,792.0,top-left,PDF points
ANC-SLE-058-ASP-R01,ANC-SLE-058-ASP,9,296.04,648.227,514.864,660.129,0.483726,0.818468,0.841281,0.833496,612.0,792.0,top-left,PDF points
ANC-SLE-059-ASP-R01,ANC-SLE-059-ASP,9,135.96,543.467,179.564,555.369,0.222157,0.686195,0.293405,0.701223,612.0,792.0,top-left,PDF points
ANC-SLE-059-ASP-R02,ANC-SLE-059-ASP,9,135.96,556.067,178.601,567.969,0.222157,0.702104,0.291831,0.717132,612.0,792.0,top-left,PDF points
