anchor_id,candidate_id,document_id,anchor_role,anchor_type,linked_candidate_id,source_reference,page_start,page_end,matched_page,page_label,section_or_table,verbatim_source_text,normalized_source_text,quote_sha256,page_char_start,page_char_end,page_char_spans_json,match_method,match_query_source,match_query,match_score,token_f1,token_precision,token_recall,sequence_similarity,anchor_confidence,automated_validation_status,human_review_status,reviewer_comment,created_at_utc
ANC-CAM-001-01,CAM-001,DOC-CAM-WC-2026,Primary Evidence,Table Cell/Row,,"PDF p. 6, Table 2",6,6,6,6,Priority reform table,1. Update National Policy on Water Supply and Sanitation to,1 update national policy on water supply and sanitation to,bb44685a76a64d1e8f63228902e49f65e41a507bab420c91b6af8cae1a951b55,109,168,"[[109,168]]",Fuzzy spatial line-cluster match,Standardized Candidate,Update the National Policy on Water Supply and Sanitation,0.940578,0.951881,0.90818,1.0,0.921739,High,Pass,Pending human review,,2026-08-04T20:56:08+00:00
ANC-CAM-002-01,CAM-002,DOC-CAM-WC-2026,Primary Evidence,Table Cell/Row,,"PDF p. 6, Table 2",6,6,6,6,Priority reform table,2. Develop a New Water Supply Law that clearly delineates,2 develop a new water supply law that clearly delineate,22dfe9f288a19e7c6951c26a8a4b60c82572aeb01e5ee8634511a6a9c0fab698,232,289,"[[232,289]]",Fuzzy spatial line-cluster match,Original Compact Text,Develop new Water Supply Law,0.793296,0.730832,0.575835,1.0,0.674699,High,Pass,Pending human review,,2026-08-04T20:56:08+00:00
ANC-CAM-003-01,CAM-003,DOC-CAM-WC-2026,Primary Evidence,Table Cell/Row,,"PDF p. 6, Table 2",6,6,6,6,Priority reform table,3. Establish an autonomous water supply regulator,3 establish an autonomou water supply regulator,b1d31810935db1869ac2195b873e23e0137b78c4aa8e9d3bcf4294b249ec12bb,359,408,"[[359,408]]",Fuzzy spatial line-cluster match,Original Compact Text,Establish autonomous water supply regulator,0.976221,0.941676,0.88978,1.0,0.94382,High,Pass,Pending human review,,2026-08-04T20:56:08+00:00
ANC-CAM-004-01,CAM-004,DOC-CAM-WC-2026,Primary Evidence,Table Cell/Row,,"PDF pp. 6–7, Table 2",6,7,6,6,Priority reform table,4. Develop Sub-Decree on Water Allocation and Licensing,4 develop subdecree on water allocation and licens,67f242846298a6dd451b1010c2c78b6a4ceed2d071f31ac4028a4f6816859eca,489,544,"[[489,544]]",Fuzzy spatial line-cluster match,Original Compact Text,Sub-decree on allocation and licensing,0.950194,0.943123,0.892368,1.0,0.809524,High,Pass,Pending human review,,2026-08-04T20:56:08+00:00
ANC-CAM-005-01,CAM-005,DOC-CAM-WC-2026,Primary Evidence,Table Cell/Row,,"PDF p. 6, Table 2",6,6,6,6,Priority reform table,operations through a sub-decree on conditions and procedures for granting clean water supply business licenses,operation through a subdecree on condition and procedure for grant clean water supply business license,c483b700d14bea4c8f4be87ebe15e8cb4141924c5f15e6a6d7fce4129a7475d5,,,"[[795,844],[868,928]]",Exact spatial line-cluster phrase,Verified PDF locator hint,conditions and procedures for granting clean water supply business licenses,0.999,0.945382,0.896422,1.0,0.807018,High,Pass,Pending human review,,2026-08-04T20:56:08+00:00
ANC-CAM-006-01,CAM-006,DOC-CAM-WC-2026,Primary Evidence,Table Cell/Row,,"PDF p. 6, Table 2",6,6,6,6,Priority reform table,6. Develop regulation on clean water tariff determination,6 develop regulation on clean water tariff determination,66fe8dd116fd5a516c281f24eb466a48d7ba63d70d68520f487955b00d4e8b09,948,1005,"[[948,1005]]",Fuzzy spatial line-cluster match,Original Compact Text,Clean-water tariff determination regulation,0.736023,0.781395,0.820847,0.745562,0.632653,Medium,Pass,Pending human review,,2026-08-04T20:56:08+00:00
ANC-CAM-007-01,CAM-007,DOC-CAM-WC-2026,Primary Evidence,Table Cell/Row,,"PDF p. 6, Table 2",6,6,6,6,Priority reform table,7. Establish a Clean Water Development Fund through a,7 establish a clean water development fund through a,a36eb4a5394837bf554c1cf2307287634a7f6b47f0e4d27b8bd38fb89883feae,1093,1146,"[[1093,1146]]",Fuzzy spatial line-cluster match,Original Compact Text,Establish Clean Water Development Fund,0.944649,0.935065,0.878049,1.0,0.844444,High,Pass,Pending human review,,2026-08-04T20:56:08+00:00
ANC-CAM-008-01,CAM-008,DOC-CAM-WC-2026,Primary Evidence,Table Cell/Row,,"PDF p. 6, Table 2",6,6,6,6,Priority reform table,8. Establish Cambodia National Water Utility to consolidate,8 establish cambodia national water utility to consolidate,61cfd2c4ecb92dce6872be1044ea634edc1b065620b7877bbb8f7ca803ba25d3,1213,1272,"[[1213,1272]]",Exact spatial line-cluster phrase,Original Compact Text,Establish Cambodia National Water Utility,0.999,0.837758,0.720812,1.0,0.828283,High,Pass,Pending human review,,2026-08-04T20:56:08+00:00
ANC-CAM-009-01,CAM-009,DOC-CAM-WC-2026,Primary Evidence,Table Cell/Row,,"PDF p. 6, Table 2",6,6,6,6,Priority reform table,9. Develop and Implement National Strategic Plan for Rural,9 develop and implement national strategic plan for rural,a2295f16ee22e9e82a6008aec6e662c481c1cd1f8857e088528dc248aa0cef17,1321,1379,"[[1321,1379]]",Fuzzy spatial line-cluster match,Original Compact Text,National rural WSSH strategic plan,0.757259,0.827586,0.871194,0.788136,0.505495,Medium,Pass,Pending human review,,2026-08-04T20:56:08+00:00
ANC-CAM-010-01,CAM-010,DOC-CAM-WC-2026,Primary Evidence,Table Cell/Row,,"PDF p. 6, Table 2",6,6,6,6,Priority reform table,1. Improve wastewater fee collection through combined billing with water supply services via sub-decree procedure for the collection of wastewater fees (2026).,1 improve wastewater fee collection through combin bill with water supply service via subdecree procedure for the collection of wastewater fees 2026,49555ae418253845e9b81ca0d8d19f325727b4eff4b030eecdcda661207a5e6b,,,"[[1430,1483],[1484,1547],[1548,1589]]",Exact spatial line-cluster phrase,Verified PDF locator hint,Improve wastewater fee collection through combined billing with water supply services via sub-decree procedure for the collection of wastewater fees,0.999,0.968517,0.938957,1.0,0.975779,High,Pass,Pending human review,,2026-08-04T20:56:08+00:00
ANC-CAM-011-01,CAM-011,DOC-CAM-WC-2026,Primary Evidence,Table Cell/Row,,"PDF p. 6, Table 2",6,6,6,6,Priority reform table,2. Interministerial decree on wastewater tariff determination based on cost-recovery principles (2027).,2 interministerial decree on wastewater tariff determination bas on costrecovery principle 2027,2c467697435fcf98b9d24907f7956ef0d08c68e8a4fdcdcb9eda63359c99e4ff,,,"[[1590,1637],[1638,1693]]",Fuzzy spatial line-cluster match,Original Compact Text,Wastewater tariff determination decree,0.789777,0.791929,0.655532,1.0,0.541353,High,Pass,Pending human review,,2026-08-04T20:56:08+00:00
ANC-CAM-012-01,CAM-012,DOC-CAM-WC-2026,Primary Evidence,Table Cell/Row,,"PDF p. 6, Table 2",6,6,6,6,Priority reform table,3. Develop National Wastewater and Fecal Sludge Management Action Plan (2025-2035). (completed),3 develop national wastewater and fecal sludge management action plan 20252035 complet,a9ad25bfaae2edc8ba947eddd9abd244f449c6320c51117e7081b5133fb37f66,,,"[[1720,1767],[1796,1843]]",Fuzzy spatial line-cluster match,Original Compact Text,Wastewater and fecal sludge action plan,0.857034,0.851752,0.741784,1.0,0.624,High,Pass,Pending human review,,2026-08-04T20:56:08+00:00
ANC-CAM-013-01,CAM-013,DOC-CAM-WC-2026,Primary Evidence,Table Cell/Row,,"PDF p. 6, Table 2",6,6,6,6,Priority reform table,4. Improve long-term planning for wastewater infrastructure,4 improve longterm plann for wastewater infrastructure,d333078ae06595b8d9157bf7241503c768067fde8f46591ab3674d49ad352559,1844,1903,"[[1844,1903]]",Fuzzy spatial line-cluster match,Standardized Candidate,Strengthen long-term wastewater infrastructure planning,0.903351,0.959529,0.922207,1.0,0.704762,High,Pass,Pending human review,,2026-08-04T20:56:08+00:00
ANC-CAM-014-01,CAM-014,DOC-CAM-WC-2026,Primary Evidence,Table Cell/Row,,"PDF p. 6, Table 2",6,6,6,6,Priority reform table,5. Develop guidelines for Public-Private Partnerships (PPP) in wastewater service,5 develop guideline for publicprivate partnership ppp in wastewater service,5f180237fa4d0043c10debe964232f930e19b80bacfed0f7ba92ca207ef2f35a,,,"[[1958,2017],[2018,2039]]",Fuzzy spatial line-cluster match,Original Compact Text,PPP guidelines for wastewater service,0.867965,0.873174,0.774898,1.0,0.612613,High,Pass,Pending human review,,2026-08-04T20:56:08+00:00
ANC-CAM-015-01,CAM-015,DOC-CAM-WC-2026,Primary Evidence,Table Cell/Row,,"PDF p. 7, Table 2",7,7,7,7,Priority reform table,1. Strengthen regulatory enforcement and investment planning under the wastewater and fecal sludge management,1 strengthen regulatory enforcement and investment plann under the wastewater and fecal sludge management,0daf5bb6a128743ff94fe543ebca2f7dd2a5d320bbaaf520556705f560594b08,,,"[[42,93],[125,182]]",Fuzzy spatial line-cluster match,Standardized Candidate,Strengthen wastewater regulatory enforcement and investment planning,0.832014,0.880694,0.786822,1.0,0.635294,High,Pass,Pending human review,,2026-08-04T20:56:08+00:00
ANC-CAM-016-01,CAM-016,DOC-CAM-WC-2026,Primary Evidence,Table Cell/Row,,"PDF p. 7, Table 2",7,7,7,7,Priority reform table,1. Update Water Resources Policy with integration of water,1 update water resource policy with integration of water,0cecf1e3e5108cc9b40cb57b54e3cd42ba3b928e5eb20008c00abbd1e9df6de8,244,302,"[[244,302]]",Exact spatial line-cluster phrase,Original Compact Text,Update Water Resources Policy,0.999,0.878049,0.782609,1.0,0.666667,High,Pass,Pending human review,,2026-08-04T20:56:08+00:00
ANC-CAM-017-01,CAM-017,DOC-CAM-WC-2026,Duplicate/Sub-action Evidence,Table Cell/Row,,"PDF p. 7, Table 2",7,7,7,7,Priority reform table,2. Develop Sub-Decree on Water Allocation and Licensing to formalize water use rights for irrigation and improve,2 develop subdecree on water allocation and licens to formalize water use right for irrigation and improve,f9e2834d215973f897ecbb542fe9e7b5765a6d6dcca10f4003f7a0831bb5dfaa,,,"[[346,401],[402,458]]",Fuzzy spatial line-cluster match,Original Compact Text,Irrigation allocation and licensing sub-decree,0.796931,0.850949,0.740566,1.0,0.391892,High,Pass,Pending human review,,2026-08-04T20:56:08+00:00
ANC-CAM-018-01,CAM-018,DOC-CAM-WC-2026,Primary Evidence,Table Cell/Row,,"PDF p. 7, Table 2",7,7,7,7,Priority reform table,3. Revise Sub-Decree on the establishment and operation,3 revise subdecree on the establishment and operation,658ac16aab9398b2df6d5e556d09613c28542fcfb0c58a51929ddb7293f0e7bf,484,539,"[[484,539]]",Fuzzy spatial line-cluster match,Standardized Candidate,Revise the FWUC establishment and operations sub-decree,0.821586,0.893763,0.922207,0.867021,0.716981,High,Pass,Pending human review,,2026-08-04T20:56:08+00:00
ANC-CAM-019-01,CAM-019,DOC-CAM-WC-2026,Primary Evidence,Table Cell/Row,,"PDF p. 7, Table 2",7,7,7,7,Priority reform table,4. Develop a National Dam Safety Framework to ensure,4 develop a national dam safety framework to ensure,15a9b17d67e953c0707d3fe0eb02d81e37a6530366103134699e6f26dc979259,707,759,"[[707,759]]",Fuzzy spatial line-cluster match,Original Compact Text,Develop National Dam Safety Framework,0.908513,0.874715,0.777328,1.0,0.840909,High,Pass,Pending human review,,2026-08-04T20:56:08+00:00
ANC-CAM-020-01,CAM-020,DOC-CAM-WC-2026,Primary Evidence,Table Cell/Row,,"PDF p. 7, Table 2; pp. 11–12 roadmap",7,12,11,11,Priority reform table + roadmap,Maintenance Standard Develop National Irrigation,maintenance standard develop national irrigation,c5be77a860f442a302b13f107b2a3596b4b492e4332c70aec5604f63d0accc8c,,,"[[887,907],[947,974]]",Fuzzy spatial line-cluster match,Original Compact Text,National irrigation standards,0.888548,0.920863,0.853333,1.0,0.5,High,Pass,Pending human review,,2026-08-04T20:56:08+00:00
ANC-CAM-021-01,CAM-021,DOC-CAM-WC-2026,Primary Evidence,Table Cell/Row,,"PDF p. 7, Table 2",7,7,7,7,Priority reform table,"1. Develop Public-Private Partnerships (PPP) / Private Sector Participation (PSP) roadmap for irrigation service delivery, incorporating global good practices on performance- based contracts, asset management, and cost recovery.",1 develop publicprivate partnership ppp private sector participation psp roadmap for irrigation service delivery incorporat global good practice on performance bas contract asset management and cost recovery,4386a0f62e29f39ef16677d31e0424498f3c11deabe8fceb7648a7f106f695ed,,,"[[969,1023],[1024,1081],[1082,1143],[1169,1222]]",Fuzzy spatial line-cluster match,Verified PDF locator hint,"Develop Public–Private Partnerships (PPP) / Private Sector Participation (PSP) roadmap for irrigation service delivery, incorporating global good practices on performance-based contracts, asset management, and cost recovery.",0.978531,0.934624,0.943435,0.925976,0.992701,High,Pass,Pending human review,,2026-08-04T20:56:08+00:00
ANC-CAM-022-01,CAM-022,DOC-CAM-WC-2026,Exclusion Evidence,Table Cell/Row,,"PDF p. 7, Table 2",7,7,7,7,Priority reform table,"2. Promote combined solutions for gravity-fed systems and high-efficiency irrigation technologies, including solar-",2 promote combin solution for gravityf system and highefficiency irrigation technology includ solar,9fa3a246abef5f36fce16cf9082144f58aff3bb5893f04969b559dc93d46ac55,,,"[[1278,1335],[1343,1400]]",Fuzzy spatial line-cluster match,Standardized Candidate,Promote gravity-fed and high-efficiency irrigation technologies,0.817338,0.837117,0.719864,1.0,0.730769,High,Pass,Pending human review,,2026-08-04T20:56:08+00:00
ANC-CAM-023-01,CAM-023,DOC-CAM-WC-2026,Primary Evidence,Table Cell/Row,,"PDF p. 7, Table 2",7,7,7,7,Priority reform table,1. Sub-Decree on Hydrometeorology to strengthen hydro-,1 subdecree on hydrometeorology to strengthen hydro,4c1c9d024ca0b52b87ce3ce75b5b078941b382e0101561ecf9651bee47c82066,1603,1657,"[[1603,1657]]",Exact spatial line-cluster phrase,Original Compact Text,Sub-decree on Hydrometeorology,0.999,0.880174,0.785992,1.0,0.725,High,Pass,Pending human review,,2026-08-04T20:56:08+00:00
ANC-CAM-024-01,CAM-024,DOC-CAM-WC-2026,Primary Evidence,Table Cell/Row,,"PDF p. 8, Table 2",8,8,8,8,Priority reform table,1. Sub-Decree on Groundwater Management to regulate,1 subdecree on groundwater management to regulate,b2ed3b6cef85d5d68bc1d72c35d99d144814f537a569dedc61be90f8246a6df7,42,93,"[[42,93]]",Exact spatial line-cluster phrase,Original Compact Text,Sub-decree on Groundwater Management,0.999,0.903678,0.824281,1.0,0.833333,High,Pass,Pending human review,,2026-08-04T20:56:08+00:00
ANC-CAM-025-01,CAM-025,DOC-CAM-WC-2026,Primary Evidence,Table Cell/Row,,"PDF p. 8, Table 2",8,8,8,8,Priority reform table,"1. Sub-Decree on the establishment of river basin committees and river basin management plans,",1 subdecree on the establishment of river basin committee and river basin management plan,f1b2d0a56cab21f3b708de835cbe9f51fa345c8044ac963978267c6df80a101b,,,"[[290,339],[360,404]]",Fuzzy spatial line-cluster match,Original Compact Text,Sub-decree on river basin committees,0.746365,0.710183,0.550607,1.0,0.552846,Medium,Pass,Pending human review,,2026-08-04T20:56:08+00:00
ANC-CAM-026-01,CAM-026,DOC-CAM-WC-2026,Primary Evidence,Text Span,,"PDF p. 10, Table 3",10,10,10,10,Activity roadmap,Establish fecal sludge management framework,establish fecal sludge management framework,9a6f417575fd8ed4fc05713cb2308c62d1bb32156b27aed98786b64d9845ecfd,,,"[[443,465],[484,504]]",Fuzzy spatial line-cluster match,Original Compact Text,Establish fecal-sludge management framework,0.742611,0.693111,0.751131,0.643411,0.988235,Medium,Pass,Pending human review,,2026-08-04T20:56:08+00:00
ANC-CAM-027-01,CAM-027,DOC-CAM-WC-2026,Primary Evidence,Text Span,,"PDF p. 10, Table 3",10,10,10,10,Activity roadmap,"2029 - 2030 Strengthening policy, - Establish water supply - Strengthen regulatory institution and regulator [MISTI] enforcement in water supply regulations in water - Develop new water supply [MISTI] supply and sanitation law [MISTI] - Strengthen provincial - Update national policy for institutional framework for Water Supply and Sanitation wastewater through setting up [MISTI, MPWT, MRD] utilities /corporatized - Establish fecal sludge structures [MPWT] management framework [MPWT] - Develop a ten-year national urban/sub-urban sanitation strategy",2029 2030 strengthen policy establish water supply strengthen regulatory institution and regulator misti enforcement in water supply regulation in water develop new water supply misti supply and sanitation law misti strengthen provincial update national policy for institutional framework for water supply and sanitation wastewater through sett up misti mpwt mrd utility corporatiz establish fecal sludge structure mpwt management framework mpwt develop a tenyear national urbansuburban sanitation strategy,50a3aa2dcca85a9c3714fddd7605cae41927820f46a47afbaa4e662c6b26b7d3,,,"[[24,35],[36,57],[58,59],[60,82],[83,84],[85,106],[107,122],[123,140],[141,168],[169,189],[190,191],[192,216],[217,224],[225,246],[247,258],[259,260],[261,282],[283,284],[285,311],[312,339],[340,367],[368,397],[398,416],[417,440],[441,442],[443,465],[466,483],[484,504],[505,511],[512,513],[514,541],[542,568],[569,577]]",Fuzzy token-window match,Original Compact Text,Ten-year urban sanitation strategy,0.832096,0.845227,0.892368,0.802817,0.795181,High,Pass,Pending human review,,2026-08-04T20:56:08+00:00
ANC-CAM-028-01,CAM-028,DOC-CAM-WC-2026,Primary Evidence,Text Span,,"PDF p. 10, Table 3",10,10,10,10,Activity roadmap,Strengthen provincial institutional framework for wastewater through setting up utilities /corporatized structures [MPWT],strengthen provincial institutional framework for wastewater through sett up utility corporatiz structure mpwt,5d3937524dbd9e06a8743ff40260c4a818c0534f26612f254f392363825bf054,,,"[[261,282],[312,339],[368,397],[417,440],[466,483]]",Fuzzy spatial line-cluster match,Standardized Candidate,Establish provincial wastewater utilities or corporatized structures,0.834046,0.880694,0.786822,1.0,0.624277,High,Pass,Pending human review,,2026-08-04T20:56:08+00:00
ANC-CAM-029-01,CAM-029,DOC-CAM-WC-2026,Primary Evidence,Text Span,,"PDF p. 10, Table 3",10,10,10,10,Activity roadmap,Develop performance monitoring and benchmarking for wastewater service [MPWT],develop performance monitor and benchmark for wastewater service mpwt,1186ff75818c3f14e66e54e752eaf1e6e6ebe3bd116f03e449f3ab301fdd3ceb,,,"[[1109,1128],[1129,1143],[1144,1160],[1161,1186]]",Exact spatial line-cluster phrase,Verified PDF locator hint,Develop performance monitoring and benchmarking for wastewater service,0.999,0.966278,0.934757,1.0,0.962406,High,Pass,Pending human review,,2026-08-04T20:56:08+00:00
ANC-CAM-030-01,CAM-030,DOC-CAM-WC-2026,Primary Evidence,Text Span,,"PDF p. 10, Table 3",10,10,10,10,Activity roadmap,"approaches for large, medium and small urban centers [MPWT] Strengthening - Develop digital water supply - Implement aggregation of operational performance monitoring system [MISTI] water supply service providers of service providers [MISTI] - Study the establishment of Cambodian National Water - Strengthen monitoring utility [MISTI] performance of water and - Assess the feasibility of sanitation service providers aggregation and bulk water through digital platform [MISTI, [MISTI] MPWT] - Develop performance monitoring and benchmarking for wastewater",approache for large medium and small urban center mpwt strengthen develop digital water supply implement aggregation of operational performance monitor system misti water supply service provider of service provider misti study the establishment of cambodian national water strengthen monitor utility misti performance of water and assess the feasibility of sanitation service provider aggregation and bulk water through digital platform misti misti mpwt develop performance monitor and benchmark for wastewater,9a1e64c974fbc009db592ed0961496bbc05a85a95de2d7b1bd1c5560634d5f80,,,"[[615,636],[637,659],[660,674],[675,688],[689,690],[691,719],[720,721],[722,746],[747,770],[771,796],[797,827],[828,848],[878,885],[849,850],[851,877],[886,910],[911,912],[913,934],[935,950],[951,975],[976,977],[978,1003],[1004,1032],[1033,1059],[1060,1092],[1093,1100],[1101,1106],[1107,1108],[1109,1128],[1129,1143],[1144,1160],[1161,1171]]",Fuzzy token-window match,Standardized Candidate,Establish wastewater performance monitoring and benchmarking,0.929603,1.0,1.0,1.0,0.647059,High,Pass,Pending human review,,2026-08-04T20:56:08+00:00
ANC-CAM-031-01,CAM-031,DOC-CAM-WC-2026,Primary Evidence,Text Span,,"PDF p. 10, Table 3",10,10,10,10,Activity roadmap,Implement aggregation of water supply service providers,implement aggregation of water supply service provider,4c98b994de990890666d718689415cc520305e1eba0869636f5262874da96266,,,"[[722,746],[797,827]]",Fuzzy spatial line-cluster match,Standardized Candidate,Implement aggregation of water-supply service providers,0.779681,0.796596,0.894837,0.717791,0.990654,High,Pass,Pending human review,,2026-08-04T20:56:08+00:00
ANC-CAM-032-01,CAM-032,DOC-CAM-WC-2026,Duplicate/Sub-action Evidence,Text Span,,"PDF p. 10, Table 3",10,10,10,10,Activity roadmap,"Strengthen monitoring performance of water and sanitation service providers through digital platform [MISTI,",strengthen monitor performance of water and sanitation service provider through digital platform misti,f70d00fdc0568ca8759033ce30bb14626449d63ba8e2f694390ff695cf9d1ece,,,"[[913,934],[951,975],[1004,1032],[1060,1092]]",Fuzzy spatial line-cluster match,Original Compact Text,Digital platform for provider monitoring,0.783173,0.837758,0.720812,1.0,0.273381,High,Pass,Pending human review,,2026-08-04T20:56:08+00:00
ANC-CAM-033-01,CAM-033,DOC-CAM-WC-2026,Primary Evidence,Text Span,,"PDF p. 10, Table 3",10,10,10,10,Activity roadmap,Improve creditworthiness of water utilities [MISTI],improve creditworthiness of water utility misti,13745f35e7e9eca058426fa05157792d67f4cd4f5d90f36546ef82d6b314fd91,,,"[[1431,1458],[1486,1509]]",Fuzzy spatial line-cluster match,Standardized Candidate,Improve the creditworthiness of water utilities,0.929936,0.932515,0.873563,1.0,0.891304,High,Pass,Pending human review,,2026-08-04T20:56:08+00:00
ANC-CAM-034-01,CAM-034,DOC-CAM-WC-2026,Primary Evidence,Text Span,,"PDF pp. 10–11, Table 3",10,11,10,10,Activity roadmap,Implement credit enhancements for water supply through credit guarantee facility with Credit Guarantee Corporation of,implement credit enhancement for water supply through credit guarantee facility with credit guarantee corporation of,78dbd3af1270a5e0225917851e61395907da82dd0c4de1509df23e12bd257735,,,"[[1725,1741],[1771,1793],[1810,1831],[1861,1891],[1915,1939]]",Fuzzy spatial line-cluster match,Verified PDF locator hint,Implement credit enhancements for water supply through credit guarantee facility with Credit Guarantee Corporation of Cambodia,0.977616,0.947368,1.0,0.9,0.962656,High,Pass,Pending human review,,2026-08-04T20:56:08+00:00
ANC-CAM-035-01,CAM-035,DOC-CAM-WC-2026,Primary Evidence,Text Span,,"PDF p. 10, Table 3",10,10,10,10,Activity roadmap,Pilot Non-Revenue Water Performance Based Contract,pilot nonrevenue water performance bas contract,e00981bc999eee9daa3910dfce33344ed0e0e40783ec98089b96d5501514c399,,,"[[1405,1428],[1459,1485]]",Fuzzy spatial line-cluster match,Standardized Candidate,Pilot a non-revenue-water performance-based contract,0.523229,0.457344,0.611765,0.365169,0.957447,Low,Needs targeted review,Pending human review,,2026-08-04T20:56:08+00:00
ANC-CAM-036-01,CAM-036,DOC-CAM-WC-2026,Primary Evidence,Text Span,,"PDF p. 10, Table 3",10,10,10,10,Activity roadmap,Implement and scale up PPP for wastewater through Design-Build-Operate-Transfer (DBOT) and other models,implement and scale up ppp for wastewater through designbuildoperatetransfer dbot and other model,867e87283d7ac4cdf7a41616dc53a9ad2dc11b9070f306066f22eb78ea771a00,,,"[[1834,1860],[1892,1914],[1940,1969],[1994,2017]]",Fuzzy spatial line-cluster match,Original Compact Text,Wastewater DBOT and PPP models,0.813871,0.854369,0.745763,1.0,0.412698,High,Pass,Pending human review,,2026-08-04T20:56:08+00:00
ANC-CAM-037-01,CAM-037,DOC-CAM-WC-2026,Primary Evidence,Text Span,,"PDF p. 11, Table 3",11,11,11,11,Activity roadmap,Pilot O&M/management contract for municipal wastewater [MPWT],pilot o mmanagement contract for municipal wastewater mpwt,af73a5da01a82dba8b0515c6ed1f69164bb220419ca96b1f627aec71a85adcb6,,,"[[223,243],[244,266],[267,284]]",Fuzzy spatial line-cluster match,Standardized Candidate,Pilot an O&M or management contract for municipal wastewater,0.776184,0.80764,0.843305,0.774869,0.888889,High,Pass,Pending human review,,2026-08-04T20:56:08+00:00
ANC-CAM-038-01,CAM-038,DOC-CAM-WC-2026,Exclusion Evidence,Text Span,,"PDF p. 11, Table 3",11,11,11,11,Activity roadmap,Develop irrigation inventory and profiles to map out all,develop irrigation inventory and profile to map out all,8a40747830270a8e7e35d0c2b4c0ac8417c2234658d229963645fec617fdb502,,,"[[423,451],[492,519]]",Exact spatial line-cluster phrase,Original Compact Text,Irrigation inventory and profiles,0.999,0.850136,0.739336,1.0,0.735632,High,Pass,Pending human review,,2026-08-04T20:56:08+00:00
ANC-CAM-039-01,CAM-039,DOC-CAM-WC-2026,Duplicate/Sub-action Evidence,Text Span,,"PDF p. 11, Table 3",11,11,11,11,Activity roadmap,"water storage [MOWRAM] infrastructures Preparing national - Develop a national irrigation - Update the National standard for design and Design, Operation, and Irrigation Design, construction of irrigation Maintenance Standard Operation, and schemes, and National Maintenance Guidelines - Develop National Irrigation standards for with AI-driven tools and Information and Monitoring performance monitoring data-informed approaches Systems of irrigation schemes across the full lifecycle of - Install early warning systems irrigation systems. in flood and drought prone",water storage mowram infrastructure prepar national develop a national irrigation update the national standard for design and design operation and irrigation design construction of irrigation maintenance standard operation and scheme and national maintenance guideline develop national irrigation standard for with aidriven tool and information and monitor performance monitor datainform approache system of irrigation scheme across the full lifecycle of install early warn system irrigation system in flood and drought prone,280e12c6c953d52940cae4e7d601e2240f95d90ee3046416ca7fedcafcec22e7,,,"[[682,695],[696,704],[705,720],[721,739],[740,741],[742,771],[772,773],[774,793],[794,817],[818,840],[841,859],[860,886],[887,907],[908,922],[923,944],[975,997],[945,946],[947,974],[998,1011],[1039,1063],[1012,1038],[1064,1086],[1095,1119],[1087,1094],[1120,1141],[1174,1202],[1142,1143],[1144,1173],[1230,1249],[1203,1229]]",Fuzzy token-window match,Original Compact Text,National irrigation D-O-M standard,0.799476,0.805031,0.853333,0.761905,0.69697,High,Pass,Pending human review,,2026-08-04T20:56:08+00:00
ANC-CAM-040-01,CAM-040,DOC-CAM-WC-2026,Primary Evidence,Text Span,,"PDF p. 11, Table 3",11,11,11,11,Activity roadmap,Develop National Irrigation Information and Monitoring Systems,develop national irrigation information and monitor system,2770506009aed31945238b9031ea82088eac073a4459b2494fd1f8948db5fe9c,,,"[[947,974],[1012,1038],[1087,1094]]",Fuzzy spatial line-cluster match,Standardized Candidate,Establish a National Irrigation Information and Monitoring System,0.961526,1.0,1.0,1.0,0.883333,High,Pass,Pending human review,,2026-08-04T20:56:08+00:00
ANC-CAM-041-01,CAM-041,DOC-CAM-WC-2026,Primary Evidence,Text Span,,"PDF p. 11, Table 3",11,11,11,11,Activity roadmap,Install early warning systems in flood and drought prone areas with operational procedures (embedding AI,install early warn system in flood and drought prone area with operational procedure embedd ai,7f52cef3c6e0c94901429fecbe7bffe8039508cad60eb9e7ccf5308631bf7af1,,,"[[1144,1173],[1203,1229],[1250,1272],[1282,1306]]",Exact spatial line-cluster phrase,Verified PDF locator hint,Install early warning systems in flood and drought prone areas with operational procedures,0.999,0.978903,0.958678,1.0,0.94382,High,Pass,Pending human review,,2026-08-04T20:56:08+00:00
ANC-CAM-042-01,CAM-042,DOC-CAM-WC-2026,Duplicate/Sub-action Evidence,Text Span,,"PDF p. 11, Table 3",11,11,11,11,Activity roadmap,"Update the National Irrigation Design, Operation, and Maintenance Guidelines",update the national irrigation design operation and maintenance guideline,aebe2a5985d084efa06ddb7c6b328f543ca3026d1a25d38c8ce0a7a2348b4285,,,"[[774,793],[841,859],[908,922],[975,997]]",Fuzzy spatial line-cluster match,Standardized Candidate,Update irrigation design and O&M guidelines,0.880178,0.913386,0.84058,1.0,0.695652,High,Pass,Pending human review,,2026-08-04T20:56:08+00:00
ANC-CAM-043-01,CAM-043,DOC-CAM-WC-2026,Primary Evidence,Text Span,,"PDF pp. 11–12, Table 3",11,12,11,11,Activity roadmap,Upgrade the Cambodia Irrigation Scheme Information System (CISIS),upgrade the cambodia irrigation scheme information system cisi,c2b95e304053e6c3ce4850529524fec4c753eee92a93df0cd7148a6d51be6962,,,"[[1704,1724],[1744,1761],[1788,1814]]",Fuzzy spatial line-cluster match,Standardized Candidate,Upgrade the national irrigation scheme information system,0.920712,0.930818,0.870588,1.0,0.87395,High,Pass,Pending human review,,2026-08-04T20:56:08+00:00
ANC-CAM-044-01,CAM-044,DOC-CAM-WC-2026,Primary Evidence,Text Span,,"PDF p. 12, Table 3",12,12,12,12,Activity roadmap,Formulating a Standard Operating Procedure (SOP) for irrigation PPP/PSP,formulat a standard operat procedure sop for irrigation ppppsp,87d1ab081c7ed67d216c4e30ead90184bcc3e7966f5d1b21ff8208c6e8fe3852,,,"[[136,158],[219,238],[279,299],[351,358]]",Fuzzy spatial line-cluster match,Standardized Candidate,Adopt a standard operating procedure for irrigation PPP/PSP,0.922947,0.929757,0.868735,1.0,0.888889,High,Pass,Pending human review,,2026-08-04T20:56:08+00:00
ANC-CAM-045-01,CAM-045,DOC-CAM-WC-2026,Primary Evidence,Text Span,,"PDF p. 12, Table 3",12,12,12,12,Activity roadmap,- for PPP - Transaction Model Design,for ppp transaction model design,0a808c87252cb9a9696570d32e9799eb0decbaba6c676d0e7da6ae744dcc5f11,,,"[[159,160],[239,246],[300,301],[359,383]]",Exact spatial line-cluster phrase,Original Compact Text,PPP transaction model design,0.999,1.0,1.0,1.0,0.933333,High,Pass,Pending human review,,2026-08-04T20:56:08+00:00
ANC-CAM-046-01,CAM-046,DOC-CAM-WC-2026,Duplicate/Sub-action Evidence,Text Span,,"PDF p. 12, Table 3",12,12,12,12,Activity roadmap,Formulating a Standard - Customize the irrigation SOP - Pilot and scale up private Operating Procedure for PPP sector participation models for (SOP) for irrigation small and medium-scale - Develop PPP in irrigation PPP/PSP irrigation schemes [MOWRAM] Transaction Model Design - Update sub-decree on establishment of Farmer Water User Community [MOWRAM] Applying farmer-led - Strengthen and - Restructure and irrigation operations for operationalize FWUCs professionalize FWUCs - small to medium through appropriate including performance irrigation,formulat a standard customize the irrigation sop pilot and scale up private operat procedure for ppp sector participation model for sop for irrigation small and mediumscale develop ppp in irrigation ppppsp irrigation scheme mowram transaction model design update subdecree on establishment of farmer water user community mowram apply farmerl strengthen and restructure and irrigation operation for operationalize fwuc professionalize fwuc small to medium through appropriate includ performance irrigation,b9c4d580d60cd2671fe7c4ad731dd8069650fe4ada8515699db5a44f0a973566,,,"[[136,158],[159,160],[161,189],[190,191],[192,218],[219,238],[239,246],[247,278],[279,299],[328,350],[300,301],[302,327],[351,358],[384,411],[359,383],[412,413],[414,434],[435,458],[459,479],[480,488],[489,508],[509,510],[511,525],[526,527],[528,543],[544,569],[570,590],[591,614],[615,630],[631,650],[651,672],[673,683]]",Fuzzy token-window match,Original Compact Text,Update FWUC establishment sub-decree,0.866169,0.907749,1.0,0.831081,0.676471,High,Pass,Pending human review,,2026-08-04T20:56:08+00:00
ANC-CAM-047-01,CAM-047,DOC-CAM-WC-2026,Primary Evidence,Text Span,,"PDF p. 12, Table 3",12,12,12,12,Activity roadmap,professionalize FWUCs -,professionalize fwuc,be59257b1d894109cab06b2d86c32878d1b04d6469724d01fa8fefaffc8fa710,591,614,"[[591,614]]",Exact spatial line-cluster phrase,Original Compact Text,Professionalize FWUCs,0.999,1.0,1.0,1.0,1.0,High,Pass,Pending human review,,2026-08-04T20:56:08+00:00
ANC-CAM-048-01,CAM-048,DOC-CAM-WC-2026,Primary Evidence,Text Span,,"PDF p. 12, Table 3",12,12,12,12,Activity roadmap,program with tailored curriculum for PDWRAMs and FWUCs,program with tailor curriculum for pdwram and fwuc,c98331ede7c5e1d97274e7a49f79fe2712f6e5739f222825cb56f336aec99d06,,,"[[997,1018],[1073,1095],[1138,1147]]",Fuzzy spatial line-cluster match,Original Compact Text,Tailored PDWRAM and FWUC curriculum,0.912206,0.949772,0.904348,1.0,0.53012,High,Pass,Pending human review,,2026-08-04T20:56:08+00:00
ANC-CAM-049-01,CAM-049,DOC-CAM-WC-2026,Primary Evidence,Text Span,,"PDF p. 12, Table 3",12,12,12,12,Activity roadmap,Young Professional Program,young professional program,0763f703cd2abe6ca3b1ea1d48959363eef844d9341c88b14ce9553e4a34c7e5,1281,1307,"[[1281,1307]]",Exact spatial line-cluster phrase,Original Compact Text,Young Professional Program,0.999,1.0,1.0,1.0,1.0,High,Pass,Pending human review,,2026-08-04T20:56:08+00:00
ANC-CAM-050-01,CAM-050,DOC-CAM-WC-2026,Primary Evidence,Text Span,,"PDF p. 12, Table 3",12,12,12,12,Activity roadmap,Establish a service training center for irrigation engineering and O&M at regional offices,establish a service train center for irrigation engineer and o m at regional office,467a2e727aa1af51f189db3339b56e13dce6bde618998eee6aa9b35729b69434,,,"[[944,972],[1019,1052],[1096,1123]]",Fuzzy spatial line-cluster match,Standardized Candidate,Establish a regional irrigation engineering and O&M training center,0.888117,0.927536,0.864865,1.0,0.699301,High,Pass,Pending human review,,2026-08-04T20:56:08+00:00
ANC-CAM-051-01,CAM-051,DOC-CAM-WC-2026,Primary Evidence,Text Span,,"PDF p. 12, Table 3",12,12,12,12,Activity roadmap,Consolidate 39 river basins into 5 major river basin groups,consolidate 39 river basin into 5 major river basin group,f0d2f2db7a87bfe668aae01a900d389d6d4aec1255417b7feb9554b86483e284,,,"[[1563,1590],[1645,1669],[1722,1728]]",Fuzzy spatial line-cluster match,Original Compact Text,Consolidate 39 basins into five groups,0.732514,0.701657,0.604762,0.835526,0.752688,Medium,Pass,Pending human review,,2026-08-04T20:56:08+00:00
ANC-CAM-052-01,CAM-052,DOC-CAM-WC-2026,Primary Evidence,Text Span,,"PDF pp. 12–13, Table 3",12,13,12,12,Activity roadmap,"[MOWRAM] Cambodian water Climate Resilience professionals to [MOWRAM] strengthen their capabilities to implement water resources management tasks Water for Planet Preparing River Basin - Consolidate 39 river basins - Prepare 2 out of 5 integrated Management Plans that into 5 major river basin river basin management plans set high level, cross- groups (RBS) ministry strategies to - Prepare 1 out of 5 integrated achieve sustainable river basin management development and plans (River Basin management of",mowram cambodian water climate resilience professional to mowram strengthen their capability to implement water resource management task water for planet prepar river basin consolidate 39 river basin prepare 2 out of 5 integrat management plan that into 5 major river basin river basin management plan set high level cross group rbs ministry strategy to prepare 1 out of 5 integrat achieve sustainable river basin management development and plan river basin management of,c0639a2369d699749a4a07e0aced1fa819c3c8e724805667914ec63b30ab1f23,,,"[[1376,1384],[1385,1400],[1401,1419],[1420,1436],[1437,1445],[1446,1462],[1463,1488],[1489,1504],[1505,1521],[1522,1538],[1539,1560],[1561,1562],[1563,1590],[1591,1592],[1593,1622],[1623,1644],[1645,1669],[1670,1698],[1699,1721],[1722,1728],[1729,1734],[1735,1757],[1758,1759],[1760,1789],[1790,1809],[1810,1832],[1833,1848],[1849,1867],[1868,1881]]",Fuzzy token-window match,Original Compact Text,Integrated river-basin management plans,0.812525,0.83004,1.0,0.709459,0.75,High,Pass,Pending human review,,2026-08-04T20:56:08+00:00
ANC-CAM-053-01,CAM-053,DOC-CAM-WC-2026,Primary Evidence,Text Span,,"PDF p. 13, Table 3",13,13,13,13,Activity roadmap,- and information center - Data and Information Protocol,and information center data and information protocol,c6a26aaab6e473de5eb8d1cbf71e41d3607617684424169c389c9af0a42de980,,,"[[92,93],[177,199],[249,250],[322,342],[388,396]]",Fuzzy spatial line-cluster match,Original Compact Text,National water data center and protocol,0.894238,0.871194,0.771784,1.0,0.615385,High,Pass,Pending human review,,2026-08-04T20:56:08+00:00
ANC-CAM-054-01,CAM-054,DOC-CAM-WC-2026,Primary Evidence,Text Span,,"PDF p. 13, Table 3",13,13,13,13,Activity roadmap,"Support Systems (DSS). transboundary data sharing, [MOWRAM] exchange, and collaboration [MOWRAM/CNMC] - Update the DSS systems for transboundary water resources data and information management [MOWRAM/CNMC] Preparing National Flood - Develop flood and drought - Develop the National and Emergency Response risk zone maps Regional Guidelines on Early - Install new and upgrade Plans that show flood Warning Systems for Flood and existing early warning prone regions, and Drought systems preparedness and - Upgrade the National",support system dss transboundary data shar mowram exchange and collaboration mowramcnmc update the dss system for transboundary water resource data and information management mowramcnmc prepar national flood develop flood and drought develop the national and emergency response risk zone maps regional guideline on early install new and upgrade plan that show flood warn system for flood and exist early warn prone region and drought system preparedness and upgrade the national,ef05a45a9171b590aa51f9b28fc2e4b21b5ab387b9265d1cfce675fc41c77cb8,,,"[[727,749],[750,777],[778,786],[787,814],[844,857],[815,816],[817,843],[858,877],[878,896],[897,919],[920,933],[934,958],[959,960],[961,986],[987,988],[989,1013],[1014,1032],[1033,1047],[1048,1076],[1099,1100],[1101,1124],[1077,1098],[1125,1154],[1174,1196],[1155,1173],[1197,1204],[1222,1229],[1205,1221],[1230,1231],[1232,1252]]",Fuzzy token-window match,Original Compact Text,Transboundary DSS and data sharing,0.99138,1.0,1.0,1.0,0.793103,High,Pass,Pending human review,,2026-08-04T20:56:08+00:00
ANC-CAM-055-01,CAM-055,DOC-CAM-WC-2026,Primary Evidence,Text Span,,"PDF p. 13, Table 3",13,13,13,13,Activity roadmap,Prepare a national flood emergency response framework in the high-risk,prepare a national flood emergency response framework in the highrisk,29285cd5c77eb3a53a2eb12f5056e44fe60b73f9b84096cffe932c324fbb7a7f,,,"[[1281,1305],[1358,1376],[1430,1456]]",Exact spatial line-cluster phrase,Original Compact Text,National flood emergency response framework,0.999,0.913386,0.84058,1.0,0.767857,High,Pass,Pending human review,,2026-08-04T20:56:08+00:00
ANC-CAM-056-01,CAM-056,DOC-CAM-WC-2026,Primary Evidence,Text Span,,"PDF p. 13, Table 3",13,13,13,13,Activity roadmap,Develop the National and Regional Guidelines on Early Warning Systems for Flood and Drought,develop the national and regional guideline on early warn system for flood and drought,8f78f5dfd6dfdf9e7b4db7f6626366faa1c403629847ed6986f62134d5c0e291,,,"[[989,1013],[1048,1076],[1125,1154],[1197,1204]]",Fuzzy spatial line-cluster match,Standardized Candidate,Adopt national and regional flood and drought early-warning guidelines,0.705386,0.773834,0.771151,0.776536,0.582781,Medium,Pass,Pending human review,,2026-08-04T20:56:08+00:00
ANC-CAM-057-01,CAM-057,DOC-CAM-WC-2026,Primary Evidence,Text Span,,"PDF p. 13, Table 3",13,13,13,13,Activity roadmap,Update the Law on Water Resources Management,update the law on water resource management,a987b1d2674bb1d30765d6bf12b68ed647307ab18fcf13adeee290d2eb267e24,,,"[[1550,1573],[1613,1633]]",Fuzzy spatial line-cluster match,Original Compact Text,Update Water Resources Management Law,0.990578,1.0,1.0,1.0,0.810127,High,Pass,Pending human review,,2026-08-04T20:56:08+00:00
ANC-CAM-058-01,CAM-058,DOC-CAM-WC-2026,Duplicate/Sub-action Evidence,Text Span,,"PDF p. 13, Table 3",13,13,13,13,Activity roadmap,Revise the National Water Resources Management Policy,revise the national water resource management policy,60e999de4eb1535c41496b072bdaeaafc5c1a4f3e645649e64506ddc0302d47e,,,"[[1576,1601],[1634,1661]]",Exact spatial line-cluster phrase,Standardized Candidate,Revise the National Water Resources Management Policy,0.98325,1.0,1.0,1.0,1.0,High,Pass,Pending human review,,2026-08-04T20:56:08+00:00
ANC-CAM-059-01,CAM-059,DOC-CAM-WC-2026,Exclusion Evidence,Text Span,,"PDF p. 13, Table 3",13,13,13,13,Activity roadmap,regulatory and legal framework dissemination plan across 25,regulatory and legal framework dissemination plan across 25,7083277b10223ef6eb4ef1930a33b5922cb38cdbc08134fd700a9a4c4e456d59,,,"[[1776,1806],[1841,1869]]",Exact spatial line-cluster phrase,Original Compact Text,Legal framework dissemination plan,0.999,0.875472,0.778523,1.0,0.731183,High,Pass,Pending human review,,2026-08-04T20:56:08+00:00
ANC-CAM-060-01,CAM-060,DOC-CAM-WC-2026,Primary Evidence,Text Span,,"PDF p. 4, goals narrative",4,4,4,4,Narrative commitment,"Water for Planet The Government commits to protecting 450,000 hectares of agricultural land from flood and drought damage, developing a comprehensive flood management strategy that combines risk-informed land-use planning, physical infrastructure improvements, and nature-based solutions, and improving emergency response procedures.",water for planet the government commit to protect 450 000 hectare of agricultural land from flood and drought damage develop a comprehensive flood management strategy that combine riskinform landuse plann physical infrastructure improvement and naturebas solution and improv emergency response procedure,0e2f964ce5d5b7c1ec62ea7f5fc1ea745b5d32e53c477819bb0e8805f849cf1a,,,"[[1245,1261],[1262,1359],[1360,1448],[1449,1537],[1538,1578]]",Fuzzy token-window match,Original Compact Text,Develop comprehensive flood management strategy,0.999,1.0,1.0,1.0,0.906977,High,Pass,Pending human review,,2026-08-04T20:56:08+00:00
ANC-CAM-061-01,CAM-061,DOC-CAM-WC-2026,Primary Evidence,Text Span,,"PDF p. 4, goals narrative",4,4,4,4,Narrative commitment,"This commitment also recognizes groundwater as a strategic resource, promoting its sustainable assessment, protection, and conjunctive use with surface water to enhance climate resilience and year-round water security.",this commitment also recognize groundwater as a strategic resource promot its sustainable assessment protection and conjunctive use with surface water to enhance climate resilience and yearround water security,9310d8af776300d4ac10eccb3f2f9145e63a491595a27ee815592929e4f011ae,,,"[[1579,1627],[1628,1722],[1723,1797]]",Fuzzy token-window match,Standardized Candidate,"Strengthen sustainable groundwater assessment, protection, and conjunctive use",0.866323,0.923505,0.857881,1.0,0.681818,High,Pass,Pending human review,,2026-08-04T20:56:08+00:00
ANC-CAM-062-01,CAM-062,DOC-CAM-WC-2026,Primary Evidence,Text Span,,"PDF p. 8, roadmap narrative",8,8,8,8,Roadmap narrative,"The RGC commits to expanding urban flood drainage and wastewater development through city infrastructure master plans; introducing a dedicated wastewater law to reduce water pollution; strengthening policies for management of solid, liquid, gaseous, and hazardous wastes; and requiring wastewater treatment systems in Special Economic Zones.",the rgc commit to expand urban flood drainage and wastewater development through city infrastructure master plan introduc a dedicat wastewater law to reduce water pollution strengthen policy for management of solid liquid gaseou and hazardou waste and requir wastewater treatment system in special economic zone,7ec3df3527af6646b53f7740af6e2b68dbf13aa7fb803d98d2dbd047ec8d1948,,,"[[1667,1756],[1757,1851],[1852,1942],[1943,2008]]",Fuzzy token-window match,Original Compact Text,Introduce dedicated wastewater law,0.828921,0.836066,1.0,0.71831,0.821429,High,Pass,Pending human review,,2026-08-04T20:56:08+00:00
ANC-CAM-063-01,CAM-063,DOC-CAM-WC-2026,Primary Evidence,Text Span,,"PDF p. 8, roadmap narrative",8,8,8,8,Roadmap narrative,"Under Cambodia’s Third Nationally Determined Contribution (NDC 3.0), the RGC is committed to mainstreaming climate risk assessments, developing and implementing a climate-resilient and inclusive water supply and sanitation response framework, undertaking measures to enhance climate resilience, and promoting investments and climate financing for the development of climate- resilient, low-carbon water supply and sanitation infrastructures and systems.",under cambodia third nationally determin contribution ndc 3 0 the rgc is committ to mainstream climate risk assessment develop and implement a climateresilient and inclusive water supply and sanitation response framework undertak measure to enhance climate resilience and promot investment and climate financ for the development of climate resilient lowcarbon water supply and sanitation infrastructure and system,ebf81b5005be24f014811f6d6239a83fcec984cebafd4fd8d5e678565f0ed33b,,,"[[2009,2101],[2102,2193],[2194,2283],[2284,2383],[2384,2462]]",Fuzzy token-window match,Standardized Candidate,Adopt a climate-resilient and inclusive WSS response framework,0.818949,0.871481,0.86618,0.876847,0.768116,High,Pass,Pending human review,,2026-08-04T20:56:08+00:00
ANC-CAM-064-01,CAM-064,DOC-CAM-WC-2026,Primary Evidence,Text Span,,"PDF p. 8, roadmap narrative",8,8,8,8,Roadmap narrative,"The RGC also commits to enhancing the strategic role of the state while creating incentives for private sector investment in prioritized geographic locations, Special Economic Zones, industrial parks, clusters of micro/small/medium enterprises, and economic poles.",the rgc also commit to enhanc the strategic role of the state while creat incentive for private sector investment in prioritiz geographic location special economic zone industrial park cluster of microsmallmedium enterprise and economic pole,295833242210f15ecb5d782eec3c037aad1f445e53760a3544ec141e6c176509,,,"[[1150,1221],[1222,1316],[1317,1407],[1408,1414]]",Fuzzy token-window match,Standardized Candidate,Create incentives for private water-sector investment,0.725896,0.752412,1.0,0.603093,0.83871,Medium,Pass,Pending human review,,2026-08-04T20:56:08+00:00
ANC-CAM-065-01,CAM-065,DOC-CAM-WC-2026,Primary Evidence,Text Span,,"PDF p. 9, roadmap narrative",9,9,9,9,Roadmap narrative,"The Cambodia Climate Resilient and Integrated Water Resources Management (IWRM) Action Plan 2026-2030 commits to strengthening river basin governance across Cambodia's five priority basins including several that are hydrologically transboundary in nature, promoting multi-purpose water management, improving groundwater management and use and enhancing water governance financing.",the cambodia climate resilient and integrat water resource management iwrm action plan 20262030 commit to strengthen river basin governance across cambodia five priority basin includ several that are hydrologically transboundary in nature promot multipurpose water management improv groundwater management and use and enhanc water governance financ,4b7d6dd66267a7aca0d1fd02e71e455b4a19bfd3b53c5768fd55366643d06975,,,"[[1815,1876],[1877,1964],[1965,2062],[2063,2153],[2154,2195]]",Fuzzy token-window match,Original Compact Text,Strengthen governance across five basins,0.951505,0.948646,0.902309,1.0,0.657895,High,Pass,Pending human review,,2026-08-04T20:56:08+00:00
ANC-CAM-066-01,CAM-066,DOC-CAM-WC-2026,Primary Evidence,Text Span,,"PDF p. 9, roadmap narrative",9,9,9,9,Roadmap narrative,"The Cambodia Climate Resilient and Integrated Water Resources Management (IWRM) Action Plan 2026-2030 commits to strengthening river basin governance across Cambodia's five priority basins including several that are hydrologically transboundary in nature, promoting multi-purpose water management, improving groundwater management and use and enhancing water governance financing.",the cambodia climate resilient and integrat water resource management iwrm action plan 20262030 commit to strengthen river basin governance across cambodia five priority basin includ several that are hydrologically transboundary in nature promot multipurpose water management improv groundwater management and use and enhanc water governance financ,4b7d6dd66267a7aca0d1fd02e71e455b4a19bfd3b53c5768fd55366643d06975,,,"[[1815,1876],[1877,1964],[1965,2062],[2063,2153],[2154,2195]]",Fuzzy token-window match,Standardized Candidate,Enhance financing for water governance,0.715727,0.756066,0.843305,0.685185,0.666667,Medium,Pass,Pending human review,,2026-08-04T20:56:08+00:00
ANC-CAM-067-01,CAM-067,DOC-CAM-WC-2026,Exclusion Evidence,Table Cell/Row,,"PDF p. 5, Table 1",5,5,5,5,Target table,Increased access to safely managed,increas access to safely manag,5d634b1b4e65581cddb2f106792374fde4ac46f3054e6d43948a020d19fba969,100,134,"[[100,134]]",Fuzzy spatial line-cluster match,Original Compact Text,100% safely managed water,0.679383,0.692082,0.682081,0.702381,0.5,Medium,Pass,Pending human review,,2026-08-04T20:56:08+00:00
ANC-CAM-068-01,CAM-068,DOC-CAM-WC-2026,Exclusion Evidence,Table Cell/Row,,"PDF p. 5, Table 1",5,5,5,5,Target table,Increased access to safely managed sanitation service,increas access to safely manag sanitation service,239e2c475a64cc164846c0b9f188cb47d6dfbcfa9500d3889ff4bbcaeb1316d9,,,"[[173,207],[225,243]]",Fuzzy spatial line-cluster match,Original Compact Text,60% safely managed sanitation,0.738672,0.754857,0.712042,0.80315,0.64,Medium,Pass,Pending human review,,2026-08-04T20:56:08+00:00
ANC-CAM-069-01,CAM-069,DOC-CAM-WC-2026,Exclusion Evidence,Table Cell/Row,,"PDF p. 5, Table 1",5,5,5,5,Target table,Increased proportion of treated wastewater,increas proportion of treat wastewater,2bd56c0004f32252d09f3406231cb036c5faccacaed3b5dd9c50dff24ceea5fc,,,"[[244,275],[291,301]]",Fuzzy spatial line-cluster match,Original Compact Text,50% wastewater safely treated,0.593348,0.629712,0.720812,0.559055,0.34375,Medium,Pass,Pending human review,,2026-08-04T20:56:08+00:00
ANC-CAM-070-01,CAM-070,DOC-CAM-WC-2026,Exclusion Evidence,Text Span,,"PDF p. 4, goals narrative",4,4,4,4,Target narrative,"In addition, the RGC commits to ensure that 50% of municipal wastewater is safely treated through the expansion of wastewater infrastructure and service in major cities and secondary towns.4 Water for Food By 2030, the RGC, through the Ministry of Water Resources and Meteorology (MOWRAM), aims to achieve its target of bringing irrigated agricultural land up to 1.7 million hectares, benefitting an equivalent of 6.9 million people through modernized irrigation services and improved agricultural productivity,",in addition the rgc commit to ensure that 50 of municipal wastewater is safely treat through the expansion of wastewater infrastructure and service in major city and secondary town 4 water for food by 2030 the rgc through the ministry of water resource and meteorology mowram aims to achieve its target of bring irrigat agricultural land up to 1 7 million hectare benefitt an equivalent of 6 9 million people through moderniz irrigation service and improv agricultural productivity,3b6f657edddd1944eac7464fa7458e99ff57b666fc7bb3a0ba812a4e1fa4c173,,,"[[634,684],[685,778],[779,824],[825,839],[840,931],[932,1033],[1034,1131],[1132,1145]]",Fuzzy token-window match,Standardized Candidate,Expand irrigated agricultural land to 1.7 million hectares,0.761664,0.787913,0.927536,0.684825,0.895238,High,Pass,Pending human review,,2026-08-04T20:56:08+00:00
ANC-CAM-071-01,CAM-071,DOC-CAM-WC-2026,Exclusion Evidence,Text Span,,"PDF p. 4, goals narrative",4,4,4,4,Target narrative,"Water for Planet The Government commits to protecting 450,000 hectares of agricultural land from flood and drought damage, developing a comprehensive flood management strategy that combines risk-informed land-use planning, physical infrastructure improvements, and nature-based solutions, and improving emergency response procedures.",water for planet the government commit to protect 450 000 hectare of agricultural land from flood and drought damage develop a comprehensive flood management strategy that combine riskinform landuse plann physical infrastructure improvement and naturebas solution and improv emergency response procedure,0e2f964ce5d5b7c1ec62ea7f5fc1ea745b5d32e53c477819bb0e8805f849cf1a,,,"[[1245,1261],[1262,1359],[1360,1448],[1449,1537],[1538,1578]]",Fuzzy token-window match,Standardized Candidate,Protect agricultural land from flood and drought damage,0.909946,0.935972,0.87965,1.0,0.859375,High,Pass,Pending human review,,2026-08-04T20:56:08+00:00
ANC-CAM-072-01,CAM-072,DOC-CAM-WC-2026,Exclusion Evidence,Table Cell/Row,,"PDF p. 5, Table 1",5,5,5,5,Target table,"hydrological stations, 51 automated weather",hydrological station 51 automat weather,41dd39c9f21d2d7b5e62637f3c63d0c5614c49ed1a387b3d88fcbaaceaa15b9a,,,"[[802,824],[852,872]]",Fuzzy spatial line-cluster match,Standardized Candidate,Expand automated hydrological and weather stations,0.775538,0.870944,0.91654,0.82967,0.534884,High,Pass,Pending human review,,2026-08-04T20:56:08+00:00
ANC-CAM-073-01,CAM-073,DOC-CAM-WC-2026,Exclusion Evidence,Text Span,,"PDF pp. 8–9, roadmap narrative",8,9,8,8,Roadmap narrative,Expanding clean water networks as part of city infrastructure master plans is an explicit urban infrastructure commitment.,expand clean water network as part of city infrastructure master plan is an explicit urban infrastructure commitment,d825eeea65f2559f5242db0607e26f0ac50f7e258190f2ce5abb710314435136,,,"[[1544,1590],[1591,1666]]",Fuzzy token-window match,Original Compact Text,Expand clean-water networks,0.738117,0.696118,0.825397,0.601852,0.980392,Medium,Pass,Pending human review,,2026-08-04T20:56:08+00:00
ANC-CAM-074-01,CAM-074,DOC-CAM-WC-2026,Exclusion Evidence,Text Span,,"PDF p. 9, roadmap narrative",9,9,9,9,Roadmap narrative,irrigation investments to ensure water security for agriculture and rural development; and expanding,irrigation investment to ensure water security for agriculture and rural development and expand,21780a7404ee2c40eda81cf3c06828e43b9da8ba764025727474026e1c231326,1038,1138,"[[1038,1138]]",Exact spatial line-cluster phrase,Tier 2 Label,Irrigation investment,0.78925,0.675835,0.510386,1.0,0.362069,High,Pass,Pending human review,,2026-08-04T20:56:08+00:00
ANC-CAM-075-01,CAM-075,DOC-CAM-WC-2026,Exclusion Evidence,Text Span,,"PDF p. 11, Table 3",11,11,11,11,Activity roadmap,Update the National investment program modernizing medium and large multi-purpose irrigation,update the national investment program moderniz medium and large multipurpose irrigation,ac88d5a7c5b3a69ec81373cc8f5e7b5ea63078cef3ba06f715a550709dfc4b0a,,,"[[1353,1372],[1424,1442],[1490,1512],[1561,1591]]",Fuzzy spatial line-cluster match,Original Compact Text,Update national irrigation investment program,0.831869,0.845938,0.73301,1.0,0.511278,High,Pass,Pending human review,,2026-08-04T20:56:08+00:00
ANC-CAM-076-01,CAM-076,DOC-CAM-WC-2026,Exclusion Evidence,Text Span,,"PDF p. 11, Table 3",11,11,11,11,Activity roadmap,Conduct feasibility studies and engineering designs for,conduct feasibility study and engineer design for,ab579427f84d4857257e155be969287ef46edb52a21b8274e8102c256cebbe59,,,"[[1375,1406],[1443,1466]]",Exact spatial line-cluster phrase,Original Compact Text,Feasibility studies and engineering designs,0.999,0.95382,0.911717,1.0,0.860465,High,Pass,Pending human review,,2026-08-04T20:56:08+00:00
ANC-CAM-077-01,CAM-077,DOC-CAM-WC-2026,Duplicate/Sub-action Evidence,Text Span,,"PDF p. 13, Table 3",13,13,13,13,Activity roadmap,Construct a national data and information center,construct a national data and information center,3bb12499ce08de8caa80c0c643ef9d5b83a4e9b9eb9d7f7370c467ff06d9225f,,,"[[94,119],[177,199]]",Fuzzy spatial line-cluster match,Original Compact Text,Construct national data center,0.933695,0.933171,0.874715,1.0,0.769231,High,Pass,Pending human review,,2026-08-04T20:56:08+00:00
ANC-CAM-078-01,CAM-078,DOC-CAM-WC-2026,Duplicate/Sub-action Evidence,Text Span,,"PDF p. 12, Table 3",12,12,12,12,Activity roadmap,Deploy young professionals in,deploy young professional in,dec6f46dc52ddc0246fd29f557950c69e24a37e82a0df3f927cac86d64b78b37,1150,1179,"[[1150,1179]]",Exact spatial line-cluster phrase,Original Compact Text,Deploy young professionals,0.999,1.0,1.0,1.0,0.943396,High,Pass,Pending human review,,2026-08-04T20:56:08+00:00
ANC-CAM-079-01,CAM-079,DOC-CAM-WC-2026,Exclusion Evidence,Page Range,,"PDF pp. 14–22, Tables 4–5",14,22,16,16,Investment tables,Investment Project,investment project,4ed9c9ee578c6e0fbc12719d3650847ac13bf19cde0ed335bab8755f33c1d6d7,512,530,"[[512,530]]",Fuzzy spatial line-cluster match,Original Compact Text,Ongoing and pipeline investment projects,0.677683,0.712963,1.0,0.553957,0.666667,Medium,Pass,Pending human review,,2026-08-04T20:56:08+00:00
ANC-JAM-001-01,JAM-001,DOC-JAM-WC-2026,Primary Evidence,Text Span,,"PDF p. 3, Section 2.2",3,3,3,3,Target narrative,The key targets for water resources management are the following: (a) Integrated Water Resources Management (IWRM) - The Water Resources Advisory Committee (WRAC) will be established.,the key target for water resource management are the follow a integrat water resource management iwrm the water resource advisory committee wrac will be establish,37865a6813cfa3a25f2089595caf2a4802b2bcae9cc62f596f5689d5e1b067a4,,,"[[1719,1784],[1785,1864],[1865,1902]]",Fuzzy token-window match,Original Compact Text,Establish Water Resources Advisory Committee,0.999,1.0,1.0,1.0,0.868421,High,Pass,Pending human review,,2026-08-04T20:56:08+00:00
ANC-JAM-002-01,JAM-002,DOC-JAM-WC-2026,Primary Evidence,Text Span,,"PDF p. 4, Section 2.2",4,4,4,4,Target narrative,"This will be done to ensure accurate assessment of safe yield and climate change impacts Data Automation: It is planned to transition data collection from remote devices ii) to more labor-efficient, automated hydrological data collection systems using radar gauges and real-time monitoring.",this will be done to ensure accurate assessment of safe yield and climate change impact data automation it is plann to transition data collection from remote device ii to more laborefficient automat hydrological data collection system using radar gauge and realtime monitor,b672320c06b3bf5d7acf4ace95eb7b5179772dec69c0103473632a7d3c56a98e,,,"[[137,164],[165,225],[230,310],[226,229],[311,388],[389,427]]",Fuzzy token-window match,Original Compact Text,Automated hydrological data systems,0.972173,0.952871,0.909984,1.0,0.853333,High,Pass,Pending human review,,2026-08-04T20:56:08+00:00
ANC-JAM-003-01,JAM-003,DOC-JAM-WC-2026,Primary Evidence,Text Span,,"PDF p. 4, Section 2.2",4,4,4,4,Target narrative,Water Quality Analysis: WRA establish its own Water Quality Analysis iii) Laboratory and a water collection network and commence operating them by 2030.,water quality analysi wra establish its own water quality analysi iii laboratory and a water collection network and commence operat them by 2030,a6d4c2fda25d8687c8a0c2787ff2b2837171ce8e411aec87d7d528f0ea2f07b0,,,"[[433,501],[428,432],[502,574],[575,580]]",Fuzzy token-window match,Original Compact Text,WRA Water Quality Analysis Laboratory,0.947706,0.951881,0.90818,1.0,0.8,High,Pass,Pending human review,,2026-08-04T20:56:08+00:00
ANC-JAM-004-01,JAM-004,DOC-JAM-WC-2026,Primary Evidence,Text Span,,"PDF p. 4, Section 2.2",4,4,4,4,Target narrative,"(d) Climate Resilience and Environmental Protection Climate Mainstreaming: Integrate climate change adaptation into all IWRM i) objectives, specifically forecasting impacts on water quality and quantity to guide infrastructure design.",d climate resilience and environmental protection climate mainstream integrate climate change adaptation into all iwrm i objective specifically forecast impact on water quality and quantity to guide infrastructure design,285d4a84b229676faff12bf92083cae7e8bc9e10cfd307eaf9d622ae0366f330,,,"[[581,632],[636,708],[633,635],[709,792],[793,815]]",Fuzzy token-window match,Original Compact Text,Integrate climate adaptation into IWRM,0.945406,0.911717,0.837758,1.0,0.873563,High,Pass,Pending human review,,2026-08-04T20:56:08+00:00
ANC-JAM-005-01,JAM-005,DOC-JAM-WC-2026,Primary Evidence,Text Span,,"PDF p. 4, Section 2.2",4,4,4,4,Target narrative,"Watershed Protection: Establish protective measures for the 26 Watershed ii) Management Units (WMUs) and identify high-priority, sensitive water bodies for enhanced conservation.",watersh protection establish protective measure for the 26 watersh ii management unit wmus and identify highpriority sensitive water body for enhanc conservation,19bb570b117a46017e1795eb9ea8f650111d4ba06d3894b5ce4fd643dde2d43f,,,"[[820,892],[816,819],[893,971],[972,994]]",Fuzzy token-window match,Standardized Candidate,Establish protective measures for all 26 Watershed Management Units,0.893378,0.942263,1.0,0.89083,0.952381,High,Pass,Pending human review,,2026-08-04T20:56:08+00:00
ANC-JAM-006-01,JAM-006,DOC-JAM-WC-2026,Primary Evidence,Text Span,,"PDF p. 5, Section 2.3",5,5,5,5,Target narrative,(e) Strengthen the management of septage to reduce environmental harm and risks to public health.,e strengthen the management of septage to reduce environmental harm and risk to public health,ed07903acbf693eeedc7354479420031a3d69562522af18655d75bdc24fee79c,,,"[[1447,1536],[1537,1544]]",Fuzzy token-window match,Original Compact Text,Strengthen septage management,0.962202,1.0,1.0,1.0,0.738462,High,Pass,Pending human review,,2026-08-04T20:56:08+00:00
ANC-JAM-007-01,JAM-007,DOC-JAM-WC-2026,Primary Evidence,Text Span,,"PDF p. 6, Section 2.4",6,6,6,6,Target narrative,GOJ undertakes to further explore the implementation of cost-recovery tariffs to iii) reduce the National Irrigation Commission’s (NIC) dependence on government subsidies (which currently cover a significant portion of National Irrigation Commission revenue).,goj undertake to further explore the implementation of costrecovery tariff to iii reduce the national irrigation commission nic dependence on government subsidy which currently cover a significant portion of national irrigation commission revenue,3c50c322de39a4da3f2f03d589484870e7d33cc5b1204545b342a8d0242e3ba4,,,"[[502,582],[497,501],[583,657],[658,735],[736,756]]",Fuzzy token-window match,Standardized Candidate,Develop cost-recovery tariffs for irrigation services,0.763487,0.837447,0.899452,0.783439,0.640777,High,Pass,Pending human review,,2026-08-04T20:56:08+00:00
ANC-JAM-008-01,JAM-008,DOC-JAM-WC-2026,Primary Evidence,Text Span,,"PDF p. 6, Section 3.1",6,6,6,6,Infrastructure roadmap,"3.1 National Objectives for Infrastructure Development The Government will prioritize investments in: (a) NRW Reduction: Carrying out activities to aggressively reduce the unacceptably high level of NRW, by implementing performance-based contracts that leverage private sector expertise and link funds to actual gains on the ground will be maximized; as well as capital-intensive main replacement projects.",3 1 national objective for infrastructure development the government will prioritize investment in a nrw reduction carry out activity to aggressively reduce the unacceptably high level of nrw by implement performancebas contract that leverage private sector expertise and link fund to actual gain on the ground will be maximiz as well as capitalintensive main replacement project,854feae53ecf782f6166c3b19e2e7c80539a0516684af3a99ab18b9f02478c47,,,"[[1136,1190],[1191,1237],[1238,1325],[1326,1412],[1413,1497],[1498,1542]]",Fuzzy token-window match,Original Compact Text,NRW performance-based contracts,0.973003,1.0,1.0,1.0,0.80597,High,Pass,Pending human review,,2026-08-04T20:56:08+00:00
ANC-JAM-009-01,JAM-009,DOC-JAM-WC-2026,Primary Evidence,Text Span,,"PDF p. 6, Section 3.1",6,6,6,6,Infrastructure roadmap,NWC staff and the institutionalizing of world class NRW management practices in NWC’s operation.,nwc staff and the institutionaliz of world class nrw management practice in nwcs operation,2d1a60127784c6bbf03d6f942e3cd13201f2dd624eae2e23a1d7947be647ae14,,,"[[1585,1664],[1665,1681]]",Exact spatial line-cluster phrase,Verified PDF locator hint,institutionalizing of world class NRW management practices in NWC’s operation,0.999,0.95382,0.911717,1.0,0.888889,High,Pass,Pending human review,,2026-08-04T20:56:08+00:00
ANC-JAM-010-01,JAM-010,DOC-JAM-WC-2026,Primary Evidence,Text Span,,"PDF p. 7, Section 3.2",7,7,7,7,Institutional reform section,"3.2 National Objectives for Water Sector Institutional Reform GOJ will pursue institutional reforms to strengthen policy implementation, regulation, and coordination, including: (a) Strengthening water sector governance and inter-agency coordination mechanisms.",3 2 national objective for water sector institutional reform goj will pursue institutional reform to strengthen policy implementation regulation and coordination includ a strengthen water sector governance and interagency coordination mechanism,c429842e595528f05b8dbf83a44281f581ebb44de167e56b9671128bc8ced7c2,,,"[[198,259],[260,350],[351,375],[376,459]]",Fuzzy token-window match,Original Compact Text,Strengthen governance and coordination,0.94827,0.930468,0.869976,1.0,0.701299,High,Pass,Pending human review,,2026-08-04T20:56:08+00:00
ANC-JAM-011-01,JAM-011,DOC-JAM-WC-2026,Primary Evidence,Text Span,,"PDF p. 7, Section 3.2",7,7,7,7,Institutional reform section,(b) Strengthening and operationalizing basin-level water resources management institutions and planning arrangements across Jamaica’s 26 Watershed Management Areas.,b strengthen and operationaliz basinlevel water resource management institution and plann arrangement across jamaica 26 watersh management area,8bce662e3bd15fb278167c5b1c665ef8e6616c0a25ad7d08306ca3bd91f803b0,,,"[[460,550],[551,624]]",Fuzzy token-window match,Tier 2 Label,Basin-level institutions and planning,0.689774,0.894837,0.809689,1.0,0.711111,Medium,Pass,Pending human review,,2026-08-04T20:56:08+00:00
ANC-JAM-012-01,JAM-012,DOC-JAM-WC-2026,Primary Evidence,Text Span,,"PDF p. 7, Section 3.2",7,7,7,7,Institutional reform section,"(c) GOJ will focus on enhancing institutional, financing and policy measures for the long-",c goj will focu on enhanc institutional financ and policy measure for the long,d7cf256c78e018ccc5b6d90342da8fdfe6b382e3dc884c1cd209a4a7c618b14b,625,715,"[[625,715]]",Exact spatial line-cluster phrase,Original Compact Text,"Institutional, financing and policy measures",0.999,0.843305,0.729064,1.0,0.666667,High,Pass,Pending human review,,2026-08-04T20:56:08+00:00
ANC-JAM-013-01,JAM-013,DOC-JAM-WC-2026,Primary Evidence,Text Span,,"PDF p. 7, Section 3.2",7,7,7,7,Institutional reform section,"These include: Office of Utility Regulation (OUR), the economic and service regulator, to i) improve tariff methodology, financial sustainability oversight, and regulation of water supply, sewerage and irrigation services.",these include office of utility regulation our the economic and service regulator to i improve tariff methodology financial sustainability oversight and regulation of water supply sewerage and irrigation service,33d1f8833dd0c5caa15aa3ca9538101b02353a3a8f02f3d8514999e7fda46950,,,"[[1222,1227],[1228,1236],[1240,1314],[1237,1239],[1315,1396],[1397,1444]]",Fuzzy token-window match,Standardized Candidate,Strengthen OUR water-sector economic and service regulation,0.780694,0.823094,0.909984,0.751351,0.785047,High,Pass,Pending human review,,2026-08-04T20:56:08+00:00
ANC-JAM-014-01,JAM-014,DOC-JAM-WC-2026,Primary Evidence,Text Span,,"PDF p. 7, Section 3.2",7,7,7,7,Institutional reform section,"National Environment and Planning Agency (NEPA), the environment regulator, ii) to strengthen oversight of the operations of wastewater treatment facilities and the quality of the effluent discharges from these facilities.",national environment and plann agency nepa the environment regulator ii to strengthen oversight of the operation of wastewater treatment facility and the quality of the effluent discharge from these facility,7d803defb23ccc1017109669524ae935634d274a3d12023bf32502897ef1926b,,,"[[1449,1524],[1445,1448],[1525,1609],[1610,1667]]",Fuzzy token-window match,Standardized Candidate,Strengthen NEPA oversight of wastewater treatment and effluent,0.74691,0.828479,0.795031,0.864865,0.682635,Medium,Pass,Pending human review,,2026-08-04T20:56:08+00:00
ANC-JAM-015-01,JAM-015,DOC-JAM-WC-2026,Primary Evidence,Text Span,,"PDF p. 7, Section 3.2",7,7,7,7,Institutional reform section,"Water Resources Authority (WRA), the water abstraction regulator, to ensure the iii) optimal use of the country’s water resources.",water resource authority wra the water abstraction regulator to ensure the iii optimal use of the country water resource,1d2a457f77ee91990e578bd5ef20845130df77278b8a7f5aa8504acc725ad60e,,,"[[1673,1752],[1668,1672],[1753,1798]]",Fuzzy token-window match,Original Compact Text,WRA abstraction regulation,0.719156,0.767568,1.0,0.622807,0.588235,Medium,Pass,Pending human review,,2026-08-04T20:56:08+00:00
ANC-JAM-016-01,JAM-016,DOC-JAM-WC-2026,Primary Evidence,Text Span,,"PDF p. 7, Section 3.2",7,7,7,7,Institutional reform section,"Ministry of Health, to provide effective oversight of drinking water quality and iv) the use of sanitation facilities.",ministry of health to provide effective oversight of drink water quality and iv the use of sanitation facility,2ec668a79fa5af3616b662f2c25548560054853442d5a3db5851079934fe0030,,,"[[1803,1883],[1799,1802],[1884,1917]]",Fuzzy spatial line-cluster match,Standardized Candidate,Strengthen Ministry of Health oversight of drinking water and sanitation,0.815529,0.838899,0.722503,1.0,0.648045,High,Pass,Pending human review,,2026-08-04T20:56:08+00:00
ANC-JAM-017-01,JAM-017,DOC-JAM-WC-2026,Primary Evidence,Text Span,,"PDF p. 7, Section 3.2",7,7,7,7,Institutional reform section,"(e) Strengthening data systems, monitoring, and analytical capacity to support evidence- based water management.",e strengthen data system monitor and analytical capacity to support evidence bas water management,f418a1045fd6658bfb08bf074d4038c0844870f5f67f6d62bfb35c005535a590,,,"[[1918,2006],[2007,2030]]",Fuzzy token-window match,Standardized Candidate,"Strengthen sector data systems, monitoring, and analytical capacity",0.971558,1.0,1.0,1.0,0.923077,High,Pass,Pending human review,,2026-08-04T20:56:08+00:00
ANC-JAM-018-01,JAM-018,DOC-JAM-WC-2026,Primary Evidence,Text Span,,"PDF p. 8, Section 3.4",8,8,8,8,Policy and governance reform list,"These will include: • Legislation that defines the policy and regulatory framework for the entire water sector as first postulated in the 2004 Water Policy, to address the changing nature of the Jamaican water industry.",these will include legislation that define the policy and regulatory framework for the entire water sector as first postulat in the 2004 water policy to address the chang nature of the jamaican water industry,e9cb8c2fe44440559c18185b206dc69b87d502b2d0062aa476e0df66343d07d6,,,"[[2495,2514],[2515,2516],[2517,2598],[2599,2682],[2683,2714]]",Fuzzy token-window match,Original Compact Text,Sector-wide policy and regulatory legislation,0.754958,0.808762,0.897196,0.736196,0.55914,Medium,Pass,Pending human review,,2026-08-04T20:56:08+00:00
ANC-JAM-019-01,JAM-019,DOC-JAM-WC-2026,Primary Evidence,Text Span,,"PDF pp. 8–9, Section 3.4",8,9,8,8,Policy and governance reform list,"• The establishment of an institution that is responsible for the provision of weather, climate, and agro-meteorological services to support areas such as 7",the establishment of an institution that is responsible for the provision of weather climate and agrometeorological service to support area such as 7,fae3da3f335808fbc89dd29ff8fdec592227332288aebfe8a0c2908ab0109fb8,,,"[[2715,2716],[2717,2793],[2794,2869],[2870,2871]]",Fuzzy token-window match,Standardized Candidate,"Establish an institution for weather, climate, and agrometeorological services",0.886167,0.938685,0.884454,1.0,0.712644,High,Pass,Pending human review,,2026-08-04T20:56:08+00:00
ANC-JAM-020-01,JAM-020,DOC-JAM-WC-2026,Primary Evidence,Text Span,,"PDF p. 9, Section 3.4",9,9,9,9,Policy and governance reform list,"• Amendments to the Office of Utilities Regulation Act and the Irrigation Amendment Act (1998) to transfer the regulation of irrigation services from NIC to OUR, and to provide for operational management of irrigation systems by Water User Associations.",amendment to the office of utility regulation act and the irrigation amendment act 1998 to transfer the regulation of irrigation service from nic to our and to provide for operational management of irrigation system by water user association,17ecd143f45ac9c7101f089038b27ac09503a1e1d5a092352728adffa37493ec,,,"[[127,128],[129,200],[201,280],[281,355],[356,380]]",Fuzzy token-window match,Original Compact Text,Transfer irrigation regulation to OUR,0.88273,0.914992,0.843305,1.0,0.612245,High,Pass,Pending human review,,2026-08-04T20:56:08+00:00
ANC-JAM-021-01,JAM-021,DOC-JAM-WC-2026,Primary Evidence,Text Span,,"PDF p. 9, Section 3.4",9,9,9,9,Policy and governance reform list,Water User Associations.,water user association,f68f176ab134768daa67cd8a98c3700009202c21dbcba2713470b7010a96cd7a,356,380,"[[356,380]]",Fuzzy spatial line-cluster match,Original Compact Text,Water User Association operations,0.767313,0.78022,1.0,0.63964,0.814815,High,Pass,Pending human review,,2026-08-04T20:56:08+00:00
ANC-JAM-022-01,JAM-022,DOC-JAM-WC-2026,Primary Evidence,Text Span,,"PDF p. 9, Section 3.4",9,9,9,9,Policy and governance reform list,"• Amendments to the Floodwater Control Act (1958) and Water Resources Act (1995), to define the role of the Water Resources Authority (WRA) and the National Works Agency (NWA) in flood water management.",amendment to the floodwater control act 1958 and water resource act 1995 to define the role of the water resource authority wra and the national work agency nwa in flood water management,d968294f9d70c831f24dc6305d7defd75f57650902f7f835ffc2c6be85aec0ad,,,"[[381,382],[383,454],[455,528],[529,583]]",Fuzzy token-window match,Original Compact Text,Clarify WRA and NWA flood roles,0.611009,0.643299,0.739336,0.569343,0.453333,Medium,Pass,Pending human review,,2026-08-04T20:56:08+00:00
ANC-JAM-023-01,JAM-023,DOC-JAM-WC-2026,Primary Evidence,Text Span,,"PDF p. 9, Section 3.4",9,9,9,9,Policy and governance reform list,"• Establishing legislation that recognizes the role of the Ministry of Health in regulating drinking, and addresses surveillance and monitoring of drinking water supplies.",establish legislation that recognize the role of the ministry of health in regulat drink and addresse surveillance and monitor of drink water supply,d76abdd045f1748f0de0b7988b5690c7e65c97d60305db318602203eefe7991d,,,"[[584,585],[586,664],[665,745],[746,755]]",Fuzzy token-window match,Original Compact Text,Legislation recognizing MoH regulatory role,0.597047,0.544583,0.837758,0.403409,0.746667,Medium,Pass,Pending human review,,2026-08-04T20:56:08+00:00
ANC-JAM-024-01,JAM-024,DOC-JAM-WC-2026,Primary Evidence,Text Span,,"PDF p. 9, Section 4",9,9,9,9,Implementation monitoring,"4 Implementation Monitoring The Ministry of Water, Environment and Climate Change will monitor the progress of implementing the Water Compact, largely based on the monitoring and evaluation framework (M&E Framework) that was developed following the promulgation of the 2019 Water Policy. This M&E Framework will be refined to further allow policy learning and mid-course correction.",4 implementation monitor the ministry of water environment and climate change will monitor the progress of implement the water compact largely bas on the monitor and evaluation framework m e framework that was develop follow the promulgation of the 2019 water policy this m e framework will be refin to further allow policy learn and midcourse correction,042c1320d6356fba5b3ceb4dd788cec11f0df87df4285dc7126e94559d8c81e3,,,"[[756,757],[758,783],[784,866],[867,955],[956,1043],[1044,1138]]",Fuzzy token-window match,Original Compact Text,Refine Water Policy M&E Framework,0.803088,0.820809,1.0,0.696078,0.793651,High,Pass,Pending human review,,2026-08-04T20:56:08+00:00
ANC-JAM-025-01,JAM-025,DOC-JAM-WC-2026,Duplicate/Sub-action Evidence,Text Span,,"PDF p. 9, Section 4",9,9,9,9,Implementation monitoring,"• Institutional responsibilities: Designation of responsible entities for data collection, consolidation, and reporting, under overall coordination led by the IWRMC.",institutional responsibility designation of responsible entity for data collection consolidation and report under overall coordination led by the iwrmc,09bf42997c8b87aa17bdf3536d53844457cb9cf55be89a5b10e0a0ac11044488,,,"[[1948,1949],[1950,2026],[2027,2106],[2107,2113]]",Fuzzy token-window match,Tier 2 Label,Compact reporting,0.755883,1.0,1.0,1.0,0.666667,Medium,Pass,Pending human review,,2026-08-04T20:56:08+00:00
ANC-JAM-026-01,JAM-026,DOC-JAM-WC-2026,Primary Evidence,Text Span,,"PDF p. 9, Section 4",9,9,9,9,Implementation monitoring,"• Institutional responsibilities: Designation of responsible entities for data collection, consolidation, and reporting, under overall coordination led by the IWRMC.",institutional responsibility designation of responsible entity for data collection consolidation and report under overall coordination led by the iwrmc,09bf42997c8b87aa17bdf3536d53844457cb9cf55be89a5b10e0a0ac11044488,,,"[[1948,1949],[1950,2026],[2027,2106],[2107,2113]]",Fuzzy token-window match,Standardized Candidate,Assign institutional responsibilities for Compact data and reporting,0.708826,0.765708,0.703344,0.840206,0.564706,Medium,Pass,Pending human review,,2026-08-04T20:56:08+00:00
ANC-JAM-027-01,JAM-027,DOC-JAM-WC-2026,Primary Evidence,Text Span,,"PDF p. 10, Section 4",10,10,10,10,Implementation monitoring,"It is planned to enhance data integration among key Ministries, Department and Agencies such as MWECC, MSETT, MoFP, NWC, RWSL, WRA, NEPA.",it is plann to enhance data integration among key ministry department and agency such as mwecc msett mofp nwc rwsl wra nepa,effebdbd8071870ecfaf0d18fad7730af20bdf6796da641896d5045c6d8eb788,,,"[[0,92],[93,137]]",Fuzzy token-window match,Original Compact Text,Enhance inter-agency data integration,0.806445,0.820312,1.0,0.695364,0.761905,High,Pass,Pending human review,,2026-08-04T20:56:08+00:00
ANC-JAM-028-01,JAM-028,DOC-JAM-WC-2026,Primary Evidence,Text Span,,"PDF p. 10, Section 5",10,10,10,10,Government commitment,"We will foster an environment of stakeholder participation, ensuring that women, youth, and vulnerable groups have a voice in water management.",we will foster an environment of stakeholder participation ensur that women youth and vulnerable group have a voice in water management,907a1bb9ea874cac464769bb00d5a19e06690be6ed91334c9bd9e6088b7700a5,,,"[[350,430],[431,493]]",Fuzzy token-window match,Original Compact Text,"Women, youth and vulnerable voices",0.950882,0.948646,0.902309,1.0,0.831169,High,Pass,Pending human review,,2026-08-04T20:56:08+00:00
ANC-JAM-029-01,JAM-029,DOC-JAM-WC-2026,Exclusion Evidence,Text Span,,"PDF p. 2, overall target",2,2,2,2,Reform aspiration,"1 Overall Target Statement As stated in the 2019 Water Policy, GOJ aims to achieve universal access to safe, reliable, and affordable potable water and adequate sanitation by 2030.",1 overall target statement as stat in the 2019 water policy goj aims to achieve universal access to safe reliable and affordable potable water and adequate sanitation by 2030,7ea9e02bfbd6d1d3c5b0c4651abcd7165af670ed62787be659077048b25d52bf,,,"[[1225,1226],[1227,1251],[1252,1347],[1348,1405]]",Fuzzy token-window match,Original Compact Text,Universal safe and affordable water,0.903637,0.887064,0.797048,1.0,0.698795,High,Pass,Pending human review,,2026-08-04T20:56:08+00:00
ANC-JAM-030-01,JAM-030,DOC-JAM-WC-2026,Exclusion Evidence,Table Cell/Row,,"PDF p. 5, Section 2.3",5,5,5,5,Target table/narrative,"(a) Reducing NWC’s non-revenue water (NRW) levels from its current 75% of water production to at most 65% by 2030, through proactive and sustained NRW activities. By 2040, the target is to reduce NRW to at most 30% throughout NWC’s operations. This",a reduc nwcs nonrevenue water nrw level from its current 75 of water production to at most 65 by 2030 through proactive and sustain nrw activity by 2040 the target is to reduce nrw to at most 30 throughout nwcs operation this,03468372c6209dbb0e9e4ebdde57dc6f38140b26b20728c4952b6161b496cf7f,,,"[[125,204],[205,290],[291,373]]",Exact spatial line-cluster phrase,Verified PDF locator hint,"Reducing NWC’s non-revenue water (NRW) levels from its current 75% of water production to at most 65% by 2030, through proactive and sustained NRW activities. By 2040, the target is to reduce NRW to at most 30% throughout NWC’s operations.",0.999,1.0,1.0,1.0,0.984199,High,Pass,Pending human review,,2026-08-04T20:56:08+00:00
ANC-JAM-031-01,JAM-031,DOC-JAM-WC-2026,Exclusion Evidence,Table Cell/Row,,"PDF p. 5, Section 2.3",5,5,5,5,Target table/narrative,"(b) Improving energy efficiency and installing renewable energy systems, to contribute to the alignment of the water sector with the targets agreed for Nationally Appropriate Mitigation Actions for this sector (Water Sector NAMAs), which are the following:",b improv energy efficiency and install renewable energy system to contribute to the alignment of the water sector with the target agre for nationally appropriate mitigation action for this sector water sector nama which are the follow,fdaa3c7a01cd82816e5b53b5a2b1b1a850f04dcd38eccca2e2f8ce2552b5ac23,,,"[[529,622],[623,703],[704,785]]",Exact spatial line-cluster phrase,Verified PDF locator hint,"Improving energy efficiency and installing renewable energy systems, to contribute to the alignment of the water sector with the targets agreed for Nationally Appropriate Mitigation Actions for this sector (Water Sector NAMAs), which are the following:",0.999,1.0,1.0,1.0,0.995708,High,Pass,Pending human review,,2026-08-04T20:56:08+00:00
ANC-JAM-032-01,JAM-032,DOC-JAM-WC-2026,Exclusion Evidence,Table Cell/Row,,"PDF p. 5, Section 2.3",5,5,5,5,Target table/narrative,(c) Expanding sewerage coverage to increase persons connected to the sewer connection,c expand sewerage coverage to increase person connect to the sewer connection,a689141049ab6530b7a4a547b9a8c29de49b8de6c02168938f3c39b547427ed0,1024,1109,"[[1024,1109]]",Exact spatial line-cluster phrase,Original Compact Text,Expand sewerage coverage,0.999,0.753363,0.604317,1.0,0.475248,High,Pass,Pending human review,,2026-08-04T20:56:08+00:00
ANC-JAM-033-01,JAM-033,DOC-JAM-WC-2026,Exclusion Evidence,Text Span,,"PDF pp. 5–6, Section 2.4",5,6,5,5,Target narrative,"About 205,000 hectares of land have been identified as suitable for irrigation. (b) Efficiency and Technology Targets GOJ is committed to transition from traditional surface furrow irrigation (which i) currently accounts for 75-80% of systems) to more efficient sprinkler and drip irrigation.",about 205 000 hectare of land have been identifi as suitable for irrigation b efficiency and technology target goj is committ to transition from traditional surface furrow irrigation which i currently account for 7580 of system to more efficient sprinkler and drip irrigation,cb58fade1b5e6a0f859c52913d645d85444f7c2f6ce2ec115642a0ede7f7246b,,,"[[1979,2033],[2034,2058],[2059,2096],[2100,2180],[2097,2099],[2181,2259],[2260,2271]]",Fuzzy token-window match,Original Compact Text,Efficient irrigation technologies,0.715963,0.761905,0.862155,0.68254,0.608696,Medium,Pass,Pending human review,,2026-08-04T20:56:08+00:00
ANC-JAM-034-01,JAM-034,DOC-JAM-WC-2026,Exclusion Evidence,Text Span,,"PDF p. 6, Section 2.4",6,6,6,6,Target narrative,"(c) Resource Augmentation and Sustainability It is planned to further explore the reuse of treated wastewater effluent for i) irrigation, particularly from facilities like the Soapberry Treatment Plant, which could serve as a source for the Lower Rio Cobre region.",c resource augmentation and sustainability it is plann to further explore the reuse of treat wastewater effluent for i irrigation particularly from facility like the soapberry treatment plant which could serve as a source for the lower rio cobre region,a2c107897f5a485b158ccd2226ae3dd0e0a9d2347a04928f4711d808b42e1e0d,,,"[[0,44],[48,125],[45,47],[126,208],[209,264]]",Fuzzy token-window match,Original Compact Text,Wastewater reuse and aquifer recharge,0.589179,0.62624,0.837758,0.5,0.30303,Medium,Pass,Pending human review,,2026-08-04T20:56:08+00:00
ANC-JAM-035-01,JAM-035,DOC-JAM-WC-2026,Primary Evidence,Text Span,,"PDF p. 7, Section 3.1",7,7,7,7,Infrastructure roadmap,(e) Rural Water Master Plan: Developing technical solutions to provide water supply to,e rural water master plan develop technical solution to provide water supply to,503140ab5787f1c20379a57be2e95abb10c8f5ec0990bfc380d867ece1a34243,0,86,"[[0,86]]",Exact spatial line-cluster phrase,Original Compact Text,Rural Water Master Plan,0.999,0.753363,0.604317,1.0,0.45098,High,Pass,Pending human review,,2026-08-04T20:56:08+00:00
ANC-JAM-036-01,JAM-036,DOC-JAM-WC-2026,Exclusion Evidence,Text Span,,"PDF pp. 6–7, Section 3.1",6,7,6,6,Infrastructure roadmap,3.1 National Objectives for Infrastructure Development The Government will prioritize investments in:,3 1 national objective for infrastructure development the government will prioritize investment in,a25fec0dd990b19dcc05e956ce5fcdb565618cc51e7b990b441f819644fad23c,,,"[[1136,1190],[1191,1237]]",Fuzzy spatial line-cluster match,Tier 2 Label,Infrastructure investment,0.575975,0.780876,0.640523,1.0,0.409836,Low,Needs targeted review,Pending human review,,2026-08-04T20:56:08+00:00
ANC-JAM-037-01,JAM-037,DOC-JAM-WC-2026,Exclusion Evidence,Text Span,,"PDF pp. 7–8, Section 3.3",7,8,7,7,Investment section,"3.3 National Investment Needs To achieve these targets, Jamaica requires a mobilization of significant capital.",3 3 national investment need to achieve these target jamaica require a mobilization of significant capital,8794401484fbfd26dd9ff6697c870e1890820a3fc85071658287be86b3e5274c,,,"[[2031,2060],[2061,2142]]",Fuzzy token-window match,Original Compact Text,US$5 billion investment need,0.686971,0.697436,1.0,0.535433,0.690909,Medium,Pass,Pending human review,,2026-08-04T20:56:08+00:00
ANC-JAM-038-01,JAM-038,DOC-JAM-WC-2026,Exclusion Evidence,Text Span,,"PDF p. 8, Section 3.3",8,8,8,8,Investment section,The GOJ is keen to have some of its investment done through PPP arrangements.,the goj is keen to have some of its investment done through ppp arrangement,b085c5ea306ca31c516525546ae94e2c490dade9e7cb740431fa4b983a661598,1348,1425,"[[1348,1425]]",Fuzzy token-window match,Original Compact Text,PPP investment transactions,0.658022,0.694764,0.831804,0.596491,0.490566,Medium,Pass,Pending human review,,2026-08-04T20:56:08+00:00
ANC-JAM-039-01,JAM-039,DOC-JAM-WC-2026,Exclusion Evidence,Text Span,,"PDF p. 10, Section 5",10,10,10,10,Government commitment,"youth, and vulnerable groups have a voice in water management. We commit to transparency and accountability in the execution of the Implementation Plan and the sustainable management",youth and vulnerable group have a voice in water management we commit to transparency and accountability in the execution of the implementation plan and the sustainable management,2c05b60b41ad3f419e960e7316d420838ba9091327575653a7e4659674cff7b5,,,"[[431,519],[520,613]]",Exact spatial line-cluster phrase,Original Compact Text,Transparency and accountability,0.99,0.578984,0.407444,1.0,0.295238,High,Pass,Pending human review,,2026-08-04T20:56:08+00:00
ANC-JAM-040-01,JAM-040,DOC-JAM-WC-2026,Exclusion Evidence,Text Span,,"PDF p. 10, Section 6",10,10,10,10,Implementation arrangements,"Overall coordination of the Water Compact 2030 will be led by the Ministry of Water Environment and Climate Change, through its Water Policy and Monitoring Branch. There will",overall coordination of the water compact 2030 will be led by the ministry of water environment and climate change through its water policy and monitor branch there will,6c3e300a3b33eecbe6646b3f0f4d70c48de12fdc1b1e2f169f68cdb88096044a,,,"[[678,761],[762,852]]",Exact spatial line-cluster phrase,Verified PDF locator hint,Overall coordination of the Water Compact 2030 will be led by the Ministry of Water Environment and Climate Change,0.999,0.910859,0.83631,1.0,0.805654,High,Pass,Pending human review,,2026-08-04T20:56:08+00:00
ANC-SLE-001-01,SLE-001,DOC-SLE-WC-2026,Primary Evidence,Table Cell/Row,,"PDF p. 9, Table 1",9,9,9,9,Target table,Establish and operationalize 2 transboundary basin authorities (Moa Makona and Great Scarcies),establish and operationalize 2 transboundary basin authority moa makona and great scarcy,be2143d44f80f981cf930be97b1a9669246abe9cb006539a7b23a247a65f7c34,,,"[[1740,1790],[1812,1855]]",Fuzzy spatial line-cluster match,Standardized Candidate,Establish and operationalize two transboundary basin authorities,0.754916,0.788732,0.717949,0.875,0.786667,Medium,Pass,Pending human review,,2026-08-04T20:56:08+00:00
ANC-SLE-002-01,SLE-002,DOC-SLE-WC-2026,Primary Evidence,Table Cell/Row,,"PDF p. 9, Table 1",9,9,9,9,Target table,"Protect and legally enforce 3,500 ha of priority buffer zones, focusing on Western Area Peninsula National Park",protect and legally enforce 3 500 ha of priority buffer zone focus on western area peninsula national park,182383d3c1a6439b820fc7d59c49e5fdd84779e0e92ac41adf08607f4e6d3d13,,,"[[1866,1921],[1946,2001]]",Fuzzy spatial line-cluster match,Verified PDF locator hint,"Protect and legally enforce 3,500 ha of priority buffer zones, focusing on Western Area Peninsula National Park",0.924551,0.915869,0.961885,0.874055,0.995261,High,Pass,Pending human review,,2026-08-04T20:56:08+00:00
ANC-SLE-003-01,SLE-003,DOC-SLE-WC-2026,Primary Evidence,Table Cell/Row,,"PDF p. 9, Table 1",9,9,9,9,Target table,Create and operationalize 5 Basin Boards,create and operationalize 5 basin board,a8c22a742a8d14a9544c607c9d8a73fcad7ec4ef32b823e27ed7d8a317600ee1,2183,2223,"[[2183,2223]]",Fuzzy spatial line-cluster match,Standardized Candidate,Create and operationalize five Basin Boards,0.84831,0.879938,0.911717,0.850299,0.938272,High,Pass,Pending human review,,2026-08-04T20:56:08+00:00
ANC-SLE-004-01,SLE-004,DOC-SLE-WC-2026,Primary Evidence,Table Cell/Row,,"PDF p. 9, Table 1",9,9,9,9,Target table,2 offices (2024) Operationalize 1 additional regional WRM office (Kenema),2 office 2024 operationalize 1 additional regional wrm office kenema,4647fa34c42566d60a47924cd116d71a6a42b96302998e8b002ad7b45479e325,2238,2311,"[[2238,2311]]",Exact spatial line-cluster phrase,Original Compact Text,Additional regional WRM office,0.999,0.731675,0.576882,1.0,0.612245,High,Pass,Pending human review,,2026-08-04T20:56:08+00:00
ANC-SLE-005-01,SLE-005,DOC-SLE-WC-2026,Primary Evidence,Table Cell/Row,,"PDF p. 9, Table 1",9,9,9,9,Target table,Mobilize USD 10 million through the Western Area Peninsula Water Fund,mobilize usd 10 million through the western area peninsula water fund,343f87feccac92d8d0fc42fe82f355eb1d1e646898bbd4e8dec183f8fbc46869,,,"[[2355,2413],[2431,2441]]",Exact spatial line-cluster phrase,Original Compact Text,Western Area Peninsula Water Fund,0.999,0.818482,0.692737,1.0,0.647059,High,Pass,Pending human review,,2026-08-04T20:56:08+00:00
ANC-SLE-006-01,SLE-006,DOC-SLE-WC-2026,Primary Evidence,Text Span,,"PDF p. 10, Priority Action 2",10,10,10,10,Narrative priority action,"To address fragmentation, this initiative will formalize inter-agency coordination and reorganize the Sector",to address fragmentation this initiative will formalize interagency coordination and reorganize the sector,3e438ca67f9cc6ee1d5b1f31895f8f4ad3a83ba4e82d5960d9ac31d19a376ae0,2017,2125,"[[2017,2125]]",Exact spatial line-cluster phrase,Original Compact Text,Formalize inter-agency coordination,0.999,0.830769,0.710526,1.0,0.485714,High,Pass,Pending human review,,2026-08-04T20:56:08+00:00
ANC-SLE-007-01,SLE-007,DOC-SLE-WC-2026,Primary Evidence,Text Span,,"PDF p. 10, Priority Action 2",10,10,10,10,Narrative priority action,standardized WASH information system will be established to support integrated planning and investment,standardiz wash information system will be establish to support integrat plann and investment,75466b94df6e966e562097558ae6ae048803fd12d49d54799ffef06b49b585fc,2229,2331,"[[2229,2331]]",Exact spatial line-cluster phrase,Original Compact Text,Standardized WASH information system,0.999,0.84058,0.725,1.0,0.535433,High,Pass,Pending human review,,2026-08-04T20:56:08+00:00
ANC-SLE-008-01,SLE-008,DOC-SLE-WC-2026,Primary Evidence,Text Span,,"PDF p. 10, Priority Action 2",10,10,10,10,Narrative priority action,"The strategy will also promote diversified funding sources through increased fiscal transfers, improved revenue generation by service providers, and public-private partnerships.",the strategy will also promote diversifi fund source through increas fiscal transfer improv revenue generation by service provider and publicprivate partnership,dce82567c505c3a0cdf3f342fe76fc4f0615a00d960112f8cbe31b30eaf6af85,,,"[[2343,2437],[2438,2520]]",Fuzzy token-window match,Original Compact Text,Diversify WASH funding sources,0.635316,0.587156,0.802867,0.46281,0.851064,Medium,Pass,Pending human review,,2026-08-04T20:56:08+00:00
ANC-SLE-009-01,SLE-009,DOC-SLE-WC-2026,Primary Evidence,Text Span,,"PDF p. 11, Priority Action 3",11,11,11,11,Narrative priority action,construction of fecal sludge treatment facilities. The plan encourages market-based sanitation approaches,construction of fecal sludge treatment facility the plan encourage marketbas sanitation approache,d4f1d07696aa9ac0d3068b9a5443c973ac4d1eaf889f5d28782d3ec008fa1079,268,373,"[[268,373]]",Exact spatial line-cluster phrase,Original Compact Text,Market-based sanitation approaches,0.999,0.718773,0.561003,1.0,0.472441,High,Pass,Pending human review,,2026-08-04T20:56:08+00:00
ANC-SLE-010-01,SLE-010,DOC-SLE-WC-2026,Primary Evidence,Text Span,,"PDF p. 11, Priority Action 4",11,11,11,11,Narrative priority action,There is a need for a climate-aware water resource monitoring system to enhance forecasting and adaptation strategies.,there is a need for a climateaware water resource monitor system to enhance forecast and adaptation strategy,b3505f20061d44d263e3a7da7e5243e1d549a93eb71b04e662213ba0a9945654,,,"[[948,998],[999,1066]]",Fuzzy token-window match,Original Compact Text,Climate-aware water monitoring system,0.970981,0.943123,0.892368,1.0,0.88,High,Pass,Pending human review,,2026-08-04T20:56:08+00:00
ANC-SLE-011-01,SLE-011,DOC-SLE-WC-2026,Primary Evidence,Text Span,,"PDF p. 11, Priority Action 5",11,11,11,11,Narrative priority action,"The plan also establishes clear policies and regulations to promote waste segregation, recycling, and public-private partnerships.",the plan also establishe clear policy and regulation to promote waste segregation recycl and publicprivate partnership,32f78bee22fe2ea74251ae3ad6d8b073c90627455f49dd05bf1e54c1a024dd7a,,,"[[1630,1697],[1698,1760]]",Fuzzy token-window match,Original Compact Text,Solid-waste policies and regulations,0.767773,0.774869,1.0,0.632479,0.75,High,Pass,Pending human review,,2026-08-04T20:56:08+00:00
ANC-SLE-012-01,SLE-012,DOC-SLE-WC-2026,Primary Evidence,Text Span,,"PDF p. 14, Appendix 1",14,14,14,14,Programmatic outlook,Implement measures to (i) Installation of bulk meters on all urban water systems 7.00 0.00 7.00 2.00 3.00 1.00 1.00 0.00 reduce non-revenue water (ii) Installation of zonal meters and customer meters for consumers on a 2.00 0.00 2.00 1.00 1.00 0.00 0.00 0.00 flat rate (iii) Establish DMA and water loss reduction programs 4.00 0.00 4.00 2.00 2.00 0.00 0.00 0.00 Rural Water (1) Provide new water (i) Institutionalize Local Council-wide water supply planning,implement measure to i installation of bulk meter on all urban water system 7 00 0 00 7 00 2 00 3 00 1 00 1 00 0 00 reduce nonrevenue water ii installation of zonal meter and customer meter for consumer on a 2 00 0 00 2 00 1 00 1 00 0 00 0 00 0 00 flat rate iii establish dma and water loss reduction program 4 00 0 00 4 00 2 00 2 00 0 00 0 00 0 00 rural water 1 provide new water i institutionalize local councilwide water supply plann,8ba40482677742017393754023c3ff8e1baba51b05818167a1a1bda1e2fa133b,,,"[[2020,2041],[2042,2100],[2101,2105],[2106,2110],[2111,2115],[2116,2120],[2121,2125],[2126,2130],[2131,2135],[2136,2140],[2141,2165],[2166,2238],[2249,2253],[2254,2258],[2259,2263],[2264,2268],[2269,2273],[2274,2278],[2279,2283],[2284,2288],[2239,2248],[2289,2342],[2343,2347],[2348,2352],[2353,2357],[2358,2362],[2363,2367],[2368,2372],[2373,2377],[2378,2382],[2383,2394],[2395,2416],[2417,2478]]",Fuzzy token-window match,Original Compact Text,Local Council-wide water planning,0.96944,0.936854,0.88121,1.0,0.892308,High,Pass,Pending human review,,2026-08-04T20:56:08+00:00
ANC-SLE-013-01,SLE-013,DOC-SLE-WC-2026,Primary Evidence,Text Span,,"PDF p. 14, Appendix 1",14,14,14,14,Programmatic outlook,"(ii) Strengthening water planning, budgeting and monitoring and performance reporting at the Local Council level",ii strengthen water plann budget and monitor and performance report at the local council level,e968b0b14359f45a0399bb612cfa19940e8c51bba21459aaba8b07e7812e1972,,,"[[2653,2716],[2733,2781]]",Fuzzy spatial line-cluster match,Original Compact Text,Council planning and performance reporting,0.803119,0.834835,0.716495,1.0,0.461538,High,Pass,Pending human review,,2026-08-04T20:56:08+00:00
ANC-SLE-014-01,SLE-014,DOC-SLE-WC-2026,Primary Evidence,Text Span,,"PDF pp. 14–15, Appendix 1",14,15,14,14,Programmatic outlook,(i) Mainstream asset management planning to inform planning on replacement/major rehabilitation of water facilities,i mainstream asset management plann to inform plann on replacementmajor rehabilitation of water facility,dda5665349426a85f4d7d0294ed5e6d4a45923721579450e2fc4b04913b862b0,,,"[[2989,3051],[3074,3126]]",Exact spatial line-cluster phrase,Verified PDF locator hint,Mainstream asset management planning to inform planning on replacement/major rehabilitation of water facilities,0.999,1.0,1.0,1.0,0.990291,High,Pass,Pending human review,,2026-08-04T20:56:08+00:00
ANC-SLE-015-01,SLE-015,DOC-SLE-WC-2026,Primary Evidence,Text Span,,"PDF p. 15, Appendix 1",15,15,15,15,Programmatic outlook,Enforce the one-year post-implementation support on all projects 0.10 0.10 0.00 0.02 0.02 0.02 0.02 0.02 facilities (3) develop and (iv)Develop and implement a water safety planning in line with the operationalize a national drinking water management framework 0.40 0.40 0.00 0.10 0.10 0.10 0.10 0.00 nationwide water safety planning Basic Sanitation & (1) Promote safe (i) Implementation and Scaling Up of CLTS & Urban CLTS to eliminate Hygiene Service sanitation and hygiene ODF and,enforce the oneyear postimplementation support on all project 0 10 0 10 0 00 0 02 0 02 0 02 0 02 0 02 facility 3 develop and iv develop and implement a water safety plann in line with the operationalize a national drink water management framework 0 40 0 40 0 00 0 10 0 10 0 10 0 10 0 00 nationwide water safety plann basic sanitation 1 promote safe i implementation and scal up of clts urban clts to eliminate hygiene service sanitation and hygiene odf and,4e8cf1b68bff93dc3c77c95a708b01dd213e643fcd7fe3ae6bbad0b241da1579,,,"[[325,389],[390,394],[395,399],[400,404],[405,409],[410,414],[415,419],[420,424],[425,429],[430,440],[441,456],[457,523],[524,540],[541,585],[586,590],[591,595],[596,600],[601,605],[606,610],[611,615],[616,620],[621,625],[626,649],[650,658],[659,677],[678,694],[695,762],[763,778],[779,801],[802,809]]",Fuzzy token-window match,Original Compact Text,Enforce post-implementation support,0.952022,0.949955,0.904679,1.0,0.85,High,Pass,Pending human review,,2026-08-04T20:56:08+00:00
ANC-SLE-016-01,SLE-016,DOC-SLE-WC-2026,Primary Evidence,Text Span,,"PDF p. 15, Appendix 1",15,15,15,15,Programmatic outlook,operationalize a nationwide water safety planning,operationalize a nationwide water safety plann,84c1fcf6c83e11efc4f92271ce4d9d6ac0f47006415fa9dbbe3bb9f1e7371038,,,"[[524,540],[626,649],[650,658]]",Fuzzy spatial line-cluster match,Standardized Candidate,Develop and operationalize nationwide water-safety planning,0.775679,0.80834,0.90161,0.732558,0.851485,High,Pass,Pending human review,,2026-08-04T20:56:08+00:00
ANC-SLE-017-01,SLE-017,DOC-SLE-WC-2026,Primary Evidence,Text Span,,"PDF p. 15, Appendix 1",15,15,15,15,Programmatic outlook,"(ii) Assess, adopt and implement a framework for PPP on hand washing 5.00 5.00 0.00 1.00 1.00 1.00 1.00 1.00 with soap (iii)Monitor implementation of the PPP framework on handwashing with soap at the local council and Chiefdom level.",ii assess adopt and implement a framework for ppp on hand wash 5 00 5 00 0 00 1 00 1 00 1 00 1 00 1 00 with soap iii monitor implementation of the ppp framework on handwash with soap at the local council and chiefdom level,0c83c65a28b360752c5506bca85f183e0392f5bb58d51fa2259337f1f36f3c4c,,,"[[1190,1258],[1269,1273],[1274,1278],[1279,1283],[1284,1288],[1289,1293],[1294,1298],[1299,1303],[1304,1308],[1259,1268],[1309,1377],[1378,1423]]",Fuzzy token-window match,Original Compact Text,PPP framework for handwashing,0.999,1.0,1.0,1.0,0.941176,High,Pass,Pending human review,,2026-08-04T20:56:08+00:00
ANC-SLE-018-01,SLE-018,DOC-SLE-WC-2026,Primary Evidence,Text Span,,"PDF p. 15, Appendix 1",15,15,15,15,Programmatic outlook,"(i) Review of policies, solid waste situational analysis and plan for solid waste management",i review of policy solid waste situational analysi and plan for solid waste management,11e97f3c671b893936267c4f3a4e4ba6e7de6bcfa234b73ec374082191a566b9,,,"[[1748,1823],[1835,1851]]",Exact spatial line-cluster phrase,Verified PDF locator hint,"Review of policies, solid waste situational analysis and plan for solid waste management",0.999,1.0,1.0,1.0,0.988235,High,Pass,Pending human review,,2026-08-04T20:56:08+00:00
ANC-SLE-019-01,SLE-019,DOC-SLE-WC-2026,Primary Evidence,Text Span,,"PDF p. 15, Appendix 1",15,15,15,15,Programmatic outlook,(i) Assess and review existing water use and groundwater drilling regulations,i assess and review exist water use and groundwater drill regulation,936d0bfa49726e859cb1b1d3b614ad3135176363dcdf41e5ad79f357fabc864f,,,"[[2403,2468],[2507,2518]]",Fuzzy spatial line-cluster match,Original Compact Text,Review water-use and drilling regulations,0.683627,0.689189,0.649682,0.733813,0.692308,Medium,Pass,Pending human review,,2026-08-04T20:56:08+00:00
ANC-SLE-020-01,SLE-020,DOC-SLE-WC-2026,Primary Evidence,Text Span,,"PDF p. 15, Appendix 1",15,15,15,15,Programmatic outlook,(ii) Provide capacity building support to NWRMA and EPA to monitor and enforce permit conditions on raw water,ii provide capacity build support to nwrma and epa to monitor and enforce permit condition on raw water,bcf70087974d9464ecfafc28f8e91a3717fd72c921a217fc0a551488b2a638c0,,,"[[2578,2648],[2649,2687]]",Exact spatial line-cluster phrase,Verified PDF locator hint,Provide capacity building support to NWRMA and EPA to monitor and enforce permit conditions on raw water,0.999,1.0,1.0,1.0,0.985222,High,Pass,Pending human review,,2026-08-04T20:56:08+00:00
ANC-SLE-021-01,SLE-021,DOC-SLE-WC-2026,Primary Evidence,Text Span,,"PDF p. 15, Appendix 1",15,15,15,15,Programmatic outlook,"1.50 reduction, re-use, recycling, and recovery as well as cost-recovery CROSS-CUTTING INTERVENTIONS Water Resources (1)Enhance the (i) Assess and review existing water use and groundwater drilling 0.80 0.80 0.00 0.40 0.40 0.00 0.00 0.00 Management implementation of existing regulations regulations on WRM (ii) Provide capacity building support to NWRMA and EPA to monitor and 0.60 0.60 0.00 0.30 0.30 0.00 0.00 0.00 enforce permit conditions on raw water (iii) Establishment of a Dam Safety Unit",1 50 reduction reuse recycl and recovery as well as costrecovery crosscutt intervention water resource 1 enhance the i assess and review exist water use and groundwater drill 0 80 0 80 0 00 0 40 0 40 0 00 0 00 0 00 management implementation of exist regulation regulation on wrm ii provide capacity build support to nwrma and epa to monitor and 0 60 0 60 0 00 0 30 0 30 0 00 0 00 0 00 enforce permit condition on raw water iii establishment of a dam safety unit,3ba409b9b8641fcd030dd01ae1e319e97f2f28622677a4a93a4fbffa73d27ee1,,,"[[2271,2275],[2276,2343],[2344,2357],[2358,2371],[2372,2387],[2388,2402],[2403,2468],[2519,2523],[2524,2528],[2529,2533],[2534,2538],[2539,2543],[2544,2548],[2549,2553],[2554,2558],[2469,2479],[2480,2506],[2507,2518],[2559,2577],[2578,2648],[2688,2692],[2693,2697],[2698,2702],[2703,2707],[2708,2712],[2713,2717],[2718,2722],[2723,2727],[2649,2687],[2728,2768]]",Fuzzy token-window match,Original Compact Text,Establish Dam Safety Unit,0.999,1.0,1.0,1.0,0.809524,High,Pass,Pending human review,,2026-08-04T20:56:08+00:00
ANC-SLE-022-01,SLE-022,DOC-SLE-WC-2026,Primary Evidence,Text Span,,"PDF p. 15, Appendix 1",15,15,15,15,Programmatic outlook,Resources (1)Enhance the (i) Assess and review existing water use and groundwater drilling 0.80 0.80 0.00 0.40 0.40 0.00 0.00 0.00 Management implementation of existing regulations regulations on WRM (ii) Provide capacity building support to NWRMA and EPA to monitor and 0.60 0.60 0.00 0.30 0.30 0.00 0.00 0.00 enforce permit conditions on raw water (iii) Establishment of a Dam Safety Unit 2.20 2.20 0.00 2.00 0.20 0.00 0.00 0.00 (iv) Develop guidelines and regulations,resource 1 enhance the i assess and review exist water use and groundwater drill 0 80 0 80 0 00 0 40 0 40 0 00 0 00 0 00 management implementation of exist regulation regulation on wrm ii provide capacity build support to nwrma and epa to monitor and 0 60 0 60 0 00 0 30 0 30 0 00 0 00 0 00 enforce permit condition on raw water iii establishment of a dam safety unit 2 20 2 20 0 00 2 00 0 20 0 00 0 00 0 00 iv develop guideline and regulation,2bc0d715e80684135554cd8905c30eed8a3c5a8d76fe66d421ff6e97fd2f5ac9,,,"[[2378,2387],[2388,2402],[2403,2468],[2519,2523],[2524,2528],[2529,2533],[2534,2538],[2539,2543],[2544,2548],[2549,2553],[2554,2558],[2469,2479],[2480,2506],[2507,2518],[2559,2577],[2578,2648],[2688,2692],[2693,2697],[2698,2702],[2703,2707],[2708,2712],[2713,2717],[2718,2722],[2723,2727],[2649,2687],[2728,2768],[2769,2773],[2774,2778],[2779,2783],[2784,2788],[2789,2793],[2794,2798],[2799,2803],[2804,2808],[2809,2848]]",Fuzzy token-window match,Original Compact Text,Dam-safety guidelines and regulations,0.803635,0.805825,1.0,0.674797,0.818182,High,Pass,Pending human review,,2026-08-04T20:56:08+00:00
ANC-SLE-023-01,SLE-023,DOC-SLE-WC-2026,Primary Evidence,Text Span,,"PDF pp. 15–16, Appendix 1",15,16,15,15,Programmatic outlook,WRM (ii) Provide capacity building support to NWRMA and EPA to monitor and 0.60 0.60 0.00 0.30 0.30 0.00 0.00 0.00 enforce permit conditions on raw water (iii) Establishment of a Dam Safety Unit 2.20 2.20 0.00 2.00 0.20 0.00 0.00 0.00 (iv) Develop guidelines and regulations for dam safety (including 0.20 0.20 0.00 0.00 0.00 0.20 0.00 0.00 operating rules for floods and evacuation plans) (v) An effective water resource assessment and monitoring system,wrm ii provide capacity build support to nwrma and epa to monitor and 0 60 0 60 0 00 0 30 0 30 0 00 0 00 0 00 enforce permit condition on raw water iii establishment of a dam safety unit 2 20 2 20 0 00 2 00 0 20 0 00 0 00 0 00 iv develop guideline and regulation for dam safety includ 0 20 0 20 0 00 0 00 0 00 0 20 0 00 0 00 operat rule for flood and evacuation plan v an effective water resource assessment and monitor system,6a9c30c682b665a971a5ce3ca9d5bd4fd7cca113075225d3390891e96a1bc5d7,,,"[[2574,2577],[2578,2648],[2688,2692],[2693,2697],[2698,2702],[2703,2707],[2708,2712],[2713,2717],[2718,2722],[2723,2727],[2649,2687],[2728,2768],[2769,2773],[2774,2778],[2779,2783],[2784,2788],[2789,2793],[2794,2798],[2799,2803],[2804,2808],[2809,2874],[2924,2928],[2929,2933],[2934,2938],[2939,2943],[2944,2948],[2949,2953],[2954,2958],[2959,2963],[2875,2923],[2964,3028]]",Fuzzy token-window match,Original Compact Text,Water-resource assessment and monitoring system,0.80094,0.766637,0.887064,0.675,0.938272,High,Pass,Pending human review,,2026-08-04T20:56:08+00:00
ANC-SLE-024-01,SLE-024,DOC-SLE-WC-2026,Primary Evidence,Text Span,,"PDF p. 16, Appendix 1",16,16,16,16,Programmatic outlook,"Thematic Area Proposed strategy Indicative Activities Total Cost Recurrent Capital Year (US$m) (US$m) (US$m) 2026 2027 2028 2029 2030 (2)Watershed and (i) Prepare national and river basins IWRM plans 5.10 5.10 0.00 1.70 1.70 1.70 0.00 0.00 catchment protected (ii) Establish River Basin Offices and Boards with adequate office against deforestation and 3.25 3.25 0.00 0.00 0.00 1.25 1.00 1.00 accommodation, logistics and budgetary support other human (iii) Facilitate and formulate L.I. environmental problems",thematic area propos strategy indicative activity total cost recurrent capital year us m us m us m 2026 2027 2028 2029 2030 2 watersh and i prepare national and river basin iwrm plan 5 10 5 10 0 00 1 70 1 70 1 70 0 00 0 00 catchment protect ii establish river basin office and board with adequate office against deforestation and 3 25 3 25 0 00 0 00 0 00 1 25 1 00 1 00 accommodation logistic and budgetary support other human iii facilitate and formulate l i environmental problem,1d018a46966cd26fafcfceb16f577fb19c90df68bba9bffebab43c1247aacead,,,"[[0,13],[14,31],[32,53],[54,64],[65,74],[75,82],[83,87],[88,94],[95,101],[102,108],[109,113],[114,118],[119,123],[124,128],[129,133],[134,150],[151,199],[200,204],[205,209],[210,214],[215,219],[220,224],[225,229],[230,234],[235,239],[240,259],[286,352],[260,285],[353,357],[358,362],[363,367],[368,372],[373,377],[378,382],[383,387],[388,392],[405,451],[393,404],[475,510],[452,474]]",Fuzzy token-window match,Original Compact Text,National and basin IWRM plans,0.966702,1.0,1.0,1.0,0.697674,High,Pass,Pending human review,,2026-08-04T20:56:08+00:00
ANC-SLE-025-01,SLE-025,DOC-SLE-WC-2026,Duplicate/Sub-action Evidence,Text Span,,"PDF p. 16, Appendix 1",16,16,16,16,Programmatic outlook,(ii) Establish River Basin Offices and Boards with adequate office,ii establish river basin office and board with adequate office,34d6630f5f3c3946d740732addaf1c3b8cd214494f036330714b88e0582e3937,286,352,"[[286,352]]",Exact spatial line-cluster phrase,Original Compact Text,River Basin Offices and Boards,0.999,0.837125,0.719875,1.0,0.622222,High,Pass,Pending human review,,2026-08-04T20:56:08+00:00
ANC-SLE-026-01,SLE-026,DOC-SLE-WC-2026,Primary Evidence,Text Span,,"PDF p. 16, Appendix 1",16,16,16,16,Programmatic outlook,(iii) Facilitate and formulate L.I. on buffer zone policy,iii facilitate and formulate l i on buffer zone policy,8dd0eb4260846bfb069f43a328e13e892935dea72ebfe27dde6e745f418cc423,475,532,"[[475,532]]",Fuzzy spatial line-cluster match,Verified PDF locator hint,Facilitate and formulate L.I. on buffer zone policy,0.999,0.961131,0.92517,1.0,0.951456,High,Pass,Pending human review,,2026-08-04T20:56:08+00:00
ANC-SLE-027-01,SLE-027,DOC-SLE-WC-2026,Primary Evidence,Text Span,,"PDF p. 16, Appendix 1",16,16,16,16,Programmatic outlook,(iv)Develop a strategic policy framework for rainwater harvesting,iv develop a strategic policy framework for rainwater harvest,20412b5c3fbe77359d0500ecd0ff534a0c5152b3fa1d816d637ea10a749598ff,573,638,"[[573,638]]",Fuzzy spatial line-cluster match,Standardized Candidate,Adopt a strategic policy framework for rainwater harvesting,0.953339,0.964169,0.930818,1.0,0.931034,High,Pass,Pending human review,,2026-08-04T20:56:08+00:00
ANC-SLE-028-01,SLE-028,DOC-SLE-WC-2026,Primary Evidence,Text Span,,"PDF p. 16, Appendix 1",16,16,16,16,Programmatic outlook,"on buffer zone policy 0.20 0.20 0.00 0.10 0.10 0.00 0.00 0.00 (iv)Develop a strategic policy framework for rainwater harvesting 0.20 0.20 0.00 0.20 0.00 0.00 0.00 0.00 (vi)Develop a water conservation, irrigation, and flood reduction strategy 0.40 0.40 0.00 0.20 0.20 0.00 0.00 0.00 to strengthen the link between IWRM and Climate Change Adaptation (vii) Protect water catchment areas 1.00 1.00 0.00 0.20 0.20 0.20 0.20 0.20 (3 Improve hydrological (i) Support the setup,",on buffer zone policy 0 20 0 20 0 00 0 10 0 10 0 00 0 00 0 00 iv develop a strategic policy framework for rainwater harvest 0 20 0 20 0 00 0 20 0 00 0 00 0 00 0 00 vi develop a water conservation irrigation and flood reduction strategy 0 40 0 40 0 00 0 20 0 20 0 00 0 00 0 00 to strengthen the link between iwrm and climate change adaptation vii protect water catchment area 1 00 1 00 0 00 0 20 0 20 0 20 0 20 0 20 3 improve hydrological i support the setup,6779b67a2e537a1958bfa5e24571f7ac84abf24aaa115de8453a3f0e5aa1d1a9,,,"[[511,532],[533,537],[538,542],[543,547],[548,552],[553,557],[558,562],[563,567],[568,572],[573,638],[639,643],[644,648],[649,653],[654,658],[659,663],[664,668],[669,673],[674,678],[679,753],[820,824],[825,829],[830,834],[835,839],[840,844],[845,849],[850,854],[855,859],[754,819],[860,895],[896,900],[901,905],[906,910],[911,915],[916,920],[921,925],[926,930],[931,935],[936,959],[960,982]]",Fuzzy token-window match,Original Compact Text,Water conservation and flood strategy,0.919431,0.892368,0.805654,1.0,0.778947,High,Pass,Pending human review,,2026-08-04T20:56:08+00:00
ANC-SLE-029-01,SLE-029,DOC-SLE-WC-2026,Primary Evidence,Text Span,,"PDF p. 16, Appendix 1",16,16,16,16,Programmatic outlook,"0.00 0.00 0.00 (iv)Develop a strategic policy framework for rainwater harvesting 0.20 0.20 0.00 0.20 0.00 0.00 0.00 0.00 (vi)Develop a water conservation, irrigation, and flood reduction strategy 0.40 0.40 0.00 0.20 0.20 0.00 0.00 0.00 to strengthen the link between IWRM and Climate Change Adaptation (vii) Protect water catchment areas 1.00 1.00 0.00 0.20 0.20 0.20 0.20 0.20 (3 Improve hydrological (i) Support the setup, rehabilitation, and upgrade of hydrometric and and meteorological data",0 00 0 00 0 00 iv develop a strategic policy framework for rainwater harvest 0 20 0 20 0 00 0 20 0 00 0 00 0 00 0 00 vi develop a water conservation irrigation and flood reduction strategy 0 40 0 40 0 00 0 20 0 20 0 00 0 00 0 00 to strengthen the link between iwrm and climate change adaptation vii protect water catchment area 1 00 1 00 0 00 0 20 0 20 0 20 0 20 0 20 3 improve hydrological i support the setup rehabilitation and upgrade of hydrometric and and meteorological data,a5718007cf2584ab36dc2c0fcf2f0a255766ed25435b72c4694785073a8352f7,,,"[[558,562],[563,567],[568,572],[573,638],[639,643],[644,648],[649,653],[654,658],[659,663],[664,668],[669,673],[674,678],[679,753],[820,824],[825,829],[830,834],[835,839],[840,844],[845,849],[850,854],[855,859],[754,819],[860,895],[896,900],[901,905],[906,910],[911,915],[916,920],[921,925],[926,930],[931,935],[936,959],[960,1029],[1030,1053]]",Fuzzy token-window match,Original Compact Text,Upgrade hydrometric data system,0.761339,0.824338,0.884211,0.772059,0.592593,High,Pass,Pending human review,,2026-08-04T20:56:08+00:00
ANC-SLE-030-01,SLE-030,DOC-SLE-WC-2026,Primary Evidence,Text Span,,"PDF p. 16, Appendix 1",16,16,16,16,Programmatic outlook,"1.00 0.00 0.20 0.20 0.20 0.20 0.20 (3 Improve hydrological (i) Support the setup, rehabilitation, and upgrade of hydrometric and and meteorological data hydrogeological networks, as well as introduce new technologies for data 6.75 5.25 1.50 2.50 2.00 1.25 1.00 0.00 collection and analysis and information management (ii) Strengthen human and technical capacities for data analysis and 0.50 0.50 0.00 0.10 0.10 0.10 0.10 0.10 archiving (4) Strengthen water (iii) Initiate nationwide monitoring of groundwater",1 00 0 00 0 20 0 20 0 20 0 20 0 20 3 improve hydrological i support the setup rehabilitation and upgrade of hydrometric and and meteorological data hydrogeological network as well as introduce new technology for data 6 75 5 25 1 50 2 50 2 00 1 25 1 00 0 00 collection and analysi and information management ii strengthen human and technical capacity for data analysi and 0 50 0 50 0 00 0 10 0 10 0 10 0 10 0 10 archiv 4 strengthen water iii initiate nationwide monitor of groundwater,0237462965788d359b3d19527c5f2268c94eaf5ac65114576f51a08143c5925f,,,"[[901,905],[906,910],[911,915],[916,920],[921,925],[926,930],[931,935],[936,959],[960,1029],[1030,1053],[1054,1126],[1127,1131],[1132,1136],[1137,1141],[1142,1146],[1147,1151],[1152,1156],[1157,1161],[1162,1166],[1183,1206],[1167,1182],[1207,1217],[1218,1286],[1297,1301],[1302,1306],[1307,1311],[1312,1316],[1317,1321],[1322,1326],[1327,1331],[1332,1336],[1287,1296],[1337,1357],[1358,1409]]",Fuzzy token-window match,Original Compact Text,Nationwide groundwater monitoring,0.969841,1.0,1.0,1.0,0.698413,High,Pass,Pending human review,,2026-08-04T20:56:08+00:00
ANC-SLE-031-01,SLE-031,DOC-SLE-WC-2026,Primary Evidence,Text Span,,"PDF p. 16, Appendix 1",16,16,16,16,Programmatic outlook,"Billing, Project Management) and development of a strategic plan for SALWACO, review of policies and strategies",bill project management and development of a strategic plan for salwaco review of policy and strategy,c9624d6caf1f9ad26cf9757403622dce611ad845e4b6efeb37a9d87e5198f652,,,"[[1849,1917],[1981,2023]]",Fuzzy spatial line-cluster match,Original Compact Text,SALWACO strategic plan and policy review,0.796716,0.824056,0.700762,1.0,0.425532,High,Pass,Pending human review,,2026-08-04T20:56:08+00:00
ANC-SLE-032-01,SLE-032,DOC-SLE-WC-2026,Primary Evidence,Text Span,,"PDF p. 16, Appendix 1",16,16,16,16,Programmatic outlook,(i) Operationalization of the transfer of the WASH mandate from the MoH to the MWRS,i operationalization of the transfer of the wash mandate from the moh to the mwrs,56722195f7643d9a9d55a33b6352f1b81e398148428fd427af6a2a2834948a57,,,"[[3359,3426],[3494,3509]]",Fuzzy spatial line-cluster match,Original Compact Text,Transfer WASH mandate to MWRS,0.850222,0.897959,0.814815,1.0,0.527273,High,Pass,Pending human review,,2026-08-04T20:56:08+00:00
ANC-SLE-033-01,SLE-033,DOC-SLE-WC-2026,Primary Evidence,Text Span,,"PDF pp. 16–17, Appendix 1",16,17,16,16,Programmatic outlook,"(3) Strengthen sector (i) Operationalization of the transfer of the WASH mandate from the 0.20 0.20 0.00 0.10 0.05 0.05 0.00 0.00 institutional coordination MoH to the MWRS (ii) Establish a development partners coordination platform to know who is 0.10 0.10 0.00 0.05 0.05 0.00 0.00 0.00 doing what, where and when.",3 strengthen sector i operationalization of the transfer of the wash mandate from the 0 20 0 20 0 00 0 10 0 05 0 05 0 00 0 00 institutional coordination moh to the mwrs ii establish a development partner coordination platform to know who is 0 10 0 10 0 00 0 05 0 05 0 00 0 00 0 00 doing what where and when,d12341b308bbfe6d7e0c8a15a2b3e2e95048ab10572f5e9d0935eb4a9c794a31,,,"[[3337,3358],[3359,3426],[3427,3431],[3432,3436],[3437,3441],[3442,3446],[3447,3451],[3452,3456],[3457,3461],[3462,3466],[3467,3493],[3494,3509],[3510,3584],[3585,3589],[3590,3594],[3595,3599],[3600,3604],[3605,3609],[3610,3614],[3615,3619],[3620,3624],[3625,3652]]",Fuzzy token-window match,Original Compact Text,Development-partner coordination platform,0.726731,0.69285,0.862155,0.579125,0.84058,Medium,Pass,Pending human review,,2026-08-04T20:56:08+00:00
ANC-SLE-034-01,SLE-034,DOC-SLE-WC-2026,Primary Evidence,Text Span,,"PDF p. 17, Appendix 1",17,17,17,17,Programmatic outlook,service-level agreement (SLA) for all implementing development partners.,servicelevel agreement sla for all implement development partner,8d5a30e706e51ca9c7c1af179c95e20eb913c81e9bf1156466f872e0d2f946c1,207,279,"[[207,279]]",Fuzzy spatial line-cluster match,Standardized Candidate,Enforce government service-level agreements for development partners,0.788404,0.846058,0.860051,0.832512,0.713178,High,Pass,Pending human review,,2026-08-04T20:56:08+00:00
ANC-SLE-035-01,SLE-035,DOC-SLE-WC-2026,Primary Evidence,Text Span,,"PDF p. 17, Appendix 1",17,17,17,17,Programmatic outlook,0.10 0.10 0.00 0.05 0.05 0.00 0.00 0.00 (iv) Ensure a functioning inter-ministerial platform for water sector 0.10 0.10 0.00 0.020 0.020 0.020 0.020 0.020 planning and development.,0 10 0 10 0 00 0 05 0 05 0 00 0 00 0 00 iv ensure a function interministerial platform for water sector 0 10 0 10 0 00 0 020 0 020 0 020 0 020 0 020 plann and development,fa3d2f84de933dc9bf461bd56638cd4ccb88f0091b978f5670eb2fb36cb263af,,,"[[280,284],[285,289],[290,294],[295,299],[300,304],[305,309],[310,314],[315,319],[320,389],[390,394],[395,399],[400,404],[405,410],[411,416],[417,422],[423,428],[429,434],[435,460]]",Fuzzy token-window match,Original Compact Text,Inter-ministerial water platform,0.999,1.0,1.0,1.0,0.892857,High,Pass,Pending human review,,2026-08-04T20:56:08+00:00
ANC-SLE-036-01,SLE-036,DOC-SLE-WC-2026,Duplicate/Sub-action Evidence,Text Span,,"PDF p. 17, Appendix 1",17,17,17,17,Programmatic outlook,(v) Institutionalize monthly sector working group meetings,v institutionalize monthly sector work group meeting,657dc8ad2874d4193d048bb29508dbed64867b189f4721b01fc56324a7203b2d,461,519,"[[461,519]]",Exact spatial line-cluster phrase,Verified PDF locator hint,Institutionalize monthly sector working group meetings,0.999,1.0,1.0,1.0,0.980392,High,Pass,Pending human review,,2026-08-04T20:56:08+00:00
ANC-SLE-037-01,SLE-037,DOC-SLE-WC-2026,Primary Evidence,Text Span,,"PDF p. 17, Appendix 1",17,17,17,17,Programmatic outlook,(v) Address overlapping regulatory functions that blur clarity in,v address overlapp regulatory function that blur clarity in,14c39cd3a939be402bc233659dedcfc4389df7e015f22f0b39e90c3b2450f01c,560,625,"[[560,625]]",Exact spatial line-cluster phrase,Original Compact Text,Address overlapping regulatory functions,0.999,0.91654,0.845938,1.0,0.757895,High,Pass,Pending human review,,2026-08-04T20:56:08+00:00
ANC-SLE-038-01,SLE-038,DOC-SLE-WC-2026,Primary Evidence,Text Span,,"PDF p. 17, Appendix 1",17,17,17,17,Programmatic outlook,(i) Streamlining Ministerial mandates and oversight at the sub-national level,i streamlin ministerial mandate and oversight at the subnational level,787e002917573cf0220c1b044112efc81b75e7ccd116d3d58a536addd64021d6,,,"[[717,788],[851,856]]",Fuzzy spatial line-cluster match,Standardized Candidate,Streamline ministerial mandates and oversight at subnational level,0.830211,0.8724,0.933815,0.818565,0.948148,High,Pass,Pending human review,,2026-08-04T20:56:08+00:00
ANC-SLE-039-01,SLE-039,DOC-SLE-WC-2026,Primary Evidence,Text Span,,"PDF p. 17, Appendix 1",17,17,17,17,Programmatic outlook,(ii) Advocate and acquire a dedicated budget disbursement line for WASH at the sub-national level,ii advocate and acquire a dedicat budget disbursement line for wash at the subnational level,0633031e1a57b9d590b581a873a3fbb0d4d1bf4e82a2f666b78c1283df98be9b,,,"[[874,940],[1006,1036]]",Fuzzy spatial line-cluster match,Original Compact Text,Dedicated subnational WASH budget line,0.796824,0.854111,0.74537,1.0,0.34375,High,Pass,Pending human review,,2026-08-04T20:56:08+00:00
ANC-SLE-040-01,SLE-040,DOC-SLE-WC-2026,Primary Evidence,Text Span,,"PDF p. 17, Appendix 1",17,17,17,17,Programmatic outlook,"that blur clarity in 0.10 0.10 0.00 0.05 0.05 0.00 0.00 0.00 responsibilities and accountability (4) Strengthen (i) Streamlining Ministerial mandates and oversight at the sub-national 0.30 0.30 0.00 0.150 0.150 0.00 0.00 0.00 decentralization of level WASH governance, (ii) Advocate and acquire a dedicated budget disbursement line for 0.10 0.10 0.00 0.05 0.05 0.00 0.00 0.00 policies and legislation WASH at the sub-national level (iii) Finalize the update of the National Water Sector Policy",that blur clarity in 0 10 0 10 0 00 0 05 0 05 0 00 0 00 0 00 responsibility and accountability 4 strengthen i streamlin ministerial mandate and oversight at the subnational 0 30 0 30 0 00 0 150 0 150 0 00 0 00 0 00 decentralization of level wash governance ii advocate and acquire a dedicat budget disbursement line for 0 10 0 10 0 00 0 05 0 05 0 00 0 00 0 00 policy and legislation wash at the subnational level iii finalize the update of the national water sector policy,68ca3916bb7b955b54db217cbcc5cb8f77733f20bda9d1fd0fafa28a0a3b003d,,,"[[605,625],[662,666],[667,671],[672,676],[677,681],[682,686],[687,691],[692,696],[697,701],[626,661],[702,716],[717,788],[789,793],[794,798],[799,803],[804,809],[810,815],[816,820],[821,825],[826,830],[831,850],[851,856],[857,873],[874,940],[941,945],[946,950],[951,955],[956,960],[961,965],[966,970],[971,975],[976,980],[981,1005],[1006,1036],[1037,1098]]",Fuzzy token-window match,Original Compact Text,Update National Water Sector Policy,0.999,1.0,1.0,1.0,0.909091,High,Pass,Pending human review,,2026-08-04T20:56:08+00:00
ANC-SLE-041-01,SLE-041,DOC-SLE-WC-2026,Primary Evidence,Text Span,,"PDF p. 17, Appendix 1",17,17,17,17,Programmatic outlook,(iv) Improve and enhance the enforcement of the Water sector legislation and standards,iv improve and enhance the enforcement of the water sector legislation and standard,c7effc2a7aeef6dffb04b935d7bcb5671011f2ec6b7fb980804c26f54bb63a9b,,,"[[1139,1211],[1253,1266]]",Fuzzy spatial line-cluster match,Original Compact Text,Enhance legislation and standards enforcement,0.91348,1.0,1.0,1.0,0.503937,High,Pass,Pending human review,,2026-08-04T20:56:08+00:00
ANC-SLE-042-01,SLE-042,DOC-SLE-WC-2026,Primary Evidence,Text Span,,"PDF p. 17, Appendix 1",17,17,17,17,Programmatic outlook,acquire a dedicated budget disbursement line for 0.10 0.10 0.00 0.05 0.05 0.00 0.00 0.00 policies and legislation WASH at the sub-national level (iii) Finalize the update of the National Water Sector Policy 0.20 0.20 0.00 0.10 0.10 0.00 0.00 0.00 (iv) Improve and enhance the enforcement of the Water sector legislation 0.04 0.04 0.00 0.00 0.00 0.00 0.00 0.040 and standards Finance (1) Periodic review of (i) Carry out quarterly review of water tariffs,acquire a dedicat budget disbursement line for 0 10 0 10 0 00 0 05 0 05 0 00 0 00 0 00 policy and legislation wash at the subnational level iii finalize the update of the national water sector policy 0 20 0 20 0 00 0 10 0 10 0 00 0 00 0 00 iv improve and enhance the enforcement of the water sector legislation 0 04 0 04 0 00 0 00 0 00 0 00 0 00 0 040 and standard finance 1 periodic review of i carry out quarterly review of water tariff,eecb65be0783cbcfe1062806f27ca43f336086bb024efc247b5d06c16d97d80e,,,"[[892,940],[941,945],[946,950],[951,955],[956,960],[961,965],[966,970],[971,975],[976,980],[981,1005],[1006,1036],[1037,1098],[1099,1103],[1104,1108],[1109,1113],[1114,1118],[1119,1123],[1124,1128],[1129,1133],[1134,1138],[1139,1211],[1212,1216],[1217,1221],[1222,1226],[1227,1231],[1232,1236],[1237,1241],[1242,1246],[1247,1252],[1253,1266],[1267,1274],[1275,1297],[1298,1345]]",Fuzzy token-window match,Original Compact Text,Quarterly automatic tariff review,0.782987,0.836066,1.0,0.71831,0.615385,High,Pass,Pending human review,,2026-08-04T20:56:08+00:00
ANC-SLE-043-01,SLE-043,DOC-SLE-WC-2026,Primary Evidence,Text Span,,"PDF p. 17, Appendix 1",17,17,17,17,Programmatic outlook,"(ii) Implement a framework on private sector participation in the water sector, including financing (BOO, BOT, etc.)",ii implement a framework on private sector participation in the water sector includ financ boo bot etc,824a3f7628da1696e5d3bcce4de71db9c1cc0a57ab9dcac12f915a0132109334,,,"[[1558,1629],[1655,1699]]",Exact spatial line-cluster phrase,Verified PDF locator hint,"Implement a framework on private sector participation in the water sector, including financing",0.999,0.901138,0.820065,1.0,0.920635,High,Pass,Pending human review,,2026-08-04T20:56:08+00:00
ANC-SLE-044-01,SLE-044,DOC-SLE-WC-2026,Primary Evidence,Text Span,,"PDF p. 17, Appendix 1",17,17,17,17,Programmatic outlook,(iii) Appraisal and adoption of a financing mechanism for capital maintenance,iii appraisal and adoption of a financ mechanism for capital maintenance,26cec172e13555273b5ccd6fd561355ec33045d7462584f38bf3a8421e72cdb5,,,"[[1812,1877],[1900,1911]]",Exact spatial line-cluster phrase,Verified PDF locator hint,Appraisal and adoption of a financing mechanism for capital maintenance,0.999,0.970729,0.943123,1.0,0.971429,High,Pass,Pending human review,,2026-08-04T20:56:08+00:00
ANC-SLE-045-01,SLE-045,DOC-SLE-WC-2026,Duplicate/Sub-action Evidence,Text Span,,"PDF pp. 17–18, Appendix 1",17,18,17,17,Programmatic outlook,"discussion of research (ii)Provide support for research on sector issues results on key issues 1.00 1 0.00 0.20 0.20 0.20 0.20 0.20 affecting water and sanitation service delivery (2)develop and (i)Set up a national M&E coordination group for the sector with clear 0.30 0.30 0.00 0.10 0.10 0.10 0.00 0.00 operationalize a national terms of reference M&E system to track (ii) Technical Assistance to PPMED-MSWR to develop a sector M&E plan, sector progress and contribute",discussion of research ii provide support for research on sector issue result on key issue 1 00 1 0 00 0 20 0 20 0 20 0 20 0 20 affect water and sanitation service delivery 2 develop and i set up a national m e coordination group for the sector with clear 0 30 0 30 0 00 0 10 0 10 0 10 0 00 0 00 operationalize a national term of reference m e system to track ii technical assistance to ppmedmswr to develop a sector m e plan sector progress and contribute,0c0ba179437682654f8f5733e3d9bbd4b95a1a6afa7d5dc987fdb5662e0afe4a,,,"[[2242,2264],[2265,2314],[2315,2336],[2357,2361],[2362,2363],[2364,2368],[2369,2373],[2374,2378],[2379,2383],[2384,2388],[2389,2393],[2337,2356],[2394,2421],[2422,2436],[2437,2506],[2552,2556],[2557,2561],[2562,2566],[2567,2571],[2572,2576],[2577,2581],[2582,2586],[2587,2591],[2507,2532],[2533,2551],[2592,2611],[2612,2681],[2682,2701],[2702,2712]]",Fuzzy token-window match,Original Compact Text,National M&E coordination group,0.999,1.0,1.0,1.0,0.983607,High,Pass,Pending human review,,2026-08-04T20:56:08+00:00
ANC-SLE-046-01,SLE-046,DOC-SLE-WC-2026,Primary Evidence,Text Span,,"PDF pp. 17–18, Appendix 1",17,18,18,18,Programmatic outlook,"0.30 0.30 0.00 0.10 0.10 0.10 0.00 0.00 (iv) Monitor the implementation of the activities outlined in the 0.50 0.50 0.00 0.10 0.10 0.10 0.10 0.10 NWASHSDP to inform policy (v)Design and implementation of framework for collaborating with 0.10 0.10 0.00 0.02 0.02 0,02 0.02 0.00 MLGCA in WASH delivery (vi)Rolling out an M&E system for all local councils 1.30 1.30 0.00 0.50 0.20 0.20 0.20 0.20 Gender, Equity (3) empower both sexes (i) Carry",0 30 0 30 0 00 0 10 0 10 0 10 0 00 0 00 iv monitor the implementation of the activity outlin in the 0 50 0 50 0 00 0 10 0 10 0 10 0 10 0 10 nwashsdp to inform policy v design and implementation of framework for collaborat with 0 10 0 10 0 00 0 02 0 02 0 02 0 02 0 00 mlgca in wash delivery vi roll out an m e system for all local council 1 30 1 30 0 00 0 50 0 20 0 20 0 20 0 20 gender equity 3 empower both sexe i carry,727861730dcac496150fb609aa7c320ad0c0ec555fbc63235a806bbb79b09556,,,"[[276,280],[281,285],[286,290],[291,295],[296,300],[301,305],[306,310],[311,315],[316,381],[408,412],[413,417],[418,422],[423,427],[428,432],[433,437],[438,442],[443,447],[382,407],[448,512],[536,540],[541,545],[546,550],[551,555],[556,560],[561,565],[566,570],[571,575],[513,535],[576,628],[629,633],[634,638],[639,643],[644,648],[649,653],[654,658],[659,663],[664,668],[669,683],[684,706],[707,716]]",Fuzzy token-window match,Tier 2 Label,National sector M&E system,0.730186,1.0,1.0,1.0,0.52381,Medium,Pass,Pending human review,,2026-08-04T20:56:08+00:00
ANC-SLE-047-01,SLE-047,DOC-SLE-WC-2026,Duplicate/Sub-action Evidence,Text Span,,"PDF p. 18, Appendix 1",18,18,18,18,Programmatic outlook,"Thematic Area Proposed strategy Indicative Activities Total Cost Recurrent Capital Year (US$m) (US$m) (US$m) 2026 2027 2028 2029 2030 GSGDA update (iii)Set up and adequately resource M&E units at GVWC, SALWACO and NRRMA to provide regular updates on agreed sector indicators.",thematic area propos strategy indicative activity total cost recurrent capital year us m us m us m 2026 2027 2028 2029 2030 gsgda update iii set up and adequately resource m e unit at gvwc salwaco and nrrma to provide regular update on agre sector indicator,e20068ab0684dcc384aa0d77c798550e7623f7f451bee85cfad267ad776fc06a,,,"[[0,13],[14,31],[32,53],[54,64],[65,74],[75,82],[83,87],[88,94],[95,101],[102,108],[109,113],[114,118],[119,123],[124,128],[129,133],[134,146],[147,213],[214,275]]",Fuzzy token-window match,Verified PDF locator hint,"Set up and adequately resource M&E units at GVWC, SALWACO and NRRMA",0.930849,0.938875,1.0,0.884793,0.9375,High,Pass,Pending human review,,2026-08-04T20:56:08+00:00
ANC-SLE-048-01,SLE-048,DOC-SLE-WC-2026,Primary Evidence,Text Span,,"PDF p. 18, Appendix 1",18,18,18,18,Programmatic outlook,"0.30 0.30 0.00 0.10 0.10 0.10 0.00 0.00 (iv) Monitor the implementation of the activities outlined in the 0.50 0.50 0.00 0.10 0.10 0.10 0.10 0.10 NWASHSDP to inform policy (v)Design and implementation of framework for collaborating with 0.10 0.10 0.00 0.02 0.02 0,02 0.02 0.00 MLGCA in WASH delivery (vi)Rolling out an M&E system for all local councils 1.30 1.30 0.00 0.50 0.20 0.20 0.20 0.20 Gender, Equity (3) empower both sexes (i) Carry",0 30 0 30 0 00 0 10 0 10 0 10 0 00 0 00 iv monitor the implementation of the activity outlin in the 0 50 0 50 0 00 0 10 0 10 0 10 0 10 0 10 nwashsdp to inform policy v design and implementation of framework for collaborat with 0 10 0 10 0 00 0 02 0 02 0 02 0 02 0 00 mlgca in wash delivery vi roll out an m e system for all local council 1 30 1 30 0 00 0 50 0 20 0 20 0 20 0 20 gender equity 3 empower both sexe i carry,727861730dcac496150fb609aa7c320ad0c0ec555fbc63235a806bbb79b09556,,,"[[276,280],[281,285],[286,290],[291,295],[296,300],[301,305],[306,310],[311,315],[316,381],[408,412],[413,417],[418,422],[423,427],[428,432],[433,437],[438,442],[443,447],[382,407],[448,512],[536,540],[541,545],[546,550],[551,555],[556,560],[561,565],[566,570],[571,575],[513,535],[576,628],[629,633],[634,638],[639,643],[644,648],[649,653],[654,658],[659,663],[664,668],[669,683],[684,706],[707,716]]",Fuzzy token-window match,Standardized Candidate,Adopt a collaboration framework with MLGCA for WASH delivery,0.747502,0.798158,0.904348,0.714286,0.695652,Medium,Pass,Pending human review,,2026-08-04T20:56:08+00:00
ANC-SLE-049-01,SLE-049,DOC-SLE-WC-2026,Duplicate/Sub-action Evidence,Text Span,,"PDF p. 18, Appendix 1",18,18,18,18,Programmatic outlook,(vi)Rolling out an M&E system for all local councils,vi roll out an m e system for all local council,942c5509d204cf73850d30bfe1c73ebb6b7463acebd2762df0d1c9bd2e5b225a,576,628,"[[576,628]]",Fuzzy spatial line-cluster match,Standardized Candidate,Roll out the sector M&E system to all local councils,0.823653,0.880677,0.912281,0.85119,0.8125,High,Pass,Pending human review,,2026-08-04T20:56:08+00:00
ANC-SLE-050-01,SLE-050,DOC-SLE-WC-2026,Primary Evidence,Text Span,,"PDF p. 18, Appendix 1",18,18,18,18,Programmatic outlook,0.20 0.20 0.00 0.100 0.10 0.00 0.00 0.00 (v) Include gender-specific indicators in data collection and analysis to track progress and identify gaps.,0 20 0 20 0 00 0 100 0 10 0 00 0 00 0 00 v include genderspecific indicator in data collection and analysi to track progress and identify gaps,8af26b61dccf552d7b6307de6440f143350749b09c25774ec3567775738bda55,,,"[[1281,1285],[1286,1290],[1291,1295],[1296,1301],[1302,1306],[1307,1311],[1312,1316],[1317,1321],[1322,1395],[1396,1429]]",Fuzzy token-window match,Original Compact Text,Gender-specific sector indicators,0.999,1.0,1.0,1.0,0.827586,High,Pass,Pending human review,,2026-08-04T20:56:08+00:00
ANC-SLE-051-01,SLE-051,DOC-SLE-WC-2026,Primary Evidence,Text Span,,"PDF p. 18, Appendix 1",18,18,18,18,Programmatic outlook,(iv) Establish mentorship programs to support women's career advancement in the WASH sector.,iv establish mentorship program to support women career advancement in the wash sector,81a1b9ffe247f33757a3d32650df2f31976972e22454a084d4207801aa5ae34b,,,"[[1188,1248],[1249,1280]]",Fuzzy spatial line-cluster match,Original Compact Text,Women’s WASH mentorship programs,0.807132,0.863071,0.759124,1.0,0.4,High,Pass,Pending human review,,2026-08-04T20:56:08+00:00
ANC-SLE-052-01,SLE-052,DOC-SLE-WC-2026,Primary Evidence,Text Span,,"PDF p. 8, goals",8,8,8,8,Reform aspiration,Institutional strengthening and capacity building for all water sector institutions.,institutional strengthen and capacity build for all water sector institution,2a3e54856c3c5dc76ef426899455bb9a3457ce5a1eb73d082718c72f0d69dbd4,2427,2511,"[[2427,2511]]",Fuzzy token-window match,Original Compact Text,Strengthen all sector institutions,0.99041,1.0,1.0,1.0,0.721311,High,Pass,Pending human review,,2026-08-04T20:56:08+00:00
ANC-SLE-053-01,SLE-053,DOC-SLE-WC-2026,Primary Evidence,Text Span,,"PDF p. 8, goals",8,8,8,8,Reform aspiration,"Improving water, sanitation, and hygiene sector financing.",improv water sanitation and hygiene sector financ,2e48f30b727bfc715b4798cc114d444695bd39321342503c20858d8ef5a59dd8,2515,2573,"[[2515,2573]]",Fuzzy token-window match,Original Compact Text,Improve WASH sector financing,0.681136,0.712644,1.0,0.553571,0.666667,Medium,Pass,Pending human review,,2026-08-04T20:56:08+00:00
ANC-SLE-054-01,SLE-054,DOC-SLE-WC-2026,Primary Evidence,Text Span,,"PDF p. 10, Priority Action 1",10,10,10,10,Reform aspiration,"This priority will improve service delivery performance, customer engagement, and promote cost- recovery.",this priority will improve service delivery performance customer engagement and promote cost recovery,45b8d5f90b6119104b1a3d0d6abf5fbb56126acaefadb134bfb7692d555e4a49,,,"[[1762,1857],[1858,1867]]",Fuzzy token-window match,Original Compact Text,Improve customer engagement and cost recovery,0.980695,0.95382,0.911717,1.0,0.822222,High,Pass,Pending human review,,2026-08-04T20:56:08+00:00
ANC-SLE-055-01,SLE-055,DOC-SLE-WC-2026,Primary Evidence,Text Span,,"PDF p. 11, Priority Action 3",11,11,11,11,Reform aspiration,Priority Action 3: Invest in Inclusive Sanitation and Hygiene Services with a Gender-responsive,priority action 3 invest in inclusive sanitation and hygiene service with a genderresponsive,1ce4684f46b731ff5bf804fa2dd234dc3382524781ca35efafd445ede758ce96,0,95,"[[0,95]]",Fuzzy spatial line-cluster match,Original Compact Text,Gender-responsive inclusive sanitation,0.744319,0.777328,0.635762,1.0,0.387597,Medium,Pass,Pending human review,,2026-08-04T20:56:08+00:00
ANC-SLE-056-01,SLE-056,DOC-SLE-WC-2026,Exclusion Evidence,Table Cell/Row,,"PDF p. 9, Table 1",9,9,9,9,Target table,Achieve 90% access to at least basic water services,achieve 90 access to at least basic water service,d09fefba583d1543e8715c79d7e753f107dc00c4e08154096cc805480a444097,1437,1488,"[[1437,1488]]",Fuzzy spatial line-cluster match,Original Compact Text,90% basic water access,0.801497,0.802867,0.670659,1.0,0.485714,High,Pass,Pending human review,,2026-08-04T20:56:08+00:00
ANC-SLE-057-01,SLE-057,DOC-SLE-WC-2026,Exclusion Evidence,Table Cell/Row,,"PDF p. 9, Table 1",9,9,9,9,Target table,Sanitation access,sanitation access,08f564f0a154dff457abf8a8497f8d39fba02545c5336bc68ba0ae891abb174c,1538,1555,"[[1538,1555]]",Fuzzy spatial line-cluster match,Original Compact Text,76% sanitation access,0.843599,0.855491,1.0,0.747475,0.918919,High,Pass,Pending human review,,2026-08-04T20:56:08+00:00
ANC-SLE-058-01,SLE-058,DOC-SLE-WC-2026,Exclusion Evidence,Table Cell/Row,,"PDF pp. 9–10, Table 1",9,10,9,9,Target table,Provide at least basic water services to 60% of schools,provide at least basic water service to 60 of school,015facf08b839b28e55dbd7d9d4da3c784f0b2fdea33bcf2e077af297650a045,2471,2526,"[[2471,2526]]",Exact spatial line-cluster phrase,Verified PDF locator hint,Provide at least basic water services to 60% of schools,0.999,1.0,1.0,1.0,1.0,High,Pass,Pending human review,,2026-08-04T20:56:08+00:00
ANC-SLE-059-01,SLE-059,DOC-SLE-WC-2026,Exclusion Evidence,Table Cell/Row,,"PDF p. 9, Table 1",9,9,9,9,Target table,River basin restoration,river basin restoration,259a116747614214a0f600a667557d8d68bd5e0296c4b9fd62b2c73296c70d79,,,"[[2008,2019],[2102,2113]]",Exact spatial line-cluster phrase,Tier 2 Label,Basin restoration,0.78925,0.914992,0.843305,1.0,0.85,High,Pass,Pending human review,,2026-08-04T20:56:08+00:00
ANC-SLE-060-01,SLE-060,DOC-SLE-WC-2026,Exclusion Evidence,Text Span,,"PDF p. 14, Appendix 1",14,14,14,14,Programmatic outlook,(i) Construction of water treatment plants for Freetown & Western Areas.,i construction of water treatment plant for freetown western area,d2bb48445f9eb0562ceba9d4dd656f1dee01146a2279f128afe78a63f825279c,582,654,"[[582,654]]",Exact spatial line-cluster phrase,Verified PDF locator hint,Construction of water treatment plants for Freetown & Western Areas.,0.999,1.0,1.0,1.0,0.984375,High,Pass,Pending human review,,2026-08-04T20:56:08+00:00
ANC-SLE-061-01,SLE-061,DOC-SLE-WC-2026,Exclusion Evidence,Text Span,,"PDF p. 14, Appendix 1",14,14,14,14,Programmatic outlook,(i) Installation of bulk meters on all urban water systems,i installation of bulk meter on all urban water system,391fd7b9cbc015f8f02aefdb836b7a7cd949a924a4d5e8c2a618c7d6be7f1b03,1022,1080,"[[1022,1080]]",Exact spatial line-cluster phrase,Verified PDF locator hint,Installation of bulk meters on all urban water systems,0.999,1.0,1.0,1.0,0.981132,High,Pass,Pending human review,,2026-08-04T20:56:08+00:00
ANC-SLE-062-01,SLE-062,DOC-SLE-WC-2026,Exclusion Evidence,Text Span,,"PDF p. 15, Appendix 1",15,15,15,15,Programmatic outlook,(ii) Implementation of WWTP/Faecal Sludge treatment facilities,ii implementation of wwtpfaecal sludge treatment facility,511b37489f77b8bc77861746bf87577da8c93139cb6c6c106f951e37823b1544,1619,1681,"[[1619,1681]]",Exact spatial line-cluster phrase,Verified PDF locator hint,Implementation of WWTP/Faecal Sludge treatment facilities,0.999,1.0,1.0,1.0,0.972973,High,Pass,Pending human review,,2026-08-04T20:56:08+00:00
ANC-SLE-063-01,SLE-063,DOC-SLE-WC-2026,Exclusion Evidence,Text Span,,"PDF p. 15, Appendix 1",15,15,15,15,Programmatic outlook,(ii) Construction of Hastings Landfill Site (2500tons/day),ii construction of hasting landfill site 2500tonsday,f24f35fea24534232b295cb82ba3316930b2339a553293accfd629a8185c01f8,1892,1950,"[[1892,1950]]",Exact spatial line-cluster phrase,Verified PDF locator hint,Construction of Hastings Landfill Site,0.999,0.954733,0.913386,1.0,0.831461,High,Pass,Pending human review,,2026-08-04T20:56:08+00:00
ANC-SLE-064-01,SLE-064,DOC-SLE-WC-2026,Exclusion Evidence,Text Span,,"PDF p. 16, Appendix 1",16,16,16,16,Programmatic outlook,"(i) Institutional capacity assessment of MWRS, SLEWRC, GVWC,",i institutional capacity assessment of mwrs slewrc gvwc,c2fed2a89f1777c744086b0c983ad52d4d3f995190c2aeb89b906ed24c83c450,1562,1622,"[[1562,1622]]",Exact spatial line-cluster phrase,Original Compact Text,Institutional capacity assessment,0.999,0.864865,0.761905,1.0,0.75,High,Pass,Pending human review,,2026-08-04T20:56:08+00:00
ANC-SLE-065-01,SLE-065,DOC-SLE-WC-2026,Exclusion Evidence,Text Span,,"PDF p. 16, Appendix 1",16,16,16,16,Programmatic outlook,(iv) Build an office unit to house the water sector Ministry and related institutions (Water House),iv build an office unit to house the water sector ministry and relat institution water house,e95a918736b3895845ac784dbff8249de1a8c2cba920aa4e2d8bcdf8a456fdb3,,,"[[2230,2302],[2312,2338]]",Fuzzy spatial line-cluster match,Standardized Candidate,Build an office for the water ministry and institutions,0.824655,0.837758,0.720812,1.0,0.712329,High,Pass,Pending human review,,2026-08-04T20:56:08+00:00
ANC-SLE-066-01,SLE-066,DOC-SLE-WC-2026,Exclusion Evidence,Text Span,,"PDF p. 16, Appendix 1",16,16,16,16,Programmatic outlook,(i) Undertake a staffing audit for a comprehensive understanding of,i undertake a staff audit for a comprehensive understand of,61b0b8f6777499e4fd832c47a227f20f1008235deba707002e30217639899832,2399,2466,"[[2399,2466]]",Exact spatial line-cluster phrase,Original Compact Text,Staffing audit,0.999,0.730832,0.575835,1.0,0.314286,High,Pass,Pending human review,,2026-08-04T20:56:08+00:00
ANC-SLE-067-01,SLE-067,DOC-SLE-WC-2026,Exclusion Evidence,Text Span,,"PDF p. 16, Appendix 1",16,16,16,16,Programmatic outlook,"(ii) Institutional strengthening programs - trainings (on Utility Management, Billing, Project Management) and development of a strategic plan for",ii institutional strengthen program training on utility management bill project management and development of a strategic plan for,db5887c33f8b94a4766ab0155d9aba10fa24d2fbd2d078c98ad8396a8413d2df,,,"[[1750,1827],[1849,1917]]",Exact spatial line-cluster phrase,Verified PDF locator hint,"Institutional strengthening programs - trainings (on Utility Management, Billing, Project Management)",0.999,0.936071,0.879825,1.0,0.801843,High,Pass,Pending human review,,2026-08-04T20:56:08+00:00
ANC-SLE-068-01,SLE-068,DOC-SLE-WC-2026,Exclusion Evidence,Text Span,,"PDF p. 16, Appendix 1",16,16,16,16,Programmatic outlook,"sanitation and hygiene (iv) Improve the visibility of the MWRS by developing a functional website services for the MWRS and populating it with the requisite sector documents 0.10 0.10 0.00 0.10 0.00 0.00 0.00 0.00 (policies, strategies, legal frameworks) and engagement.",sanitation and hygiene iv improve the visibility of the mwrs by develop a functional website service for the mwrs and populat it with the requisite sector document 0 10 0 10 0 00 0 10 0 00 0 00 0 00 0 00 policy strategy legal framework and engagement,d20505a30d79d9d7a809402348917614a4adabbd814b37af4258481a0fd48c95,,,"[[3066,3088],[3089,3163],[3164,3172],[3173,3239],[3240,3244],[3245,3249],[3250,3254],[3255,3259],[3260,3264],[3265,3269],[3270,3274],[3275,3279],[3280,3336]]",Fuzzy token-window match,Original Compact Text,Develop MWRS website,0.86536,0.895636,0.810997,1.0,0.571429,High,Pass,Pending human review,,2026-08-04T20:56:08+00:00
ANC-SLE-069-01,SLE-069,DOC-SLE-WC-2026,Exclusion Evidence,Text Span,,"PDF p. 18, Appendix 1",18,18,18,18,Programmatic outlook,(i) Carry out gender assessment studies across all levels of the water,i carry out gender assessment study across all level of the water,8a63e35391a98340a42e4746fc606469944032ce85f04eedde8ed216ebdae031,707,777,"[[707,777]]",Exact spatial line-cluster phrase,Original Compact Text,Gender assessment studies,0.999,0.747938,0.597365,1.0,0.522727,High,Pass,Pending human review,,2026-08-04T20:56:08+00:00
ANC-SLE-070-01,SLE-070,DOC-SLE-WC-2026,Exclusion Evidence,Table Cell/Row,,"PDF pp. 11–12, financing table",11,12,11,11,Financing table,"Overall, approximately $1 billion (approximately $100 million annually) is estimated to be spent on sector interventions to achieve the goals of this Compact (see roadmap). The highest expenditure in the service",overall approximately 1 billion approximately 100 million annually is estimat to be spent on sector intervention to achieve the goal of this compact see roadmap the highest expenditure in the service,2314b44857df7311b15e569f1d18863e1dcf0f1682d260d7f1084014f2cc4f64,,,"[[1942,2048],[2049,2153]]",Exact spatial line-cluster phrase,Verified PDF locator hint,"Overall, approximately $1 billion (approximately $100 million annually) is estimated to be spent on sector interventions to achieve the goals of this Compact (see roadmap).",0.999,0.96199,0.926764,1.0,0.891365,High,Pass,Pending human review,,2026-08-04T20:56:08+00:00
ANC-JAM-031-CTX-01,JAM-031,DOC-JAM-WC-2026,Context,Text Span,,"PDF p. 5, Section 2.3",5,5,5,5,Target table/narrative,"By 2030, to reduce the emissions of greenhouse gases (GHG) by 20% of the i) emission level at 2019, through energy efficiency improvement measures.",by 2030 to reduce the emission of greenhouse gase ghg by 20 of the i emission level at 2019 through energy efficiency improvement measure,091668d0bfcea9e2c8b3b9b02b6fd10c885565f7e1435b425807ea4dc190b9df,,,"[[789,861],[786,788],[862,933]]",Verified PDF context locator matched to spatial line cluster,Verified PDF context locator,"By 2030, to reduce the emissions of greenhouse gases (GHG) by 20% of the emission level at 2019, through energy efficiency improvement measures.",0.999,1.0,1.0,1.0,0.992647,High,Pass,Pending human review,,2026-08-04T20:56:08+00:00
ANC-JAM-031-CTX-02,JAM-031,DOC-JAM-WC-2026,Context,Text Span,,"PDF p. 5, Section 2.3",5,5,5,5,Target table/narrative,Increasing the share of renewable energy generation to 10% of the energy mix by ii) 2030.,increas the share of renewable energy generation to 10 of the energy mix by ii 2030,d6d27d0c0d2efbb00d0993caa299734fba4e2911b165811f4c5ea2c4ce1daf4d,,,"[[938,1017],[934,937],[1018,1023]]",Verified PDF context locator matched to spatial line cluster,Verified PDF context locator,Increasing the share of renewable energy generation to 10% of the energy mix by 2030.,0.999,1.0,1.0,1.0,0.981595,High,Pass,Pending human review,,2026-08-04T20:56:08+00:00
ANC-JAM-034-CTX-01,JAM-034,DOC-JAM-WC-2026,Context,Text Span,,"PDF p. 6, Section 2.4",6,6,6,6,Target narrative,"Implementing Managed Artificial Recharge (MAR) to store excess irrigation ii) water or treated effluent in stressed aquifers, such as the Lower Rio Cobre Alluvium and Rio Minho Limestone, will be pursued to ensure long-term supply.",implement manag artificial recharge mar to store excess irrigation ii water or treat effluent in stress aquifer such as the lower rio cobre alluvium and rio minho limestone will be pursu to ensure longterm supply,d1a18b19c71dddaf37e7643f97dde80b70119676a8dc4727deaa8000641cac5f,,,"[[269,342],[265,268],[343,418],[419,496]]",Verified PDF context locator matched to spatial line cluster,Verified PDF context locator,"Implementing Managed Artificial Recharge (MAR) to store excess irrigation water or treated effluent in stressed aquifers, such as the Lower Rio Cobre Alluvium and Rio Minho Limestone, will be pursued to ensure long-term supply.",0.999,1.0,1.0,1.0,0.992874,High,Pass,Pending human review,,2026-08-04T20:56:08+00:00
ANC-JAM-036-CTX-01,JAM-036,DOC-JAM-WC-2026,Context,Text Span,,"PDF pp. 6–7, Section 3.1",6,7,6,6,Infrastructure roadmap,(b) Energy Efficiency Improvement: Implementing projects that have been developed to improve NWC’s energy efficiency levels and reduce energy cost (now about 30% of,b energy efficiency improvement implement project that have been develop to improve nwcs energy efficiency level and reduce energy cost now about 30 of,427ae801bc34562ebad10620b26c88bae1e62e307fcc1d4290d7c3f1fe703e52,,,"[[1682,1766],[1767,1846]]",Verified PDF context locator matched to spatial line cluster,Verified PDF context locator,Energy Efficiency Improvement: Implementing projects that have been developed to improve NWC’s energy efficiency levels and reduce energy cost,0.999,0.946928,0.899206,1.0,0.93662,High,Pass,Pending human review,,2026-08-04T20:56:08+00:00
ANC-JAM-036-CTX-02,JAM-036,DOC-JAM-WC-2026,Context,Text Span,,"PDF pp. 6–7, Section 3.1",6,7,6,6,Infrastructure roadmap,(c) Expand Sewerage Coverage: Expand the Soapberry Wastewater Treatment Plant by 2030 to accommodate the additional sewage flows from the continued extension of the sewer,c expand sewerage coverage expand the soapberry wastewater treatment plant by 2030 to accommodate the additional sewage flow from the continu extension of the sewer,b6bd6c0cf6d7d471d13f298120aeae61e7c49124148ca80ed1326f09ee00fc7e,,,"[[2035,2120],[2121,2205]]",Verified PDF context locator matched to spatial line cluster,Verified PDF context locator,Expand Sewerage Coverage: Expand the Soapberry Wastewater Treatment Plant by 2030 to accommodate the additional sewage flows,0.999,0.956818,0.91721,1.0,0.853147,High,Pass,Pending human review,,2026-08-04T20:56:08+00:00
ANC-JAM-036-CTX-03,JAM-036,DOC-JAM-WC-2026,Context,Text Span,,"PDF pp. 6–7, Section 3.1",6,7,6,6,Infrastructure roadmap,"(d) Renewable Energy Systems - Installation of photovoltaic systems at selected pump stations and office buildings, as well as at other locations such as the Mona Reservoir",d renewable energy system installation of photovoltaic system at select pump station and office building as well as at other location such as the mona reservoir,b7afffe1c5156174b898a22135f0b59936ec0dee9f11229797ac58bbbd0e6bb1,,,"[[2316,2400],[2401,2488]]",Verified PDF context locator matched to spatial line cluster,Verified PDF context locator,"Renewable Energy Systems - Installation of photovoltaic systems at selected pump stations and office buildings, as well as at other locations such as the Mona Reservoir",0.999,1.0,1.0,1.0,0.993711,High,Pass,Pending human review,,2026-08-04T20:56:08+00:00
ANC-SLE-058-CTX-01,SLE-058,DOC-SLE-WC-2026,Context,Text Span,,"PDF pp. 9–10, Table 1",9,10,10,10,Target table,Provide at least basic water services to 80% of healthcare facilities,provide at least basic water service to 80 of healthcare facility,888de5b52c165d97fbde87ddd47177b5bfa473cfeda282dab9288c05caee6f66,,,"[[51,109],[139,149]]",Verified PDF context locator matched to spatial line cluster,Verified PDF context locator,Provide at least basic water services to 80% of healthcare facilities,0.999,1.0,1.0,1.0,1.0,High,Pass,Pending human review,,2026-08-04T20:56:08+00:00
ANC-SLE-061-CTX-01,SLE-061,DOC-SLE-WC-2026,Context,Text Span,,"PDF p. 14, Appendix 1",14,14,14,14,Programmatic outlook,(ii) Installation of zonal meters and customer meters for consumers on a flat rate,ii installation of zonal meter and customer meter for consumer on a flat rate,77179bf7c912edfc97a16d80a65009d9db1bed0095bd5d5fa739711924510ac5,,,"[[1146,1218],[1219,1228]]",Verified PDF context locator matched to spatial line cluster,Verified PDF context locator,Installation of zonal meters and customer meters for consumers on a flat rate,0.999,1.0,1.0,1.0,0.980132,High,Pass,Pending human review,,2026-08-04T20:56:08+00:00
ANC-SLE-061-CTX-02,SLE-061,DOC-SLE-WC-2026,Context,Text Span,,"PDF p. 14, Appendix 1",14,14,14,14,Programmatic outlook,(iii) Establish DMA and water loss reduction programs,iii establish dma and water loss reduction program,bf7816c166269d96686b690ce79a716d97ddb255be3ab1517f19f740cd4dd32d,1269,1322,"[[1269,1322]]",Verified PDF context locator matched to spatial line cluster,Verified PDF context locator,Establish DMA and water loss reduction programs,0.999,0.947469,0.900181,1.0,0.958333,High,Pass,Pending human review,,2026-08-04T20:56:08+00:00
ANC-SLE-063-CTX-01,SLE-063,DOC-SLE-WC-2026,Context,Text Span,,"PDF p. 15, Appendix 1",15,15,15,15,Programmatic outlook,(iii) Construction of MRF/Composting Areas (200tons/day),iii construction of mrfcompost area 200tonsday,b58ba451448fbd4bf0813e80fe3f2b5afb4419539af81d44d6d58bfb93bc2448,1996,2052,"[[1996,2052]]",Verified PDF context locator matched to spatial line cluster,Verified PDF context locator,Construction of MRF/Composting Areas,0.999,0.894837,0.809689,1.0,0.805195,High,Pass,Pending human review,,2026-08-04T20:56:08+00:00
ANC-CAM-034-CTX-01,CAM-034,DOC-CAM-WC-2026,Context,Text Span,,"PDF pp. 10–11, Table 3",10,11,10,10,Activity roadmap,"Scale up credit enhancements for water supply sector [MISTI, CGCC]",scale up credit enhancement for water supply sector misti cgcc,9c708bdb0917dc99ee4ff2ec0307dfa157fcf999d598edd7d3b1df4c3481c221,,,"[[1561,1589],[1609,1640],[1664,1669]]",Verified PDF context locator matched to spatial line cluster,Verified PDF context locator,"Scale up credit enhancements for water supply sector [MISTI, CGCC]",0.999,1.0,1.0,1.0,1.0,High,Pass,Pending human review,,2026-08-04T20:56:08+00:00
ANC-CAM-079-CTX-01,CAM-079,DOC-CAM-WC-2026,Context,Text Span,,"PDF pp. 14–22, Tables 4–5",14,22,14,14,Investment tables,Table 4. Ongoing Investments,table 4 ongo investment,b8d2706c5c8bc52a24ae0346cdc409d7d3f82d03b8a44e54cf2a4159ff3c5659,1167,1195,"[[1167,1195]]",Verified PDF context locator matched to spatial line cluster,Verified PDF context locator,Table 4. Ongoing Investments,0.999,1.0,1.0,1.0,1.0,High,Pass,Pending human review,,2026-08-04T20:56:08+00:00
ANC-CAM-079-CTX-02,CAM-079,DOC-CAM-WC-2026,Context,Text Span,,"PDF pp. 14–22, Tables 4–5",14,22,20,20,Investment tables,Table 5. Pipeline Investments,table 5 pipeline investment,2830f9c7b1ccfb45d40c18874e7a97af840be475d24d3f791af560ba614a77af,1173,1202,"[[1173,1202]]",Verified PDF context locator matched to spatial line cluster,Verified PDF context locator,Table 5. Pipeline Investments,0.999,1.0,1.0,1.0,1.0,High,Pass,Pending human review,,2026-08-04T20:56:08+00:00
ANC-CAM-013-ASP,CAM-013,DOC-CAM-WC-2026,Aspiration,Table Cell/Row,CAM-013,"PDF p. 6, Table 2",6,6,6,6,Priority reform table,4. Improve long-term planning for wastewater infrastructure,4 improve longterm plann for wastewater infrastructure,d333078ae06595b8d9157bf7241503c768067fde8f46591ab3674d49ad352559,1844,1903,"[[1844,1903]]",Reused verified PDF-token span from candidate anchor,Standardized Candidate,Strengthen long-term wastewater infrastructure planning,0.903351,0.959529,0.922207,1.0,0.704762,High,Pass,Pending human review,,2026-08-04T20:56:08+00:00
ANC-CAM-013-MECH-01,CAM-013,DOC-CAM-WC-2026,Explicit Mechanism,Text Span,CAM-027,"PDF p. 10, Table 3",10,10,10,10,Activity roadmap,"2029 - 2030 Strengthening policy, - Establish water supply - Strengthen regulatory institution and regulator [MISTI] enforcement in water supply regulations in water - Develop new water supply [MISTI] supply and sanitation law [MISTI] - Strengthen provincial - Update national policy for institutional framework for Water Supply and Sanitation wastewater through setting up [MISTI, MPWT, MRD] utilities /corporatized - Establish fecal sludge structures [MPWT] management framework [MPWT] - Develop a ten-year national urban/sub-urban sanitation strategy",2029 2030 strengthen policy establish water supply strengthen regulatory institution and regulator misti enforcement in water supply regulation in water develop new water supply misti supply and sanitation law misti strengthen provincial update national policy for institutional framework for water supply and sanitation wastewater through sett up misti mpwt mrd utility corporatiz establish fecal sludge structure mpwt management framework mpwt develop a tenyear national urbansuburban sanitation strategy,50a3aa2dcca85a9c3714fddd7605cae41927820f46a47afbaa4e662c6b26b7d3,,,"[[24,35],[36,57],[58,59],[60,82],[83,84],[85,106],[107,122],[123,140],[141,168],[169,189],[190,191],[192,216],[217,224],[225,246],[247,258],[259,260],[261,282],[283,284],[285,311],[312,339],[340,367],[368,397],[398,416],[417,440],[441,442],[443,465],[466,483],[484,504],[505,511],[512,513],[514,541],[542,568],[569,577]]",Linked candidate's verified PDF-token span,Original Compact Text,Ten-year urban sanitation strategy,0.832096,0.845227,0.892368,0.802817,0.795181,High,Pass,Pending human review,,2026-08-04T20:56:08+00:00
ANC-CAM-015-ASP,CAM-015,DOC-CAM-WC-2026,Aspiration,Table Cell/Row,CAM-015,"PDF p. 7, Table 2",7,7,7,7,Priority reform table,1. Strengthen regulatory enforcement and investment planning under the wastewater and fecal sludge management,1 strengthen regulatory enforcement and investment plann under the wastewater and fecal sludge management,0daf5bb6a128743ff94fe543ebca2f7dd2a5d320bbaaf520556705f560594b08,,,"[[42,93],[125,182]]",Reused verified PDF-token span from candidate anchor,Standardized Candidate,Strengthen wastewater regulatory enforcement and investment planning,0.832014,0.880694,0.786822,1.0,0.635294,High,Pass,Pending human review,,2026-08-04T20:56:08+00:00
ANC-CAM-015-MECH-01,CAM-015,DOC-CAM-WC-2026,Explicit Mechanism,Table Cell/Row,CAM-012,"PDF p. 6, Table 2",6,6,6,6,Priority reform table,3. Develop National Wastewater and Fecal Sludge Management Action Plan (2025-2035). (completed),3 develop national wastewater and fecal sludge management action plan 20252035 complet,a9ad25bfaae2edc8ba947eddd9abd244f449c6320c51117e7081b5133fb37f66,,,"[[1720,1767],[1796,1843]]",Linked candidate's verified PDF-token span,Original Compact Text,Wastewater and fecal sludge action plan,0.857034,0.851752,0.741784,1.0,0.624,High,Pass,Pending human review,,2026-08-04T20:56:08+00:00
ANC-CAM-033-ASP,CAM-033,DOC-CAM-WC-2026,Aspiration,Text Span,CAM-033,"PDF p. 10, Table 3",10,10,10,10,Activity roadmap,Improve creditworthiness of water utilities [MISTI],improve creditworthiness of water utility misti,13745f35e7e9eca058426fa05157792d67f4cd4f5d90f36546ef82d6b314fd91,,,"[[1431,1458],[1486,1509]]",Reused verified PDF-token span from candidate anchor,Standardized Candidate,Improve the creditworthiness of water utilities,0.929936,0.932515,0.873563,1.0,0.891304,High,Pass,Pending human review,,2026-08-04T20:56:08+00:00
ANC-CAM-060-ASP,CAM-060,DOC-CAM-WC-2026,Aspiration,Text Span,CAM-060,"PDF p. 4, goals narrative",4,4,4,4,Narrative commitment,"Water for Planet The Government commits to protecting 450,000 hectares of agricultural land from flood and drought damage, developing a comprehensive flood management strategy that combines risk-informed land-use planning, physical infrastructure improvements, and nature-based solutions, and improving emergency response procedures.",water for planet the government commit to protect 450 000 hectare of agricultural land from flood and drought damage develop a comprehensive flood management strategy that combine riskinform landuse plann physical infrastructure improvement and naturebas solution and improv emergency response procedure,0e2f964ce5d5b7c1ec62ea7f5fc1ea745b5d32e53c477819bb0e8805f849cf1a,,,"[[1245,1261],[1262,1359],[1360,1448],[1449,1537],[1538,1578]]",Reused verified PDF-token span from candidate anchor,Original Compact Text,Develop comprehensive flood management strategy,0.999,1.0,1.0,1.0,0.906977,High,Pass,Pending human review,,2026-08-04T20:56:08+00:00
ANC-CAM-061-ASP,CAM-061,DOC-CAM-WC-2026,Aspiration,Text Span,CAM-061,"PDF p. 4, goals narrative",4,4,4,4,Narrative commitment,"This commitment also recognizes groundwater as a strategic resource, promoting its sustainable assessment, protection, and conjunctive use with surface water to enhance climate resilience and year-round water security.",this commitment also recognize groundwater as a strategic resource promot its sustainable assessment protection and conjunctive use with surface water to enhance climate resilience and yearround water security,9310d8af776300d4ac10eccb3f2f9145e63a491595a27ee815592929e4f011ae,,,"[[1579,1627],[1628,1722],[1723,1797]]",Reused verified PDF-token span from candidate anchor,Standardized Candidate,"Strengthen sustainable groundwater assessment, protection, and conjunctive use",0.866323,0.923505,0.857881,1.0,0.681818,High,Pass,Pending human review,,2026-08-04T20:56:08+00:00
ANC-CAM-061-MECH-01,CAM-061,DOC-CAM-WC-2026,Explicit Mechanism,Table Cell/Row,CAM-024,"PDF p. 8, Table 2",8,8,8,8,Priority reform table,1. Sub-Decree on Groundwater Management to regulate,1 subdecree on groundwater management to regulate,b2ed3b6cef85d5d68bc1d72c35d99d144814f537a569dedc61be90f8246a6df7,42,93,"[[42,93]]",Linked candidate's verified PDF-token span,Original Compact Text,Sub-decree on Groundwater Management,0.999,0.903678,0.824281,1.0,0.833333,High,Pass,Pending human review,,2026-08-04T20:56:08+00:00
ANC-CAM-064-ASP,CAM-064,DOC-CAM-WC-2026,Aspiration,Text Span,CAM-064,"PDF p. 8, roadmap narrative",8,8,8,8,Roadmap narrative,"The RGC also commits to enhancing the strategic role of the state while creating incentives for private sector investment in prioritized geographic locations, Special Economic Zones, industrial parks, clusters of micro/small/medium enterprises, and economic poles.",the rgc also commit to enhanc the strategic role of the state while creat incentive for private sector investment in prioritiz geographic location special economic zone industrial park cluster of microsmallmedium enterprise and economic pole,295833242210f15ecb5d782eec3c037aad1f445e53760a3544ec141e6c176509,,,"[[1150,1221],[1222,1316],[1317,1407],[1408,1414]]",Reused verified PDF-token span from candidate anchor,Standardized Candidate,Create incentives for private water-sector investment,0.725896,0.752412,1.0,0.603093,0.83871,Medium,Pass,Pending human review,,2026-08-04T20:56:08+00:00
ANC-CAM-065-ASP,CAM-065,DOC-CAM-WC-2026,Aspiration,Text Span,CAM-065,"PDF p. 9, roadmap narrative",9,9,9,9,Roadmap narrative,"The Cambodia Climate Resilient and Integrated Water Resources Management (IWRM) Action Plan 2026-2030 commits to strengthening river basin governance across Cambodia's five priority basins including several that are hydrologically transboundary in nature, promoting multi-purpose water management, improving groundwater management and use and enhancing water governance financing.",the cambodia climate resilient and integrat water resource management iwrm action plan 20262030 commit to strengthen river basin governance across cambodia five priority basin includ several that are hydrologically transboundary in nature promot multipurpose water management improv groundwater management and use and enhanc water governance financ,4b7d6dd66267a7aca0d1fd02e71e455b4a19bfd3b53c5768fd55366643d06975,,,"[[1815,1876],[1877,1964],[1965,2062],[2063,2153],[2154,2195]]",Reused verified PDF-token span from candidate anchor,Original Compact Text,Strengthen governance across five basins,0.951505,0.948646,0.902309,1.0,0.657895,High,Pass,Pending human review,,2026-08-04T20:56:08+00:00
ANC-CAM-065-MECH-01,CAM-065,DOC-CAM-WC-2026,Explicit Mechanism,Table Cell/Row,CAM-025,"PDF p. 8, Table 2",8,8,8,8,Priority reform table,"1. Sub-Decree on the establishment of river basin committees and river basin management plans,",1 subdecree on the establishment of river basin committee and river basin management plan,f1b2d0a56cab21f3b708de835cbe9f51fa345c8044ac963978267c6df80a101b,,,"[[290,339],[360,404]]",Linked candidate's verified PDF-token span,Original Compact Text,Sub-decree on river basin committees,0.746365,0.710183,0.550607,1.0,0.552846,Medium,Pass,Pending human review,,2026-08-04T20:56:08+00:00
ANC-CAM-066-ASP,CAM-066,DOC-CAM-WC-2026,Aspiration,Text Span,CAM-066,"PDF p. 9, roadmap narrative",9,9,9,9,Roadmap narrative,"The Cambodia Climate Resilient and Integrated Water Resources Management (IWRM) Action Plan 2026-2030 commits to strengthening river basin governance across Cambodia's five priority basins including several that are hydrologically transboundary in nature, promoting multi-purpose water management, improving groundwater management and use and enhancing water governance financing.",the cambodia climate resilient and integrat water resource management iwrm action plan 20262030 commit to strengthen river basin governance across cambodia five priority basin includ several that are hydrologically transboundary in nature promot multipurpose water management improv groundwater management and use and enhanc water governance financ,4b7d6dd66267a7aca0d1fd02e71e455b4a19bfd3b53c5768fd55366643d06975,,,"[[1815,1876],[1877,1964],[1965,2062],[2063,2153],[2154,2195]]",Reused verified PDF-token span from candidate anchor,Standardized Candidate,Enhance financing for water governance,0.715727,0.756066,0.843305,0.685185,0.666667,Medium,Pass,Pending human review,,2026-08-04T20:56:08+00:00
ANC-CAM-067-ASP,CAM-067,DOC-CAM-WC-2026,Aspiration,Table Cell/Row,CAM-067,"PDF p. 5, Table 1",5,5,5,5,Target table,Increased access to safely managed,increas access to safely manag,5d634b1b4e65581cddb2f106792374fde4ac46f3054e6d43948a020d19fba969,100,134,"[[100,134]]",Reused verified PDF-token span from candidate anchor,Original Compact Text,100% safely managed water,0.679383,0.692082,0.682081,0.702381,0.5,Medium,Pass,Pending human review,,2026-08-04T20:56:08+00:00
ANC-CAM-068-ASP,CAM-068,DOC-CAM-WC-2026,Aspiration,Table Cell/Row,CAM-068,"PDF p. 5, Table 1",5,5,5,5,Target table,Increased access to safely managed sanitation service,increas access to safely manag sanitation service,239e2c475a64cc164846c0b9f188cb47d6dfbcfa9500d3889ff4bbcaeb1316d9,,,"[[173,207],[225,243]]",Reused verified PDF-token span from candidate anchor,Original Compact Text,60% safely managed sanitation,0.738672,0.754857,0.712042,0.80315,0.64,Medium,Pass,Pending human review,,2026-08-04T20:56:08+00:00
ANC-CAM-069-ASP,CAM-069,DOC-CAM-WC-2026,Aspiration,Table Cell/Row,CAM-069,"PDF p. 5, Table 1",5,5,5,5,Target table,Increased proportion of treated wastewater,increas proportion of treat wastewater,2bd56c0004f32252d09f3406231cb036c5faccacaed3b5dd9c50dff24ceea5fc,,,"[[244,275],[291,301]]",Reused verified PDF-token span from candidate anchor,Original Compact Text,50% wastewater safely treated,0.593348,0.629712,0.720812,0.559055,0.34375,Medium,Pass,Pending human review,,2026-08-04T20:56:08+00:00
ANC-CAM-070-ASP,CAM-070,DOC-CAM-WC-2026,Aspiration,Text Span,CAM-070,"PDF p. 4, goals narrative",4,4,4,4,Target narrative,"In addition, the RGC commits to ensure that 50% of municipal wastewater is safely treated through the expansion of wastewater infrastructure and service in major cities and secondary towns.4 Water for Food By 2030, the RGC, through the Ministry of Water Resources and Meteorology (MOWRAM), aims to achieve its target of bringing irrigated agricultural land up to 1.7 million hectares, benefitting an equivalent of 6.9 million people through modernized irrigation services and improved agricultural productivity,",in addition the rgc commit to ensure that 50 of municipal wastewater is safely treat through the expansion of wastewater infrastructure and service in major city and secondary town 4 water for food by 2030 the rgc through the ministry of water resource and meteorology mowram aims to achieve its target of bring irrigat agricultural land up to 1 7 million hectare benefitt an equivalent of 6 9 million people through moderniz irrigation service and improv agricultural productivity,3b6f657edddd1944eac7464fa7458e99ff57b666fc7bb3a0ba812a4e1fa4c173,,,"[[634,684],[685,778],[779,824],[825,839],[840,931],[932,1033],[1034,1131],[1132,1145]]",Reused verified PDF-token span from candidate anchor,Standardized Candidate,Expand irrigated agricultural land to 1.7 million hectares,0.761664,0.787913,0.927536,0.684825,0.895238,High,Pass,Pending human review,,2026-08-04T20:56:08+00:00
ANC-CAM-071-ASP,CAM-071,DOC-CAM-WC-2026,Aspiration,Text Span,CAM-071,"PDF p. 4, goals narrative",4,4,4,4,Target narrative,"Water for Planet The Government commits to protecting 450,000 hectares of agricultural land from flood and drought damage, developing a comprehensive flood management strategy that combines risk-informed land-use planning, physical infrastructure improvements, and nature-based solutions, and improving emergency response procedures.",water for planet the government commit to protect 450 000 hectare of agricultural land from flood and drought damage develop a comprehensive flood management strategy that combine riskinform landuse plann physical infrastructure improvement and naturebas solution and improv emergency response procedure,0e2f964ce5d5b7c1ec62ea7f5fc1ea745b5d32e53c477819bb0e8805f849cf1a,,,"[[1245,1261],[1262,1359],[1360,1448],[1449,1537],[1538,1578]]",Reused verified PDF-token span from candidate anchor,Standardized Candidate,Protect agricultural land from flood and drought damage,0.909946,0.935972,0.87965,1.0,0.859375,High,Pass,Pending human review,,2026-08-04T20:56:08+00:00
ANC-CAM-072-ASP,CAM-072,DOC-CAM-WC-2026,Aspiration,Table Cell/Row,CAM-072,"PDF p. 5, Table 1",5,5,5,5,Target table,"hydrological stations, 51 automated weather",hydrological station 51 automat weather,41dd39c9f21d2d7b5e62637f3c63d0c5614c49ed1a387b3d88fcbaaceaa15b9a,,,"[[802,824],[852,872]]",Reused verified PDF-token span from candidate anchor,Standardized Candidate,Expand automated hydrological and weather stations,0.775538,0.870944,0.91654,0.82967,0.534884,High,Pass,Pending human review,,2026-08-04T20:56:08+00:00
ANC-JAM-005-ASP,JAM-005,DOC-JAM-WC-2026,Aspiration,Text Span,JAM-005,"PDF p. 4, Section 2.2",4,4,4,4,Target narrative,"Watershed Protection: Establish protective measures for the 26 Watershed ii) Management Units (WMUs) and identify high-priority, sensitive water bodies for enhanced conservation.",watersh protection establish protective measure for the 26 watersh ii management unit wmus and identify highpriority sensitive water body for enhanc conservation,19bb570b117a46017e1795eb9ea8f650111d4ba06d3894b5ce4fd643dde2d43f,,,"[[820,892],[816,819],[893,971],[972,994]]",Reused verified PDF-token span from candidate anchor,Standardized Candidate,Establish protective measures for all 26 Watershed Management Units,0.893378,0.942263,1.0,0.89083,0.952381,High,Pass,Pending human review,,2026-08-04T20:56:08+00:00
ANC-JAM-006-ASP,JAM-006,DOC-JAM-WC-2026,Aspiration,Text Span,JAM-006,"PDF p. 5, Section 2.3",5,5,5,5,Target narrative,(e) Strengthen the management of septage to reduce environmental harm and risks to public health.,e strengthen the management of septage to reduce environmental harm and risk to public health,ed07903acbf693eeedc7354479420031a3d69562522af18655d75bdc24fee79c,,,"[[1447,1536],[1537,1544]]",Reused verified PDF-token span from candidate anchor,Original Compact Text,Strengthen septage management,0.962202,1.0,1.0,1.0,0.738462,High,Pass,Pending human review,,2026-08-04T20:56:08+00:00
ANC-JAM-007-ASP,JAM-007,DOC-JAM-WC-2026,Aspiration,Text Span,JAM-007,"PDF p. 6, Section 2.4",6,6,6,6,Target narrative,GOJ undertakes to further explore the implementation of cost-recovery tariffs to iii) reduce the National Irrigation Commission’s (NIC) dependence on government subsidies (which currently cover a significant portion of National Irrigation Commission revenue).,goj undertake to further explore the implementation of costrecovery tariff to iii reduce the national irrigation commission nic dependence on government subsidy which currently cover a significant portion of national irrigation commission revenue,3c50c322de39a4da3f2f03d589484870e7d33cc5b1204545b342a8d0242e3ba4,,,"[[502,582],[497,501],[583,657],[658,735],[736,756]]",Reused verified PDF-token span from candidate anchor,Standardized Candidate,Develop cost-recovery tariffs for irrigation services,0.763487,0.837447,0.899452,0.783439,0.640777,High,Pass,Pending human review,,2026-08-04T20:56:08+00:00
ANC-JAM-010-ASP,JAM-010,DOC-JAM-WC-2026,Aspiration,Text Span,JAM-010,"PDF p. 7, Section 3.2",7,7,7,7,Institutional reform section,"3.2 National Objectives for Water Sector Institutional Reform GOJ will pursue institutional reforms to strengthen policy implementation, regulation, and coordination, including: (a) Strengthening water sector governance and inter-agency coordination mechanisms.",3 2 national objective for water sector institutional reform goj will pursue institutional reform to strengthen policy implementation regulation and coordination includ a strengthen water sector governance and interagency coordination mechanism,c429842e595528f05b8dbf83a44281f581ebb44de167e56b9671128bc8ced7c2,,,"[[198,259],[260,350],[351,375],[376,459]]",Reused verified PDF-token span from candidate anchor,Original Compact Text,Strengthen governance and coordination,0.94827,0.930468,0.869976,1.0,0.701299,High,Pass,Pending human review,,2026-08-04T20:56:08+00:00
ANC-JAM-010-MECH-01,JAM-010,DOC-JAM-WC-2026,Explicit Mechanism,Text Span,JAM-001,"PDF p. 3, Section 2.2",3,3,3,3,Target narrative,The key targets for water resources management are the following: (a) Integrated Water Resources Management (IWRM) - The Water Resources Advisory Committee (WRAC) will be established.,the key target for water resource management are the follow a integrat water resource management iwrm the water resource advisory committee wrac will be establish,37865a6813cfa3a25f2089595caf2a4802b2bcae9cc62f596f5689d5e1b067a4,,,"[[1719,1784],[1785,1864],[1865,1902]]",Linked candidate's verified PDF-token span,Original Compact Text,Establish Water Resources Advisory Committee,0.999,1.0,1.0,1.0,0.868421,High,Pass,Pending human review,,2026-08-04T20:56:08+00:00
ANC-JAM-010-MECH-02,JAM-010,DOC-JAM-WC-2026,Explicit Mechanism,Text Span,JAM-026,"PDF p. 9, Section 4",9,9,9,9,Implementation monitoring,"• Institutional responsibilities: Designation of responsible entities for data collection, consolidation, and reporting, under overall coordination led by the IWRMC.",institutional responsibility designation of responsible entity for data collection consolidation and report under overall coordination led by the iwrmc,09bf42997c8b87aa17bdf3536d53844457cb9cf55be89a5b10e0a0ac11044488,,,"[[1948,1949],[1950,2026],[2027,2106],[2107,2113]]",Linked candidate's verified PDF-token span,Standardized Candidate,Assign institutional responsibilities for Compact data and reporting,0.708826,0.765708,0.703344,0.840206,0.564706,Medium,Pass,Pending human review,,2026-08-04T20:56:08+00:00
ANC-JAM-011-ASP,JAM-011,DOC-JAM-WC-2026,Aspiration,Text Span,JAM-011,"PDF p. 7, Section 3.2",7,7,7,7,Institutional reform section,(b) Strengthening and operationalizing basin-level water resources management institutions and planning arrangements across Jamaica’s 26 Watershed Management Areas.,b strengthen and operationaliz basinlevel water resource management institution and plann arrangement across jamaica 26 watersh management area,8bce662e3bd15fb278167c5b1c665ef8e6616c0a25ad7d08306ca3bd91f803b0,,,"[[460,550],[551,624]]",Reused verified PDF-token span from candidate anchor,Tier 2 Label,Basin-level institutions and planning,0.689774,0.894837,0.809689,1.0,0.711111,Medium,Pass,Pending human review,,2026-08-04T20:56:08+00:00
ANC-JAM-012-ASP,JAM-012,DOC-JAM-WC-2026,Aspiration,Text Span,JAM-012,"PDF p. 7, Section 3.2",7,7,7,7,Institutional reform section,"(c) GOJ will focus on enhancing institutional, financing and policy measures for the long-",c goj will focu on enhanc institutional financ and policy measure for the long,d7cf256c78e018ccc5b6d90342da8fdfe6b382e3dc884c1cd209a4a7c618b14b,625,715,"[[625,715]]",Reused verified PDF-token span from candidate anchor,Original Compact Text,"Institutional, financing and policy measures",0.999,0.843305,0.729064,1.0,0.666667,High,Pass,Pending human review,,2026-08-04T20:56:08+00:00
ANC-JAM-014-ASP,JAM-014,DOC-JAM-WC-2026,Aspiration,Text Span,JAM-014,"PDF p. 7, Section 3.2",7,7,7,7,Institutional reform section,"National Environment and Planning Agency (NEPA), the environment regulator, ii) to strengthen oversight of the operations of wastewater treatment facilities and the quality of the effluent discharges from these facilities.",national environment and plann agency nepa the environment regulator ii to strengthen oversight of the operation of wastewater treatment facility and the quality of the effluent discharge from these facility,7d803defb23ccc1017109669524ae935634d274a3d12023bf32502897ef1926b,,,"[[1449,1524],[1445,1448],[1525,1609],[1610,1667]]",Reused verified PDF-token span from candidate anchor,Standardized Candidate,Strengthen NEPA oversight of wastewater treatment and effluent,0.74691,0.828479,0.795031,0.864865,0.682635,Medium,Pass,Pending human review,,2026-08-04T20:56:08+00:00
ANC-JAM-015-ASP,JAM-015,DOC-JAM-WC-2026,Aspiration,Text Span,JAM-015,"PDF p. 7, Section 3.2",7,7,7,7,Institutional reform section,"Water Resources Authority (WRA), the water abstraction regulator, to ensure the iii) optimal use of the country’s water resources.",water resource authority wra the water abstraction regulator to ensure the iii optimal use of the country water resource,1d2a457f77ee91990e578bd5ef20845130df77278b8a7f5aa8504acc725ad60e,,,"[[1673,1752],[1668,1672],[1753,1798]]",Reused verified PDF-token span from candidate anchor,Original Compact Text,WRA abstraction regulation,0.719156,0.767568,1.0,0.622807,0.588235,Medium,Pass,Pending human review,,2026-08-04T20:56:08+00:00
ANC-JAM-016-ASP,JAM-016,DOC-JAM-WC-2026,Aspiration,Text Span,JAM-016,"PDF p. 7, Section 3.2",7,7,7,7,Institutional reform section,"Ministry of Health, to provide effective oversight of drinking water quality and iv) the use of sanitation facilities.",ministry of health to provide effective oversight of drink water quality and iv the use of sanitation facility,2ec668a79fa5af3616b662f2c25548560054853442d5a3db5851079934fe0030,,,"[[1803,1883],[1799,1802],[1884,1917]]",Reused verified PDF-token span from candidate anchor,Standardized Candidate,Strengthen Ministry of Health oversight of drinking water and sanitation,0.815529,0.838899,0.722503,1.0,0.648045,High,Pass,Pending human review,,2026-08-04T20:56:08+00:00
ANC-JAM-016-MECH-01,JAM-016,DOC-JAM-WC-2026,Explicit Mechanism,Text Span,JAM-023,"PDF p. 9, Section 3.4",9,9,9,9,Policy and governance reform list,"• Establishing legislation that recognizes the role of the Ministry of Health in regulating drinking, and addresses surveillance and monitoring of drinking water supplies.",establish legislation that recognize the role of the ministry of health in regulat drink and addresse surveillance and monitor of drink water supply,d76abdd045f1748f0de0b7988b5690c7e65c97d60305db318602203eefe7991d,,,"[[584,585],[586,664],[665,745],[746,755]]",Linked candidate's verified PDF-token span,Original Compact Text,Legislation recognizing MoH regulatory role,0.597047,0.544583,0.837758,0.403409,0.746667,Medium,Pass,Pending human review,,2026-08-04T20:56:08+00:00
ANC-JAM-017-ASP,JAM-017,DOC-JAM-WC-2026,Aspiration,Text Span,JAM-017,"PDF p. 7, Section 3.2",7,7,7,7,Institutional reform section,"(e) Strengthening data systems, monitoring, and analytical capacity to support evidence- based water management.",e strengthen data system monitor and analytical capacity to support evidence bas water management,f418a1045fd6658bfb08bf074d4038c0844870f5f67f6d62bfb35c005535a590,,,"[[1918,2006],[2007,2030]]",Reused verified PDF-token span from candidate anchor,Standardized Candidate,"Strengthen sector data systems, monitoring, and analytical capacity",0.971558,1.0,1.0,1.0,0.923077,High,Pass,Pending human review,,2026-08-04T20:56:08+00:00
ANC-JAM-017-MECH-01,JAM-017,DOC-JAM-WC-2026,Explicit Mechanism,Text Span,JAM-002,"PDF p. 4, Section 2.2",4,4,4,4,Target narrative,"This will be done to ensure accurate assessment of safe yield and climate change impacts Data Automation: It is planned to transition data collection from remote devices ii) to more labor-efficient, automated hydrological data collection systems using radar gauges and real-time monitoring.",this will be done to ensure accurate assessment of safe yield and climate change impact data automation it is plann to transition data collection from remote device ii to more laborefficient automat hydrological data collection system using radar gauge and realtime monitor,b672320c06b3bf5d7acf4ace95eb7b5179772dec69c0103473632a7d3c56a98e,,,"[[137,164],[165,225],[230,310],[226,229],[311,388],[389,427]]",Linked candidate's verified PDF-token span,Original Compact Text,Automated hydrological data systems,0.972173,0.952871,0.909984,1.0,0.853333,High,Pass,Pending human review,,2026-08-04T20:56:08+00:00
ANC-JAM-017-MECH-02,JAM-017,DOC-JAM-WC-2026,Explicit Mechanism,Text Span,JAM-024,"PDF p. 9, Section 4",9,9,9,9,Implementation monitoring,"4 Implementation Monitoring The Ministry of Water, Environment and Climate Change will monitor the progress of implementing the Water Compact, largely based on the monitoring and evaluation framework (M&E Framework) that was developed following the promulgation of the 2019 Water Policy. This M&E Framework will be refined to further allow policy learning and mid-course correction.",4 implementation monitor the ministry of water environment and climate change will monitor the progress of implement the water compact largely bas on the monitor and evaluation framework m e framework that was develop follow the promulgation of the 2019 water policy this m e framework will be refin to further allow policy learn and midcourse correction,042c1320d6356fba5b3ceb4dd788cec11f0df87df4285dc7126e94559d8c81e3,,,"[[756,757],[758,783],[784,866],[867,955],[956,1043],[1044,1138]]",Linked candidate's verified PDF-token span,Original Compact Text,Refine Water Policy M&E Framework,0.803088,0.820809,1.0,0.696078,0.793651,High,Pass,Pending human review,,2026-08-04T20:56:08+00:00
ANC-JAM-017-MECH-03,JAM-017,DOC-JAM-WC-2026,Explicit Mechanism,Text Span,JAM-027,"PDF p. 10, Section 4",10,10,10,10,Implementation monitoring,"It is planned to enhance data integration among key Ministries, Department and Agencies such as MWECC, MSETT, MoFP, NWC, RWSL, WRA, NEPA.",it is plann to enhance data integration among key ministry department and agency such as mwecc msett mofp nwc rwsl wra nepa,effebdbd8071870ecfaf0d18fad7730af20bdf6796da641896d5045c6d8eb788,,,"[[0,92],[93,137]]",Linked candidate's verified PDF-token span,Original Compact Text,Enhance inter-agency data integration,0.806445,0.820312,1.0,0.695364,0.761905,High,Pass,Pending human review,,2026-08-04T20:56:08+00:00
ANC-JAM-028-ASP,JAM-028,DOC-JAM-WC-2026,Aspiration,Text Span,JAM-028,"PDF p. 10, Section 5",10,10,10,10,Government commitment,"We will foster an environment of stakeholder participation, ensuring that women, youth, and vulnerable groups have a voice in water management.",we will foster an environment of stakeholder participation ensur that women youth and vulnerable group have a voice in water management,907a1bb9ea874cac464769bb00d5a19e06690be6ed91334c9bd9e6088b7700a5,,,"[[350,430],[431,493]]",Reused verified PDF-token span from candidate anchor,Original Compact Text,"Women, youth and vulnerable voices",0.950882,0.948646,0.902309,1.0,0.831169,High,Pass,Pending human review,,2026-08-04T20:56:08+00:00
ANC-JAM-029-ASP,JAM-029,DOC-JAM-WC-2026,Aspiration,Text Span,JAM-029,"PDF p. 2, overall target",2,2,2,2,Reform aspiration,"1 Overall Target Statement As stated in the 2019 Water Policy, GOJ aims to achieve universal access to safe, reliable, and affordable potable water and adequate sanitation by 2030.",1 overall target statement as stat in the 2019 water policy goj aims to achieve universal access to safe reliable and affordable potable water and adequate sanitation by 2030,7ea9e02bfbd6d1d3c5b0c4651abcd7165af670ed62787be659077048b25d52bf,,,"[[1225,1226],[1227,1251],[1252,1347],[1348,1405]]",Reused verified PDF-token span from candidate anchor,Original Compact Text,Universal safe and affordable water,0.903637,0.887064,0.797048,1.0,0.698795,High,Pass,Pending human review,,2026-08-04T20:56:08+00:00
ANC-JAM-030-ASP,JAM-030,DOC-JAM-WC-2026,Aspiration,Table Cell/Row,JAM-030,"PDF p. 5, Section 2.3",5,5,5,5,Target table/narrative,"(a) Reducing NWC’s non-revenue water (NRW) levels from its current 75% of water production to at most 65% by 2030, through proactive and sustained NRW activities. By 2040, the target is to reduce NRW to at most 30% throughout NWC’s operations. This",a reduc nwcs nonrevenue water nrw level from its current 75 of water production to at most 65 by 2030 through proactive and sustain nrw activity by 2040 the target is to reduce nrw to at most 30 throughout nwcs operation this,03468372c6209dbb0e9e4ebdde57dc6f38140b26b20728c4952b6161b496cf7f,,,"[[125,204],[205,290],[291,373]]",Reused verified PDF-token span from candidate anchor,Verified PDF locator hint,"Reducing NWC’s non-revenue water (NRW) levels from its current 75% of water production to at most 65% by 2030, through proactive and sustained NRW activities. By 2040, the target is to reduce NRW to at most 30% throughout NWC’s operations.",0.999,1.0,1.0,1.0,0.984199,High,Pass,Pending human review,,2026-08-04T20:56:08+00:00
ANC-JAM-031-ASP,JAM-031,DOC-JAM-WC-2026,Aspiration,Table Cell/Row,JAM-031,"PDF p. 5, Section 2.3",5,5,5,5,Target table/narrative,"(b) Improving energy efficiency and installing renewable energy systems, to contribute to the alignment of the water sector with the targets agreed for Nationally Appropriate Mitigation Actions for this sector (Water Sector NAMAs), which are the following:",b improv energy efficiency and install renewable energy system to contribute to the alignment of the water sector with the target agre for nationally appropriate mitigation action for this sector water sector nama which are the follow,fdaa3c7a01cd82816e5b53b5a2b1b1a850f04dcd38eccca2e2f8ce2552b5ac23,,,"[[529,622],[623,703],[704,785]]",Reused verified PDF-token span from candidate anchor,Verified PDF locator hint,"Improving energy efficiency and installing renewable energy systems, to contribute to the alignment of the water sector with the targets agreed for Nationally Appropriate Mitigation Actions for this sector (Water Sector NAMAs), which are the following:",0.999,1.0,1.0,1.0,0.995708,High,Pass,Pending human review,,2026-08-04T20:56:08+00:00
ANC-JAM-032-ASP,JAM-032,DOC-JAM-WC-2026,Aspiration,Table Cell/Row,JAM-032,"PDF p. 5, Section 2.3",5,5,5,5,Target table/narrative,(c) Expanding sewerage coverage to increase persons connected to the sewer connection,c expand sewerage coverage to increase person connect to the sewer connection,a689141049ab6530b7a4a547b9a8c29de49b8de6c02168938f3c39b547427ed0,1024,1109,"[[1024,1109]]",Reused verified PDF-token span from candidate anchor,Original Compact Text,Expand sewerage coverage,0.999,0.753363,0.604317,1.0,0.475248,High,Pass,Pending human review,,2026-08-04T20:56:08+00:00
ANC-JAM-039-ASP,JAM-039,DOC-JAM-WC-2026,Aspiration,Text Span,JAM-039,"PDF p. 10, Section 5",10,10,10,10,Government commitment,"youth, and vulnerable groups have a voice in water management. We commit to transparency and accountability in the execution of the Implementation Plan and the sustainable management",youth and vulnerable group have a voice in water management we commit to transparency and accountability in the execution of the implementation plan and the sustainable management,2c05b60b41ad3f419e960e7316d420838ba9091327575653a7e4659674cff7b5,,,"[[431,519],[520,613]]",Reused verified PDF-token span from candidate anchor,Original Compact Text,Transparency and accountability,0.99,0.578984,0.407444,1.0,0.295238,High,Pass,Pending human review,,2026-08-04T20:56:08+00:00
ANC-SLE-002-ASP,SLE-002,DOC-SLE-WC-2026,Aspiration,Table Cell/Row,SLE-002,"PDF p. 9, Table 1",9,9,9,9,Target table,"Protect and legally enforce 3,500 ha of priority buffer zones, focusing on Western Area Peninsula National Park",protect and legally enforce 3 500 ha of priority buffer zone focus on western area peninsula national park,182383d3c1a6439b820fc7d59c49e5fdd84779e0e92ac41adf08607f4e6d3d13,,,"[[1866,1921],[1946,2001]]",Reused verified PDF-token span from candidate anchor,Verified PDF locator hint,"Protect and legally enforce 3,500 ha of priority buffer zones, focusing on Western Area Peninsula National Park",0.924551,0.915869,0.961885,0.874055,0.995261,High,Pass,Pending human review,,2026-08-04T20:56:08+00:00
ANC-SLE-002-MECH-01,SLE-002,DOC-SLE-WC-2026,Explicit Mechanism,Text Span,SLE-026,"PDF p. 16, Appendix 1",16,16,16,16,Programmatic outlook,(iii) Facilitate and formulate L.I. on buffer zone policy,iii facilitate and formulate l i on buffer zone policy,8dd0eb4260846bfb069f43a328e13e892935dea72ebfe27dde6e745f418cc423,475,532,"[[475,532]]",Linked candidate's verified PDF-token span,Verified PDF locator hint,Facilitate and formulate L.I. on buffer zone policy,0.999,0.961131,0.92517,1.0,0.951456,High,Pass,Pending human review,,2026-08-04T20:56:08+00:00
ANC-SLE-008-ASP,SLE-008,DOC-SLE-WC-2026,Aspiration,Text Span,SLE-008,"PDF p. 10, Priority Action 2",10,10,10,10,Narrative priority action,"The strategy will also promote diversified funding sources through increased fiscal transfers, improved revenue generation by service providers, and public-private partnerships.",the strategy will also promote diversifi fund source through increas fiscal transfer improv revenue generation by service provider and publicprivate partnership,dce82567c505c3a0cdf3f342fe76fc4f0615a00d960112f8cbe31b30eaf6af85,,,"[[2343,2437],[2438,2520]]",Reused verified PDF-token span from candidate anchor,Original Compact Text,Diversify WASH funding sources,0.635316,0.587156,0.802867,0.46281,0.851064,Medium,Pass,Pending human review,,2026-08-04T20:56:08+00:00
ANC-SLE-008-MECH-01,SLE-008,DOC-SLE-WC-2026,Explicit Mechanism,Text Span,SLE-039,"PDF p. 17, Appendix 1",17,17,17,17,Programmatic outlook,(ii) Advocate and acquire a dedicated budget disbursement line for WASH at the sub-national level,ii advocate and acquire a dedicat budget disbursement line for wash at the subnational level,0633031e1a57b9d590b581a873a3fbb0d4d1bf4e82a2f666b78c1283df98be9b,,,"[[874,940],[1006,1036]]",Linked candidate's verified PDF-token span,Original Compact Text,Dedicated subnational WASH budget line,0.796824,0.854111,0.74537,1.0,0.34375,High,Pass,Pending human review,,2026-08-04T20:56:08+00:00
ANC-SLE-008-MECH-02,SLE-008,DOC-SLE-WC-2026,Explicit Mechanism,Text Span,SLE-042,"PDF p. 17, Appendix 1",17,17,17,17,Programmatic outlook,acquire a dedicated budget disbursement line for 0.10 0.10 0.00 0.05 0.05 0.00 0.00 0.00 policies and legislation WASH at the sub-national level (iii) Finalize the update of the National Water Sector Policy 0.20 0.20 0.00 0.10 0.10 0.00 0.00 0.00 (iv) Improve and enhance the enforcement of the Water sector legislation 0.04 0.04 0.00 0.00 0.00 0.00 0.00 0.040 and standards Finance (1) Periodic review of (i) Carry out quarterly review of water tariffs,acquire a dedicat budget disbursement line for 0 10 0 10 0 00 0 05 0 05 0 00 0 00 0 00 policy and legislation wash at the subnational level iii finalize the update of the national water sector policy 0 20 0 20 0 00 0 10 0 10 0 00 0 00 0 00 iv improve and enhance the enforcement of the water sector legislation 0 04 0 04 0 00 0 00 0 00 0 00 0 00 0 040 and standard finance 1 periodic review of i carry out quarterly review of water tariff,eecb65be0783cbcfe1062806f27ca43f336086bb024efc247b5d06c16d97d80e,,,"[[892,940],[941,945],[946,950],[951,955],[956,960],[961,965],[966,970],[971,975],[976,980],[981,1005],[1006,1036],[1037,1098],[1099,1103],[1104,1108],[1109,1113],[1114,1118],[1119,1123],[1124,1128],[1129,1133],[1134,1138],[1139,1211],[1212,1216],[1217,1221],[1222,1226],[1227,1231],[1232,1236],[1237,1241],[1242,1246],[1247,1252],[1253,1266],[1267,1274],[1275,1297],[1298,1345]]",Linked candidate's verified PDF-token span,Original Compact Text,Quarterly automatic tariff review,0.782987,0.836066,1.0,0.71831,0.615385,High,Pass,Pending human review,,2026-08-04T20:56:08+00:00
ANC-SLE-008-MECH-03,SLE-008,DOC-SLE-WC-2026,Explicit Mechanism,Text Span,SLE-043,"PDF p. 17, Appendix 1",17,17,17,17,Programmatic outlook,"(ii) Implement a framework on private sector participation in the water sector, including financing (BOO, BOT, etc.)",ii implement a framework on private sector participation in the water sector includ financ boo bot etc,824a3f7628da1696e5d3bcce4de71db9c1cc0a57ab9dcac12f915a0132109334,,,"[[1558,1629],[1655,1699]]",Linked candidate's verified PDF-token span,Verified PDF locator hint,"Implement a framework on private sector participation in the water sector, including financing",0.999,0.901138,0.820065,1.0,0.920635,High,Pass,Pending human review,,2026-08-04T20:56:08+00:00
ANC-SLE-008-MECH-04,SLE-008,DOC-SLE-WC-2026,Explicit Mechanism,Text Span,SLE-044,"PDF p. 17, Appendix 1",17,17,17,17,Programmatic outlook,(iii) Appraisal and adoption of a financing mechanism for capital maintenance,iii appraisal and adoption of a financ mechanism for capital maintenance,26cec172e13555273b5ccd6fd561355ec33045d7462584f38bf3a8421e72cdb5,,,"[[1812,1877],[1900,1911]]",Linked candidate's verified PDF-token span,Verified PDF locator hint,Appraisal and adoption of a financing mechanism for capital maintenance,0.999,0.970729,0.943123,1.0,0.971429,High,Pass,Pending human review,,2026-08-04T20:56:08+00:00
ANC-SLE-009-ASP,SLE-009,DOC-SLE-WC-2026,Aspiration,Text Span,SLE-009,"PDF p. 11, Priority Action 3",11,11,11,11,Narrative priority action,construction of fecal sludge treatment facilities. The plan encourages market-based sanitation approaches,construction of fecal sludge treatment facility the plan encourage marketbas sanitation approache,d4f1d07696aa9ac0d3068b9a5443c973ac4d1eaf889f5d28782d3ec008fa1079,268,373,"[[268,373]]",Reused verified PDF-token span from candidate anchor,Original Compact Text,Market-based sanitation approaches,0.999,0.718773,0.561003,1.0,0.472441,High,Pass,Pending human review,,2026-08-04T20:56:08+00:00
ANC-SLE-010-ASP,SLE-010,DOC-SLE-WC-2026,Aspiration,Text Span,SLE-010,"PDF p. 11, Priority Action 4",11,11,11,11,Narrative priority action,There is a need for a climate-aware water resource monitoring system to enhance forecasting and adaptation strategies.,there is a need for a climateaware water resource monitor system to enhance forecast and adaptation strategy,b3505f20061d44d263e3a7da7e5243e1d549a93eb71b04e662213ba0a9945654,,,"[[948,998],[999,1066]]",Reused verified PDF-token span from candidate anchor,Original Compact Text,Climate-aware water monitoring system,0.970981,0.943123,0.892368,1.0,0.88,High,Pass,Pending human review,,2026-08-04T20:56:08+00:00
ANC-SLE-010-MECH-01,SLE-010,DOC-SLE-WC-2026,Explicit Mechanism,Text Span,SLE-023,"PDF pp. 15–16, Appendix 1",15,16,15,15,Programmatic outlook,WRM (ii) Provide capacity building support to NWRMA and EPA to monitor and 0.60 0.60 0.00 0.30 0.30 0.00 0.00 0.00 enforce permit conditions on raw water (iii) Establishment of a Dam Safety Unit 2.20 2.20 0.00 2.00 0.20 0.00 0.00 0.00 (iv) Develop guidelines and regulations for dam safety (including 0.20 0.20 0.00 0.00 0.00 0.20 0.00 0.00 operating rules for floods and evacuation plans) (v) An effective water resource assessment and monitoring system,wrm ii provide capacity build support to nwrma and epa to monitor and 0 60 0 60 0 00 0 30 0 30 0 00 0 00 0 00 enforce permit condition on raw water iii establishment of a dam safety unit 2 20 2 20 0 00 2 00 0 20 0 00 0 00 0 00 iv develop guideline and regulation for dam safety includ 0 20 0 20 0 00 0 00 0 00 0 20 0 00 0 00 operat rule for flood and evacuation plan v an effective water resource assessment and monitor system,6a9c30c682b665a971a5ce3ca9d5bd4fd7cca113075225d3390891e96a1bc5d7,,,"[[2574,2577],[2578,2648],[2688,2692],[2693,2697],[2698,2702],[2703,2707],[2708,2712],[2713,2717],[2718,2722],[2723,2727],[2649,2687],[2728,2768],[2769,2773],[2774,2778],[2779,2783],[2784,2788],[2789,2793],[2794,2798],[2799,2803],[2804,2808],[2809,2874],[2924,2928],[2929,2933],[2934,2938],[2939,2943],[2944,2948],[2949,2953],[2954,2958],[2959,2963],[2875,2923],[2964,3028]]",Linked candidate's verified PDF-token span,Original Compact Text,Water-resource assessment and monitoring system,0.80094,0.766637,0.887064,0.675,0.938272,High,Pass,Pending human review,,2026-08-04T20:56:08+00:00
ANC-SLE-020-ASP,SLE-020,DOC-SLE-WC-2026,Aspiration,Text Span,SLE-020,"PDF p. 15, Appendix 1",15,15,15,15,Programmatic outlook,(ii) Provide capacity building support to NWRMA and EPA to monitor and enforce permit conditions on raw water,ii provide capacity build support to nwrma and epa to monitor and enforce permit condition on raw water,bcf70087974d9464ecfafc28f8e91a3717fd72c921a217fc0a551488b2a638c0,,,"[[2578,2648],[2649,2687]]",Reused verified PDF-token span from candidate anchor,Verified PDF locator hint,Provide capacity building support to NWRMA and EPA to monitor and enforce permit conditions on raw water,0.999,1.0,1.0,1.0,0.985222,High,Pass,Pending human review,,2026-08-04T20:56:08+00:00
ANC-SLE-020-MECH-01,SLE-020,DOC-SLE-WC-2026,Explicit Mechanism,Text Span,SLE-019,"PDF p. 15, Appendix 1",15,15,15,15,Programmatic outlook,(i) Assess and review existing water use and groundwater drilling regulations,i assess and review exist water use and groundwater drill regulation,936d0bfa49726e859cb1b1d3b614ad3135176363dcdf41e5ad79f357fabc864f,,,"[[2403,2468],[2507,2518]]",Linked candidate's verified PDF-token span,Original Compact Text,Review water-use and drilling regulations,0.683627,0.689189,0.649682,0.733813,0.692308,Medium,Pass,Pending human review,,2026-08-04T20:56:08+00:00
ANC-SLE-037-ASP,SLE-037,DOC-SLE-WC-2026,Aspiration,Text Span,SLE-037,"PDF p. 17, Appendix 1",17,17,17,17,Programmatic outlook,(v) Address overlapping regulatory functions that blur clarity in,v address overlapp regulatory function that blur clarity in,14c39cd3a939be402bc233659dedcfc4389df7e015f22f0b39e90c3b2450f01c,560,625,"[[560,625]]",Reused verified PDF-token span from candidate anchor,Original Compact Text,Address overlapping regulatory functions,0.999,0.91654,0.845938,1.0,0.757895,High,Pass,Pending human review,,2026-08-04T20:56:08+00:00
ANC-SLE-041-ASP,SLE-041,DOC-SLE-WC-2026,Aspiration,Text Span,SLE-041,"PDF p. 17, Appendix 1",17,17,17,17,Programmatic outlook,(iv) Improve and enhance the enforcement of the Water sector legislation and standards,iv improve and enhance the enforcement of the water sector legislation and standard,c7effc2a7aeef6dffb04b935d7bcb5671011f2ec6b7fb980804c26f54bb63a9b,,,"[[1139,1211],[1253,1266]]",Reused verified PDF-token span from candidate anchor,Original Compact Text,Enhance legislation and standards enforcement,0.91348,1.0,1.0,1.0,0.503937,High,Pass,Pending human review,,2026-08-04T20:56:08+00:00
ANC-SLE-052-ASP,SLE-052,DOC-SLE-WC-2026,Aspiration,Text Span,SLE-052,"PDF p. 8, goals",8,8,8,8,Reform aspiration,Institutional strengthening and capacity building for all water sector institutions.,institutional strengthen and capacity build for all water sector institution,2a3e54856c3c5dc76ef426899455bb9a3457ce5a1eb73d082718c72f0d69dbd4,2427,2511,"[[2427,2511]]",Reused verified PDF-token span from candidate anchor,Original Compact Text,Strengthen all sector institutions,0.99041,1.0,1.0,1.0,0.721311,High,Pass,Pending human review,,2026-08-04T20:56:08+00:00
ANC-SLE-052-MECH-01,SLE-052,DOC-SLE-WC-2026,Explicit Mechanism,Text Span,SLE-032,"PDF p. 16, Appendix 1",16,16,16,16,Programmatic outlook,(i) Operationalization of the transfer of the WASH mandate from the MoH to the MWRS,i operationalization of the transfer of the wash mandate from the moh to the mwrs,56722195f7643d9a9d55a33b6352f1b81e398148428fd427af6a2a2834948a57,,,"[[3359,3426],[3494,3509]]",Linked candidate's verified PDF-token span,Original Compact Text,Transfer WASH mandate to MWRS,0.850222,0.897959,0.814815,1.0,0.527273,High,Pass,Pending human review,,2026-08-04T20:56:08+00:00
ANC-SLE-052-MECH-02,SLE-052,DOC-SLE-WC-2026,Explicit Mechanism,Text Span,SLE-035,"PDF p. 17, Appendix 1",17,17,17,17,Programmatic outlook,0.10 0.10 0.00 0.05 0.05 0.00 0.00 0.00 (iv) Ensure a functioning inter-ministerial platform for water sector 0.10 0.10 0.00 0.020 0.020 0.020 0.020 0.020 planning and development.,0 10 0 10 0 00 0 05 0 05 0 00 0 00 0 00 iv ensure a function interministerial platform for water sector 0 10 0 10 0 00 0 020 0 020 0 020 0 020 0 020 plann and development,fa3d2f84de933dc9bf461bd56638cd4ccb88f0091b978f5670eb2fb36cb263af,,,"[[280,284],[285,289],[290,294],[295,299],[300,304],[305,309],[310,314],[315,319],[320,389],[390,394],[395,399],[400,404],[405,410],[411,416],[417,422],[423,428],[429,434],[435,460]]",Linked candidate's verified PDF-token span,Original Compact Text,Inter-ministerial water platform,0.999,1.0,1.0,1.0,0.892857,High,Pass,Pending human review,,2026-08-04T20:56:08+00:00
ANC-SLE-052-MECH-03,SLE-052,DOC-SLE-WC-2026,Explicit Mechanism,Text Span,SLE-046,"PDF pp. 17–18, Appendix 1",17,18,18,18,Programmatic outlook,"0.30 0.30 0.00 0.10 0.10 0.10 0.00 0.00 (iv) Monitor the implementation of the activities outlined in the 0.50 0.50 0.00 0.10 0.10 0.10 0.10 0.10 NWASHSDP to inform policy (v)Design and implementation of framework for collaborating with 0.10 0.10 0.00 0.02 0.02 0,02 0.02 0.00 MLGCA in WASH delivery (vi)Rolling out an M&E system for all local councils 1.30 1.30 0.00 0.50 0.20 0.20 0.20 0.20 Gender, Equity (3) empower both sexes (i) Carry",0 30 0 30 0 00 0 10 0 10 0 10 0 00 0 00 iv monitor the implementation of the activity outlin in the 0 50 0 50 0 00 0 10 0 10 0 10 0 10 0 10 nwashsdp to inform policy v design and implementation of framework for collaborat with 0 10 0 10 0 00 0 02 0 02 0 02 0 02 0 00 mlgca in wash delivery vi roll out an m e system for all local council 1 30 1 30 0 00 0 50 0 20 0 20 0 20 0 20 gender equity 3 empower both sexe i carry,727861730dcac496150fb609aa7c320ad0c0ec555fbc63235a806bbb79b09556,,,"[[276,280],[281,285],[286,290],[291,295],[296,300],[301,305],[306,310],[311,315],[316,381],[408,412],[413,417],[418,422],[423,427],[428,432],[433,437],[438,442],[443,447],[382,407],[448,512],[536,540],[541,545],[546,550],[551,555],[556,560],[561,565],[566,570],[571,575],[513,535],[576,628],[629,633],[634,638],[639,643],[644,648],[649,653],[654,658],[659,663],[664,668],[669,683],[684,706],[707,716]]",Linked candidate's verified PDF-token span,Tier 2 Label,National sector M&E system,0.730186,1.0,1.0,1.0,0.52381,Medium,Pass,Pending human review,,2026-08-04T20:56:08+00:00
ANC-SLE-053-ASP,SLE-053,DOC-SLE-WC-2026,Aspiration,Text Span,SLE-053,"PDF p. 8, goals",8,8,8,8,Reform aspiration,"Improving water, sanitation, and hygiene sector financing.",improv water sanitation and hygiene sector financ,2e48f30b727bfc715b4798cc114d444695bd39321342503c20858d8ef5a59dd8,2515,2573,"[[2515,2573]]",Reused verified PDF-token span from candidate anchor,Original Compact Text,Improve WASH sector financing,0.681136,0.712644,1.0,0.553571,0.666667,Medium,Pass,Pending human review,,2026-08-04T20:56:08+00:00
ANC-SLE-053-MECH-01,SLE-053,DOC-SLE-WC-2026,Explicit Mechanism,Text Span,SLE-039,"PDF p. 17, Appendix 1",17,17,17,17,Programmatic outlook,(ii) Advocate and acquire a dedicated budget disbursement line for WASH at the sub-national level,ii advocate and acquire a dedicat budget disbursement line for wash at the subnational level,0633031e1a57b9d590b581a873a3fbb0d4d1bf4e82a2f666b78c1283df98be9b,,,"[[874,940],[1006,1036]]",Linked candidate's verified PDF-token span,Original Compact Text,Dedicated subnational WASH budget line,0.796824,0.854111,0.74537,1.0,0.34375,High,Pass,Pending human review,,2026-08-04T20:56:08+00:00
ANC-SLE-053-MECH-02,SLE-053,DOC-SLE-WC-2026,Explicit Mechanism,Text Span,SLE-042,"PDF p. 17, Appendix 1",17,17,17,17,Programmatic outlook,acquire a dedicated budget disbursement line for 0.10 0.10 0.00 0.05 0.05 0.00 0.00 0.00 policies and legislation WASH at the sub-national level (iii) Finalize the update of the National Water Sector Policy 0.20 0.20 0.00 0.10 0.10 0.00 0.00 0.00 (iv) Improve and enhance the enforcement of the Water sector legislation 0.04 0.04 0.00 0.00 0.00 0.00 0.00 0.040 and standards Finance (1) Periodic review of (i) Carry out quarterly review of water tariffs,acquire a dedicat budget disbursement line for 0 10 0 10 0 00 0 05 0 05 0 00 0 00 0 00 policy and legislation wash at the subnational level iii finalize the update of the national water sector policy 0 20 0 20 0 00 0 10 0 10 0 00 0 00 0 00 iv improve and enhance the enforcement of the water sector legislation 0 04 0 04 0 00 0 00 0 00 0 00 0 00 0 040 and standard finance 1 periodic review of i carry out quarterly review of water tariff,eecb65be0783cbcfe1062806f27ca43f336086bb024efc247b5d06c16d97d80e,,,"[[892,940],[941,945],[946,950],[951,955],[956,960],[961,965],[966,970],[971,975],[976,980],[981,1005],[1006,1036],[1037,1098],[1099,1103],[1104,1108],[1109,1113],[1114,1118],[1119,1123],[1124,1128],[1129,1133],[1134,1138],[1139,1211],[1212,1216],[1217,1221],[1222,1226],[1227,1231],[1232,1236],[1237,1241],[1242,1246],[1247,1252],[1253,1266],[1267,1274],[1275,1297],[1298,1345]]",Linked candidate's verified PDF-token span,Original Compact Text,Quarterly automatic tariff review,0.782987,0.836066,1.0,0.71831,0.615385,High,Pass,Pending human review,,2026-08-04T20:56:08+00:00
ANC-SLE-053-MECH-03,SLE-053,DOC-SLE-WC-2026,Explicit Mechanism,Text Span,SLE-043,"PDF p. 17, Appendix 1",17,17,17,17,Programmatic outlook,"(ii) Implement a framework on private sector participation in the water sector, including financing (BOO, BOT, etc.)",ii implement a framework on private sector participation in the water sector includ financ boo bot etc,824a3f7628da1696e5d3bcce4de71db9c1cc0a57ab9dcac12f915a0132109334,,,"[[1558,1629],[1655,1699]]",Linked candidate's verified PDF-token span,Verified PDF locator hint,"Implement a framework on private sector participation in the water sector, including financing",0.999,0.901138,0.820065,1.0,0.920635,High,Pass,Pending human review,,2026-08-04T20:56:08+00:00
ANC-SLE-053-MECH-04,SLE-053,DOC-SLE-WC-2026,Explicit Mechanism,Text Span,SLE-044,"PDF p. 17, Appendix 1",17,17,17,17,Programmatic outlook,(iii) Appraisal and adoption of a financing mechanism for capital maintenance,iii appraisal and adoption of a financ mechanism for capital maintenance,26cec172e13555273b5ccd6fd561355ec33045d7462584f38bf3a8421e72cdb5,,,"[[1812,1877],[1900,1911]]",Linked candidate's verified PDF-token span,Verified PDF locator hint,Appraisal and adoption of a financing mechanism for capital maintenance,0.999,0.970729,0.943123,1.0,0.971429,High,Pass,Pending human review,,2026-08-04T20:56:08+00:00
ANC-SLE-054-ASP,SLE-054,DOC-SLE-WC-2026,Aspiration,Text Span,SLE-054,"PDF p. 10, Priority Action 1",10,10,10,10,Reform aspiration,"This priority will improve service delivery performance, customer engagement, and promote cost- recovery.",this priority will improve service delivery performance customer engagement and promote cost recovery,45b8d5f90b6119104b1a3d0d6abf5fbb56126acaefadb134bfb7692d555e4a49,,,"[[1762,1857],[1858,1867]]",Reused verified PDF-token span from candidate anchor,Original Compact Text,Improve customer engagement and cost recovery,0.980695,0.95382,0.911717,1.0,0.822222,High,Pass,Pending human review,,2026-08-04T20:56:08+00:00
ANC-SLE-054-MECH-01,SLE-054,DOC-SLE-WC-2026,Explicit Mechanism,Text Span,SLE-042,"PDF p. 17, Appendix 1",17,17,17,17,Programmatic outlook,acquire a dedicated budget disbursement line for 0.10 0.10 0.00 0.05 0.05 0.00 0.00 0.00 policies and legislation WASH at the sub-national level (iii) Finalize the update of the National Water Sector Policy 0.20 0.20 0.00 0.10 0.10 0.00 0.00 0.00 (iv) Improve and enhance the enforcement of the Water sector legislation 0.04 0.04 0.00 0.00 0.00 0.00 0.00 0.040 and standards Finance (1) Periodic review of (i) Carry out quarterly review of water tariffs,acquire a dedicat budget disbursement line for 0 10 0 10 0 00 0 05 0 05 0 00 0 00 0 00 policy and legislation wash at the subnational level iii finalize the update of the national water sector policy 0 20 0 20 0 00 0 10 0 10 0 00 0 00 0 00 iv improve and enhance the enforcement of the water sector legislation 0 04 0 04 0 00 0 00 0 00 0 00 0 00 0 040 and standard finance 1 periodic review of i carry out quarterly review of water tariff,eecb65be0783cbcfe1062806f27ca43f336086bb024efc247b5d06c16d97d80e,,,"[[892,940],[941,945],[946,950],[951,955],[956,960],[961,965],[966,970],[971,975],[976,980],[981,1005],[1006,1036],[1037,1098],[1099,1103],[1104,1108],[1109,1113],[1114,1118],[1119,1123],[1124,1128],[1129,1133],[1134,1138],[1139,1211],[1212,1216],[1217,1221],[1222,1226],[1227,1231],[1232,1236],[1237,1241],[1242,1246],[1247,1252],[1253,1266],[1267,1274],[1275,1297],[1298,1345]]",Linked candidate's verified PDF-token span,Original Compact Text,Quarterly automatic tariff review,0.782987,0.836066,1.0,0.71831,0.615385,High,Pass,Pending human review,,2026-08-04T20:56:08+00:00
ANC-SLE-055-ASP,SLE-055,DOC-SLE-WC-2026,Aspiration,Text Span,SLE-055,"PDF p. 11, Priority Action 3",11,11,11,11,Reform aspiration,Priority Action 3: Invest in Inclusive Sanitation and Hygiene Services with a Gender-responsive,priority action 3 invest in inclusive sanitation and hygiene service with a genderresponsive,1ce4684f46b731ff5bf804fa2dd234dc3382524781ca35efafd445ede758ce96,0,95,"[[0,95]]",Reused verified PDF-token span from candidate anchor,Original Compact Text,Gender-responsive inclusive sanitation,0.744319,0.777328,0.635762,1.0,0.387597,Medium,Pass,Pending human review,,2026-08-04T20:56:08+00:00
ANC-SLE-056-ASP,SLE-056,DOC-SLE-WC-2026,Aspiration,Table Cell/Row,SLE-056,"PDF p. 9, Table 1",9,9,9,9,Target table,Achieve 90% access to at least basic water services,achieve 90 access to at least basic water service,d09fefba583d1543e8715c79d7e753f107dc00c4e08154096cc805480a444097,1437,1488,"[[1437,1488]]",Reused verified PDF-token span from candidate anchor,Original Compact Text,90% basic water access,0.801497,0.802867,0.670659,1.0,0.485714,High,Pass,Pending human review,,2026-08-04T20:56:08+00:00
ANC-SLE-057-ASP,SLE-057,DOC-SLE-WC-2026,Aspiration,Table Cell/Row,SLE-057,"PDF p. 9, Table 1",9,9,9,9,Target table,Sanitation access,sanitation access,08f564f0a154dff457abf8a8497f8d39fba02545c5336bc68ba0ae891abb174c,1538,1555,"[[1538,1555]]",Reused verified PDF-token span from candidate anchor,Original Compact Text,76% sanitation access,0.843599,0.855491,1.0,0.747475,0.918919,High,Pass,Pending human review,,2026-08-04T20:56:08+00:00
ANC-SLE-058-ASP,SLE-058,DOC-SLE-WC-2026,Aspiration,Table Cell/Row,SLE-058,"PDF pp. 9–10, Table 1",9,10,9,9,Target table,Provide at least basic water services to 60% of schools,provide at least basic water service to 60 of school,015facf08b839b28e55dbd7d9d4da3c784f0b2fdea33bcf2e077af297650a045,2471,2526,"[[2471,2526]]",Reused verified PDF-token span from candidate anchor,Verified PDF locator hint,Provide at least basic water services to 60% of schools,0.999,1.0,1.0,1.0,1.0,High,Pass,Pending human review,,2026-08-04T20:56:08+00:00
ANC-SLE-059-ASP,SLE-059,DOC-SLE-WC-2026,Aspiration,Table Cell/Row,SLE-059,"PDF p. 9, Table 1",9,9,9,9,Target table,River basin restoration,river basin restoration,259a116747614214a0f600a667557d8d68bd5e0296c4b9fd62b2c73296c70d79,,,"[[2008,2019],[2102,2113]]",Reused verified PDF-token span from candidate anchor,Tier 2 Label,Basin restoration,0.78925,0.914992,0.843305,1.0,0.85,High,Pass,Pending human review,,2026-08-04T20:56:08+00:00
